-- Adminer 4.7.3 MySQL dump

SET NAMES utf8;
SET time_zone = '+00:00';
SET foreign_key_checks = 0;
SET sql_mode = 'NO_AUTO_VALUE_ON_ZERO';

SET NAMES utf8mb4;

DROP TABLE IF EXISTS `activities`;
CREATE TABLE `activities` (
  `id` bigint(20) unsigned NOT NULL AUTO_INCREMENT,
  `name` varchar(255) COLLATE utf8mb4_unicode_ci NOT NULL,
  `status` tinyint(1) NOT NULL DEFAULT 1,
  `created_at` timestamp NULL DEFAULT NULL,
  `updated_at` timestamp NULL DEFAULT NULL,
  PRIMARY KEY (`id`)
) ENGINE=InnoDB DEFAULT CHARSET=utf8mb4 COLLATE=utf8mb4_unicode_ci;

INSERT INTO `activities` (`id`, `name`, `status`, `created_at`, `updated_at`) VALUES
(1,	'Detect',	0,	'2021-03-29 07:14:36',	'2021-06-08 15:42:06'),
(2,	'Surface',	1,	'2021-03-29 07:14:36',	'2021-03-29 07:14:36'),
(3,	'Below Ground',	1,	'2021-03-29 07:14:36',	'2021-03-29 07:14:36'),
(4,	'Plunge',	1,	'2021-03-29 07:14:36',	'2021-03-29 07:14:36'),
(5,	'Remove/Replace',	1,	'2021-03-29 07:14:36',	'2021-03-29 07:14:36'),
(6,	'Wire',	1,	'2021-03-29 07:14:36',	'2021-03-29 07:14:36'),
(7,	'Pressure Release Valves',	1,	'2021-03-29 07:14:36',	'2021-03-29 07:14:36'),
(8,	'S Trap P Trap',	1,	'2021-03-29 07:14:36',	'2021-03-29 07:14:36'),
(9,	'Tighten Water Fittings And Horses\n                    ',	1,	'2021-03-29 07:14:36',	'2021-03-29 07:14:36'),
(10,	'Element',	1,	'2021-03-29 07:14:36',	'2021-04-01 03:32:36'),
(11,	'Container Itself Or Galvanized Pipe',	1,	'2021-03-29 07:14:36',	'2021-03-29 07:14:36'),
(12,	'Element And Electrical',	1,	'2021-03-29 07:14:36',	'2021-03-29 07:14:36'),
(13,	'Earth',	1,	'2021-06-07 10:09:58',	'2021-06-07 10:09:58'),
(14,	'Identify Faulty Appliances',	1,	'2021-06-07 10:12:00',	'2021-06-07 10:12:00'),
(15,	'Investigative',	1,	'2021-06-07 10:12:37',	'2021-06-07 10:12:37'),
(16,	'Consultative',	1,	'2021-06-07 10:12:57',	'2021-06-07 10:12:57'),
(17,	'Advisory',	1,	'2021-06-07 10:13:20',	'2021-06-07 10:13:20'),
(18,	'Design',	1,	'2021-06-07 10:50:33',	'2021-06-07 10:50:33'),
(19,	'Measure',	1,	'2021-06-07 10:50:52',	'2021-06-07 10:50:52'),
(20,	'Cut',	1,	'2021-06-07 10:51:01',	'2021-06-07 10:51:01'),
(21,	'Assemble',	1,	'2021-06-07 10:51:20',	'2021-06-07 10:51:20'),
(22,	'Power Trip',	1,	'2021-06-07 11:23:54',	'2021-06-07 11:23:54'),
(23,	'Defy Source',	1,	'2021-06-07 11:24:15',	'2021-06-07 11:24:15'),
(24,	'Pc Board',	1,	'2021-06-07 11:24:43',	'2021-06-07 11:24:43'),
(25,	'Motor',	1,	'2021-06-07 11:25:06',	'2021-06-07 11:25:06'),
(26,	'Elements',	1,	'2021-06-07 11:25:25',	'2021-06-07 11:25:25'),
(27,	'Compressor',	1,	'2021-06-07 11:25:43',	'2021-06-07 11:25:43'),
(28,	'test',	0,	'2021-06-07 19:06:05',	'2021-06-07 19:06:11');

DROP TABLE IF EXISTS `activities_question_option`;
CREATE TABLE `activities_question_option` (
  `id` bigint(20) unsigned NOT NULL AUTO_INCREMENT,
  `activity_id` int(10) unsigned NOT NULL,
  `q_o_id` int(10) unsigned NOT NULL,
  `created_at` timestamp NULL DEFAULT NULL,
  `updated_at` timestamp NULL DEFAULT NULL,
  PRIMARY KEY (`id`)
) ENGINE=InnoDB DEFAULT CHARSET=utf8mb4 COLLATE=utf8mb4_unicode_ci;

INSERT INTO `activities_question_option` (`id`, `activity_id`, `q_o_id`, `created_at`, `updated_at`) VALUES
(28,	1,	4,	'2021-06-04 13:53:54',	'2021-06-04 13:53:54'),
(29,	6,	4,	'2021-06-04 13:53:54',	'2021-06-04 13:53:54'),
(30,	9,	4,	'2021-06-04 13:53:54',	'2021-06-04 13:53:54'),
(144,	2,	1,	'2021-06-04 17:23:48',	'2021-06-04 17:23:48'),
(145,	3,	1,	'2021-06-04 17:23:48',	'2021-06-04 17:23:48'),
(146,	4,	1,	'2021-06-04 17:23:48',	'2021-06-04 17:23:48'),
(147,	5,	1,	'2021-06-04 17:23:48',	'2021-06-04 17:23:48'),
(148,	7,	1,	'2021-06-04 17:23:48',	'2021-06-04 17:23:48'),
(149,	8,	1,	'2021-06-04 17:23:48',	'2021-06-04 17:23:48'),
(150,	9,	1,	'2021-06-04 17:23:48',	'2021-06-04 17:23:48'),
(151,	11,	1,	'2021-06-04 17:23:48',	'2021-06-04 17:23:48'),
(152,	12,	1,	'2021-06-04 17:23:48',	'2021-06-04 17:23:48'),
(194,	13,	8,	'2021-06-07 10:24:53',	'2021-06-07 10:24:53'),
(195,	14,	8,	'2021-06-07 10:24:53',	'2021-06-07 10:24:53'),
(196,	13,	7,	'2021-06-07 10:25:04',	'2021-06-07 10:25:04'),
(197,	14,	7,	'2021-06-07 10:25:04',	'2021-06-07 10:25:04'),
(198,	13,	9,	'2021-06-07 10:29:07',	'2021-06-07 10:29:07'),
(199,	14,	9,	'2021-06-07 10:29:07',	'2021-06-07 10:29:07'),
(200,	13,	10,	'2021-06-07 10:30:14',	'2021-06-07 10:30:14'),
(201,	14,	10,	'2021-06-07 10:30:14',	'2021-06-07 10:30:14'),
(202,	13,	11,	'2021-06-07 10:33:30',	'2021-06-07 10:33:30'),
(203,	14,	11,	'2021-06-07 10:33:30',	'2021-06-07 10:33:30'),
(204,	13,	12,	'2021-06-07 10:35:32',	'2021-06-07 10:35:32'),
(205,	14,	12,	'2021-06-07 10:35:32',	'2021-06-07 10:35:32'),
(206,	13,	13,	'2021-06-07 10:36:44',	'2021-06-07 10:36:44'),
(207,	14,	13,	'2021-06-07 10:36:44',	'2021-06-07 10:36:44'),
(208,	13,	14,	'2021-06-07 10:40:19',	'2021-06-07 10:40:19'),
(209,	14,	14,	'2021-06-07 10:40:19',	'2021-06-07 10:40:19'),
(210,	13,	15,	'2021-06-07 10:41:36',	'2021-06-07 10:41:36'),
(211,	14,	15,	'2021-06-07 10:41:36',	'2021-06-07 10:41:36'),
(212,	13,	16,	'2021-06-07 10:43:08',	'2021-06-07 10:43:08'),
(213,	14,	16,	'2021-06-07 10:43:08',	'2021-06-07 10:43:08'),
(214,	13,	17,	'2021-06-07 10:44:22',	'2021-06-07 10:44:22'),
(215,	14,	17,	'2021-06-07 10:44:22',	'2021-06-07 10:44:22'),
(216,	13,	18,	'2021-06-07 10:45:43',	'2021-06-07 10:45:43'),
(217,	14,	18,	'2021-06-07 10:45:43',	'2021-06-07 10:45:43'),
(218,	13,	19,	'2021-06-07 10:47:57',	'2021-06-07 10:47:57'),
(219,	14,	19,	'2021-06-07 10:47:57',	'2021-06-07 10:47:57'),
(220,	15,	20,	'2021-06-07 10:49:31',	'2021-06-07 10:49:31'),
(221,	16,	20,	'2021-06-07 10:49:31',	'2021-06-07 10:49:31'),
(222,	17,	20,	'2021-06-07 10:49:31',	'2021-06-07 10:49:31'),
(223,	18,	21,	'2021-06-07 10:53:50',	'2021-06-07 10:53:50'),
(224,	19,	21,	'2021-06-07 10:53:50',	'2021-06-07 10:53:50'),
(225,	20,	21,	'2021-06-07 10:53:50',	'2021-06-07 10:53:50'),
(226,	21,	21,	'2021-06-07 10:53:50',	'2021-06-07 10:53:50'),
(227,	18,	22,	'2021-06-07 10:56:43',	'2021-06-07 10:56:43'),
(228,	19,	22,	'2021-06-07 10:56:43',	'2021-06-07 10:56:43'),
(229,	20,	22,	'2021-06-07 10:56:43',	'2021-06-07 10:56:43'),
(230,	21,	22,	'2021-06-07 10:56:43',	'2021-06-07 10:56:43'),
(231,	18,	23,	'2021-06-07 10:58:42',	'2021-06-07 10:58:42'),
(232,	19,	23,	'2021-06-07 10:58:42',	'2021-06-07 10:58:42'),
(233,	20,	23,	'2021-06-07 10:58:42',	'2021-06-07 10:58:42'),
(234,	21,	23,	'2021-06-07 10:58:42',	'2021-06-07 10:58:42'),
(235,	18,	24,	'2021-06-07 10:59:44',	'2021-06-07 10:59:44'),
(236,	19,	24,	'2021-06-07 10:59:44',	'2021-06-07 10:59:44'),
(237,	20,	24,	'2021-06-07 10:59:44',	'2021-06-07 10:59:44'),
(238,	21,	24,	'2021-06-07 10:59:44',	'2021-06-07 10:59:44'),
(239,	18,	25,	'2021-06-07 11:00:40',	'2021-06-07 11:00:40'),
(240,	19,	25,	'2021-06-07 11:00:40',	'2021-06-07 11:00:40'),
(241,	20,	25,	'2021-06-07 11:00:40',	'2021-06-07 11:00:40'),
(242,	21,	25,	'2021-06-07 11:00:40',	'2021-06-07 11:00:40'),
(243,	18,	26,	'2021-06-07 11:02:35',	'2021-06-07 11:02:35'),
(244,	19,	26,	'2021-06-07 11:02:35',	'2021-06-07 11:02:35'),
(245,	20,	26,	'2021-06-07 11:02:35',	'2021-06-07 11:02:35'),
(246,	21,	26,	'2021-06-07 11:02:35',	'2021-06-07 11:02:35'),
(247,	18,	27,	'2021-06-07 11:05:04',	'2021-06-07 11:05:04'),
(248,	19,	27,	'2021-06-07 11:05:04',	'2021-06-07 11:05:04'),
(249,	20,	27,	'2021-06-07 11:05:04',	'2021-06-07 11:05:04'),
(250,	21,	27,	'2021-06-07 11:05:04',	'2021-06-07 11:05:04'),
(251,	18,	28,	'2021-06-07 11:06:19',	'2021-06-07 11:06:19'),
(252,	19,	28,	'2021-06-07 11:06:19',	'2021-06-07 11:06:19'),
(253,	20,	28,	'2021-06-07 11:06:19',	'2021-06-07 11:06:19'),
(254,	21,	28,	'2021-06-07 11:06:19',	'2021-06-07 11:06:19'),
(255,	18,	29,	'2021-06-07 11:08:36',	'2021-06-07 11:08:36'),
(256,	19,	29,	'2021-06-07 11:08:36',	'2021-06-07 11:08:36'),
(257,	20,	29,	'2021-06-07 11:08:36',	'2021-06-07 11:08:36'),
(258,	21,	29,	'2021-06-07 11:08:36',	'2021-06-07 11:08:36'),
(259,	18,	30,	'2021-06-07 11:09:57',	'2021-06-07 11:09:57'),
(260,	19,	30,	'2021-06-07 11:09:57',	'2021-06-07 11:09:57'),
(261,	20,	30,	'2021-06-07 11:09:57',	'2021-06-07 11:09:57'),
(262,	21,	30,	'2021-06-07 11:09:57',	'2021-06-07 11:09:57'),
(263,	18,	31,	'2021-06-07 11:10:55',	'2021-06-07 11:10:55'),
(264,	19,	31,	'2021-06-07 11:10:55',	'2021-06-07 11:10:55'),
(265,	20,	31,	'2021-06-07 11:10:55',	'2021-06-07 11:10:55'),
(266,	21,	31,	'2021-06-07 11:10:55',	'2021-06-07 11:10:55'),
(267,	18,	32,	'2021-06-07 11:12:00',	'2021-06-07 11:12:00'),
(268,	19,	32,	'2021-06-07 11:12:00',	'2021-06-07 11:12:00'),
(269,	20,	32,	'2021-06-07 11:12:00',	'2021-06-07 11:12:00'),
(270,	21,	32,	'2021-06-07 11:12:00',	'2021-06-07 11:12:00'),
(271,	18,	33,	'2021-06-07 11:13:11',	'2021-06-07 11:13:11'),
(272,	19,	33,	'2021-06-07 11:13:11',	'2021-06-07 11:13:11'),
(273,	20,	33,	'2021-06-07 11:13:11',	'2021-06-07 11:13:11'),
(274,	21,	33,	'2021-06-07 11:13:11',	'2021-06-07 11:13:11'),
(275,	1,	34,	'2021-06-07 11:35:24',	'2021-06-07 11:35:24'),
(276,	2,	34,	'2021-06-07 11:35:24',	'2021-06-07 11:35:24'),
(279,	1,	36,	'2021-06-07 11:39:00',	'2021-06-07 11:39:00'),
(280,	2,	36,	'2021-06-07 11:39:00',	'2021-06-07 11:39:00'),
(281,	1,	35,	'2021-06-07 11:39:26',	'2021-06-07 11:39:26'),
(282,	3,	35,	'2021-06-07 11:39:26',	'2021-06-07 11:39:26'),
(283,	1,	37,	'2021-06-07 11:41:27',	'2021-06-07 11:41:27'),
(284,	3,	37,	'2021-06-07 11:41:27',	'2021-06-07 11:41:27'),
(285,	1,	38,	'2021-06-07 11:43:47',	'2021-06-07 11:43:47'),
(286,	2,	38,	'2021-06-07 11:43:47',	'2021-06-07 11:43:47'),
(287,	1,	39,	'2021-06-07 11:44:37',	'2021-06-07 11:44:37'),
(288,	3,	39,	'2021-06-07 11:44:37',	'2021-06-07 11:44:37'),
(289,	1,	40,	'2021-06-07 11:45:52',	'2021-06-07 11:45:52'),
(290,	2,	40,	'2021-06-07 11:45:52',	'2021-06-07 11:45:52'),
(291,	1,	41,	'2021-06-07 11:47:02',	'2021-06-07 11:47:02'),
(292,	3,	41,	'2021-06-07 11:47:02',	'2021-06-07 11:47:02'),
(293,	1,	42,	'2021-06-07 11:48:03',	'2021-06-07 11:48:03'),
(294,	2,	42,	'2021-06-07 11:48:03',	'2021-06-07 11:48:03'),
(295,	1,	43,	'2021-06-07 11:49:27',	'2021-06-07 11:49:27'),
(296,	3,	43,	'2021-06-07 11:49:27',	'2021-06-07 11:49:27'),
(300,	1,	45,	'2021-06-07 11:53:57',	'2021-06-07 11:53:57'),
(301,	5,	45,	'2021-06-07 11:53:57',	'2021-06-07 11:53:57'),
(302,	6,	45,	'2021-06-07 11:53:57',	'2021-06-07 11:53:57'),
(303,	4,	46,	'2021-06-07 11:55:22',	'2021-06-07 11:55:22'),
(304,	5,	46,	'2021-06-07 11:55:22',	'2021-06-07 11:55:22'),
(305,	6,	46,	'2021-06-07 11:55:22',	'2021-06-07 11:55:22'),
(306,	1,	47,	'2021-06-07 11:57:33',	'2021-06-07 11:57:33'),
(307,	5,	47,	'2021-06-07 11:57:33',	'2021-06-07 11:57:33'),
(308,	6,	47,	'2021-06-07 11:57:33',	'2021-06-07 11:57:33'),
(314,	1,	48,	'2021-06-07 12:05:33',	'2021-06-07 12:05:33'),
(315,	2,	48,	'2021-06-07 12:05:33',	'2021-06-07 12:05:33'),
(316,	1,	49,	'2021-06-07 12:05:54',	'2021-06-07 12:05:54'),
(317,	3,	49,	'2021-06-07 12:05:54',	'2021-06-07 12:05:54'),
(318,	6,	50,	'2021-06-07 12:06:25',	'2021-06-07 12:06:25'),
(334,	1,	56,	'2021-06-07 12:16:15',	'2021-06-07 12:16:15'),
(335,	5,	56,	'2021-06-07 12:16:15',	'2021-06-07 12:16:15'),
(336,	6,	56,	'2021-06-07 12:16:15',	'2021-06-07 12:16:15'),
(337,	1,	55,	'2021-06-07 12:16:35',	'2021-06-07 12:16:35'),
(338,	5,	55,	'2021-06-07 12:16:35',	'2021-06-07 12:16:35'),
(339,	1,	54,	'2021-06-07 12:16:56',	'2021-06-07 12:16:56'),
(340,	5,	54,	'2021-06-07 12:16:56',	'2021-06-07 12:16:56'),
(341,	6,	54,	'2021-06-07 12:16:56',	'2021-06-07 12:16:56'),
(342,	1,	53,	'2021-06-07 12:17:25',	'2021-06-07 12:17:25'),
(343,	5,	53,	'2021-06-07 12:17:25',	'2021-06-07 12:17:25'),
(344,	6,	53,	'2021-06-07 12:17:25',	'2021-06-07 12:17:25'),
(345,	8,	52,	'2021-06-07 12:17:53',	'2021-06-07 12:17:53'),
(346,	1,	51,	'2021-06-07 12:18:16',	'2021-06-07 12:18:16'),
(347,	5,	51,	'2021-06-07 12:18:16',	'2021-06-07 12:18:16'),
(348,	6,	51,	'2021-06-07 12:18:16',	'2021-06-07 12:18:16'),
(352,	1,	57,	'2021-06-07 12:20:20',	'2021-06-07 12:20:20'),
(353,	5,	57,	'2021-06-07 12:20:20',	'2021-06-07 12:20:20'),
(354,	6,	57,	'2021-06-07 12:20:20',	'2021-06-07 12:20:20'),
(358,	1,	58,	'2021-06-07 12:22:11',	'2021-06-07 12:22:11'),
(359,	4,	58,	'2021-06-07 12:22:11',	'2021-06-07 12:22:11'),
(360,	5,	58,	'2021-06-07 12:22:11',	'2021-06-07 12:22:11'),
(361,	1,	59,	'2021-06-07 12:23:38',	'2021-06-07 12:23:38'),
(362,	4,	59,	'2021-06-07 12:23:38',	'2021-06-07 12:23:38'),
(363,	5,	59,	'2021-06-07 12:23:38',	'2021-06-07 12:23:38'),
(367,	1,	60,	'2021-06-07 12:26:31',	'2021-06-07 12:26:31'),
(368,	5,	60,	'2021-06-07 12:26:31',	'2021-06-07 12:26:31'),
(369,	6,	60,	'2021-06-07 12:26:31',	'2021-06-07 12:26:31'),
(370,	7,	61,	'2021-06-07 12:28:29',	'2021-06-07 12:28:29'),
(371,	7,	62,	'2021-06-07 12:30:04',	'2021-06-07 12:30:04'),
(372,	1,	63,	'2021-06-07 12:31:46',	'2021-06-07 12:31:46'),
(373,	5,	63,	'2021-06-07 12:31:46',	'2021-06-07 12:31:46'),
(374,	6,	63,	'2021-06-07 12:31:46',	'2021-06-07 12:31:46'),
(375,	1,	64,	'2021-06-07 12:33:00',	'2021-06-07 12:33:00'),
(376,	5,	64,	'2021-06-07 12:33:00',	'2021-06-07 12:33:00'),
(377,	6,	64,	'2021-06-07 12:33:00',	'2021-06-07 12:33:00'),
(378,	1,	65,	'2021-06-07 12:33:55',	'2021-06-07 12:33:55'),
(379,	5,	65,	'2021-06-07 12:33:55',	'2021-06-07 12:33:55'),
(380,	6,	65,	'2021-06-07 12:33:55',	'2021-06-07 12:33:55'),
(381,	1,	66,	'2021-06-07 13:24:25',	'2021-06-07 13:24:25'),
(382,	4,	66,	'2021-06-07 13:24:25',	'2021-06-07 13:24:25'),
(383,	5,	66,	'2021-06-07 13:24:25',	'2021-06-07 13:24:25'),
(384,	1,	67,	'2021-06-07 13:25:37',	'2021-06-07 13:25:37'),
(385,	5,	67,	'2021-06-07 13:25:37',	'2021-06-07 13:25:37'),
(386,	6,	67,	'2021-06-07 13:25:37',	'2021-06-07 13:25:37'),
(387,	1,	68,	'2021-06-07 13:27:50',	'2021-06-07 13:27:50'),
(388,	4,	68,	'2021-06-07 13:27:50',	'2021-06-07 13:27:50'),
(389,	5,	68,	'2021-06-07 13:27:50',	'2021-06-07 13:27:50'),
(390,	1,	69,	'2021-06-07 13:30:26',	'2021-06-07 13:30:26'),
(391,	5,	69,	'2021-06-07 13:30:26',	'2021-06-07 13:30:26'),
(392,	6,	69,	'2021-06-07 13:30:26',	'2021-06-07 13:30:26'),
(393,	1,	70,	'2021-06-07 13:31:35',	'2021-06-07 13:31:35'),
(394,	5,	70,	'2021-06-07 13:31:35',	'2021-06-07 13:31:35'),
(395,	6,	70,	'2021-06-07 13:31:35',	'2021-06-07 13:31:35'),
(397,	6,	71,	'2021-06-07 13:33:14',	'2021-06-07 13:33:14'),
(398,	1,	72,	'2021-06-07 13:34:36',	'2021-06-07 13:34:36'),
(399,	5,	72,	'2021-06-07 13:34:36',	'2021-06-07 13:34:36'),
(400,	6,	72,	'2021-06-07 13:34:36',	'2021-06-07 13:34:36'),
(404,	1,	74,	'2021-06-07 13:36:34',	'2021-06-07 13:36:34'),
(405,	5,	74,	'2021-06-07 13:36:34',	'2021-06-07 13:36:34'),
(406,	6,	74,	'2021-06-07 13:36:34',	'2021-06-07 13:36:34'),
(407,	1,	73,	'2021-06-07 13:37:13',	'2021-06-07 13:37:13'),
(408,	5,	73,	'2021-06-07 13:37:13',	'2021-06-07 13:37:13'),
(409,	6,	73,	'2021-06-07 13:37:13',	'2021-06-07 13:37:13'),
(410,	9,	75,	'2021-06-07 13:39:51',	'2021-06-07 13:39:51'),
(411,	9,	76,	'2021-06-07 13:41:04',	'2021-06-07 13:41:04'),
(412,	9,	77,	'2021-06-07 13:42:00',	'2021-06-07 13:42:00'),
(413,	10,	78,	'2021-06-07 13:45:52',	'2021-06-07 13:45:52'),
(414,	1,	79,	'2021-06-07 13:48:04',	'2021-06-07 13:48:04'),
(415,	5,	79,	'2021-06-07 13:48:04',	'2021-06-07 13:48:04'),
(416,	6,	79,	'2021-06-07 13:48:04',	'2021-06-07 13:48:04'),
(418,	11,	81,	'2021-06-07 13:50:20',	'2021-06-07 13:50:20'),
(421,	12,	84,	'2021-06-07 13:54:38',	'2021-06-07 13:54:38'),
(422,	11,	80,	'2021-06-07 13:55:07',	'2021-06-07 13:55:07'),
(423,	12,	82,	'2021-06-07 13:55:37',	'2021-06-07 13:55:37'),
(424,	11,	83,	'2021-06-07 13:56:03',	'2021-06-07 13:56:03'),
(425,	1,	85,	'2021-06-07 13:58:21',	'2021-06-07 13:58:21'),
(426,	5,	85,	'2021-06-07 13:58:21',	'2021-06-07 13:58:21'),
(427,	1,	86,	'2021-06-07 13:59:10',	'2021-06-07 13:59:10'),
(428,	5,	86,	'2021-06-07 13:59:10',	'2021-06-07 13:59:10'),
(429,	6,	86,	'2021-06-07 13:59:10',	'2021-06-07 13:59:10'),
(433,	1,	88,	'2021-06-07 14:01:10',	'2021-06-07 14:01:10'),
(434,	5,	88,	'2021-06-07 14:01:10',	'2021-06-07 14:01:10'),
(435,	6,	88,	'2021-06-07 14:01:10',	'2021-06-07 14:01:10'),
(436,	1,	89,	'2021-06-07 14:02:14',	'2021-06-07 14:02:14'),
(437,	5,	89,	'2021-06-07 14:02:14',	'2021-06-07 14:02:14'),
(438,	6,	89,	'2021-06-07 14:02:14',	'2021-06-07 14:02:14'),
(439,	1,	90,	'2021-06-07 14:03:03',	'2021-06-07 14:03:03'),
(440,	5,	90,	'2021-06-07 14:03:03',	'2021-06-07 14:03:03'),
(441,	6,	90,	'2021-06-07 14:03:03',	'2021-06-07 14:03:03'),
(442,	1,	91,	'2021-06-07 14:04:10',	'2021-06-07 14:04:10'),
(443,	2,	91,	'2021-06-07 14:04:10',	'2021-06-07 14:04:10'),
(444,	5,	91,	'2021-06-07 14:04:10',	'2021-06-07 14:04:10'),
(445,	1,	87,	'2021-06-07 14:04:38',	'2021-06-07 14:04:38'),
(446,	5,	87,	'2021-06-07 14:04:38',	'2021-06-07 14:04:38'),
(447,	6,	87,	'2021-06-07 14:04:38',	'2021-06-07 14:04:38'),
(448,	1,	92,	'2021-06-07 14:12:27',	'2021-06-07 14:12:27'),
(449,	5,	92,	'2021-06-07 14:12:27',	'2021-06-07 14:12:27'),
(450,	1,	93,	'2021-06-07 14:13:42',	'2021-06-07 14:13:42'),
(451,	5,	93,	'2021-06-07 14:13:42',	'2021-06-07 14:13:42'),
(452,	1,	94,	'2021-06-07 14:14:38',	'2021-06-07 14:14:38'),
(453,	5,	94,	'2021-06-07 14:14:38',	'2021-06-07 14:14:38'),
(454,	1,	95,	'2021-06-07 14:15:29',	'2021-06-07 14:15:29'),
(455,	5,	95,	'2021-06-07 14:15:29',	'2021-06-07 14:15:29'),
(456,	1,	96,	'2021-06-07 14:16:37',	'2021-06-07 14:16:37'),
(457,	5,	96,	'2021-06-07 14:16:37',	'2021-06-07 14:16:37'),
(458,	1,	97,	'2021-06-07 14:17:47',	'2021-06-07 14:17:47'),
(459,	5,	97,	'2021-06-07 14:17:47',	'2021-06-07 14:17:47'),
(460,	1,	98,	'2021-06-07 14:18:38',	'2021-06-07 14:18:38'),
(461,	5,	98,	'2021-06-07 14:18:38',	'2021-06-07 14:18:38'),
(462,	1,	99,	'2021-06-07 14:19:41',	'2021-06-07 14:19:41'),
(463,	5,	99,	'2021-06-07 14:19:41',	'2021-06-07 14:19:41'),
(464,	22,	100,	'2021-06-07 14:25:38',	'2021-06-07 14:25:38'),
(465,	23,	100,	'2021-06-07 14:25:38',	'2021-06-07 14:25:38'),
(466,	24,	100,	'2021-06-07 14:25:38',	'2021-06-07 14:25:38'),
(467,	24,	101,	'2021-06-07 14:26:54',	'2021-06-07 14:26:54'),
(468,	25,	101,	'2021-06-07 14:26:54',	'2021-06-07 14:26:54'),
(469,	27,	102,	'2021-06-07 14:27:55',	'2021-06-07 14:27:55'),
(470,	26,	103,	'2021-06-07 14:29:16',	'2021-06-07 14:29:16'),
(471,	26,	104,	'2021-06-07 14:30:06',	'2021-06-07 14:30:06'),
(474,	25,	106,	'2021-06-07 14:31:29',	'2021-06-07 14:31:29'),
(475,	26,	107,	'2021-06-07 14:32:32',	'2021-06-07 14:32:32'),
(476,	26,	108,	'2021-06-07 14:33:16',	'2021-06-07 14:33:16'),
(479,	1,	109,	'2021-06-07 14:39:00',	'2021-06-07 14:39:00'),
(480,	5,	109,	'2021-06-07 14:39:00',	'2021-06-07 14:39:00'),
(483,	4,	105,	'2021-06-08 10:20:17',	'2021-06-08 10:20:17'),
(486,	4,	44,	'2021-08-27 17:13:48',	'2021-08-27 17:13:48'),
(487,	5,	44,	'2021-08-27 17:13:48',	'2021-08-27 17:13:48');

DROP TABLE IF EXISTS `classification`;
CREATE TABLE `classification` (
  `id` bigint(20) unsigned NOT NULL AUTO_INCREMENT,
  `name` varchar(255) COLLATE utf8mb4_unicode_ci NOT NULL,
  `status` tinyint(1) NOT NULL DEFAULT 1,
  `created_at` timestamp NULL DEFAULT NULL,
  `updated_at` timestamp NULL DEFAULT NULL,
  PRIMARY KEY (`id`)
) ENGINE=InnoDB DEFAULT CHARSET=utf8mb4 COLLATE=utf8mb4_unicode_ci;

INSERT INTO `classification` (`id`, `name`, `status`, `created_at`, `updated_at`) VALUES
(1,	'Simplex',	1,	'2021-03-29 07:14:36',	'2021-09-23 09:45:59'),
(2,	'Complex',	1,	'2021-03-29 07:14:36',	'2021-04-01 03:32:18');

DROP TABLE IF EXISTS `classification_question_option`;
CREATE TABLE `classification_question_option` (
  `id` bigint(20) unsigned NOT NULL AUTO_INCREMENT,
  `classification_id` int(10) unsigned NOT NULL,
  `q_o_id` int(10) unsigned NOT NULL,
  `created_at` timestamp NULL DEFAULT NULL,
  `updated_at` timestamp NULL DEFAULT NULL,
  PRIMARY KEY (`id`)
) ENGINE=InnoDB DEFAULT CHARSET=utf8mb4 COLLATE=utf8mb4_unicode_ci;

INSERT INTO `classification_question_option` (`id`, `classification_id`, `q_o_id`, `created_at`, `updated_at`) VALUES
(6,	1,	4,	'2021-06-04 13:53:54',	'2021-06-04 13:53:54'),
(22,	1,	1,	'2021-06-04 17:23:48',	'2021-06-04 17:23:48'),
(32,	1,	8,	'2021-06-07 10:24:53',	'2021-06-07 10:24:53'),
(33,	1,	7,	'2021-06-07 10:25:04',	'2021-06-07 10:25:04'),
(34,	1,	9,	'2021-06-07 10:29:07',	'2021-06-07 10:29:07'),
(35,	1,	10,	'2021-06-07 10:30:14',	'2021-06-07 10:30:14'),
(36,	1,	11,	'2021-06-07 10:33:30',	'2021-06-07 10:33:30'),
(37,	1,	12,	'2021-06-07 10:35:32',	'2021-06-07 10:35:32'),
(38,	1,	13,	'2021-06-07 10:36:44',	'2021-06-07 10:36:44'),
(39,	1,	14,	'2021-06-07 10:40:19',	'2021-06-07 10:40:19'),
(40,	1,	15,	'2021-06-07 10:41:36',	'2021-06-07 10:41:36'),
(41,	1,	16,	'2021-06-07 10:43:08',	'2021-06-07 10:43:08'),
(42,	1,	17,	'2021-06-07 10:44:22',	'2021-06-07 10:44:22'),
(43,	2,	18,	'2021-06-07 10:45:43',	'2021-06-07 10:45:43'),
(44,	1,	19,	'2021-06-07 10:47:57',	'2021-06-07 10:47:57'),
(45,	2,	20,	'2021-06-07 10:49:31',	'2021-06-07 10:49:31'),
(46,	1,	21,	'2021-06-07 10:53:50',	'2021-06-07 10:53:50'),
(47,	1,	22,	'2021-06-07 10:56:43',	'2021-06-07 10:56:43'),
(48,	1,	23,	'2021-06-07 10:58:42',	'2021-06-07 10:58:42'),
(49,	1,	24,	'2021-06-07 10:59:44',	'2021-06-07 10:59:44'),
(50,	1,	25,	'2021-06-07 11:00:40',	'2021-06-07 11:00:40'),
(51,	1,	26,	'2021-06-07 11:02:35',	'2021-06-07 11:02:35'),
(52,	1,	27,	'2021-06-07 11:05:04',	'2021-06-07 11:05:04'),
(53,	1,	28,	'2021-06-07 11:06:19',	'2021-06-07 11:06:19'),
(54,	1,	29,	'2021-06-07 11:08:36',	'2021-06-07 11:08:36'),
(55,	1,	30,	'2021-06-07 11:09:57',	'2021-06-07 11:09:57'),
(56,	1,	31,	'2021-06-07 11:10:55',	'2021-06-07 11:10:55'),
(57,	1,	32,	'2021-06-07 11:12:00',	'2021-06-07 11:12:00'),
(58,	1,	33,	'2021-06-07 11:13:11',	'2021-06-07 11:13:11'),
(59,	1,	34,	'2021-06-07 11:35:24',	'2021-06-07 11:35:24'),
(61,	1,	36,	'2021-06-07 11:39:00',	'2021-06-07 11:39:00'),
(62,	2,	35,	'2021-06-07 11:39:26',	'2021-06-07 11:39:26'),
(63,	2,	37,	'2021-06-07 11:41:27',	'2021-06-07 11:41:27'),
(64,	1,	38,	'2021-06-07 11:43:47',	'2021-06-07 11:43:47'),
(65,	2,	39,	'2021-06-07 11:44:37',	'2021-06-07 11:44:37'),
(66,	1,	40,	'2021-06-07 11:45:52',	'2021-06-07 11:45:52'),
(67,	2,	41,	'2021-06-07 11:47:02',	'2021-06-07 11:47:02'),
(68,	1,	42,	'2021-06-07 11:48:03',	'2021-06-07 11:48:03'),
(69,	2,	43,	'2021-06-07 11:49:27',	'2021-06-07 11:49:27'),
(71,	2,	45,	'2021-06-07 11:53:57',	'2021-06-07 11:53:57'),
(72,	1,	46,	'2021-06-07 11:55:22',	'2021-06-07 11:55:22'),
(73,	2,	47,	'2021-06-07 11:57:33',	'2021-06-07 11:57:33'),
(77,	1,	48,	'2021-06-07 12:05:33',	'2021-06-07 12:05:33'),
(78,	2,	49,	'2021-06-07 12:05:54',	'2021-06-07 12:05:54'),
(79,	1,	50,	'2021-06-07 12:06:25',	'2021-06-07 12:06:25'),
(86,	1,	56,	'2021-06-07 12:16:15',	'2021-06-07 12:16:15'),
(87,	2,	55,	'2021-06-07 12:16:35',	'2021-06-07 12:16:35'),
(88,	1,	54,	'2021-06-07 12:16:56',	'2021-06-07 12:16:56'),
(89,	2,	53,	'2021-06-07 12:17:25',	'2021-06-07 12:17:25'),
(90,	1,	52,	'2021-06-07 12:17:53',	'2021-06-07 12:17:53'),
(91,	2,	51,	'2021-06-07 12:18:16',	'2021-06-07 12:18:16'),
(93,	2,	57,	'2021-06-07 12:20:20',	'2021-06-07 12:20:20'),
(95,	1,	58,	'2021-06-07 12:22:11',	'2021-06-07 12:22:11'),
(96,	1,	59,	'2021-06-07 12:23:38',	'2021-06-07 12:23:38'),
(98,	1,	60,	'2021-06-07 12:26:31',	'2021-06-07 12:26:31'),
(99,	1,	61,	'2021-06-07 12:28:29',	'2021-06-07 12:28:29'),
(100,	1,	62,	'2021-06-07 12:30:04',	'2021-06-07 12:30:04'),
(101,	1,	63,	'2021-06-07 12:31:46',	'2021-06-07 12:31:46'),
(102,	1,	64,	'2021-06-07 12:33:00',	'2021-06-07 12:33:00'),
(103,	1,	65,	'2021-06-07 12:33:55',	'2021-06-07 12:33:55'),
(104,	1,	66,	'2021-06-07 13:24:25',	'2021-06-07 13:24:25'),
(105,	2,	67,	'2021-06-07 13:25:37',	'2021-06-07 13:25:37'),
(106,	1,	68,	'2021-06-07 13:27:50',	'2021-06-07 13:27:50'),
(107,	1,	69,	'2021-06-07 13:30:26',	'2021-06-07 13:30:26'),
(108,	1,	70,	'2021-06-07 13:31:35',	'2021-06-07 13:31:35'),
(110,	1,	71,	'2021-06-07 13:33:14',	'2021-06-07 13:33:14'),
(111,	1,	72,	'2021-06-07 13:34:36',	'2021-06-07 13:34:36'),
(113,	1,	74,	'2021-06-07 13:36:34',	'2021-06-07 13:36:34'),
(114,	1,	73,	'2021-06-07 13:37:13',	'2021-06-07 13:37:13'),
(115,	1,	75,	'2021-06-07 13:39:51',	'2021-06-07 13:39:51'),
(116,	1,	76,	'2021-06-07 13:41:04',	'2021-06-07 13:41:04'),
(117,	1,	77,	'2021-06-07 13:42:00',	'2021-06-07 13:42:00'),
(118,	2,	78,	'2021-06-07 13:45:52',	'2021-06-07 13:45:52'),
(119,	2,	79,	'2021-06-07 13:48:04',	'2021-06-07 13:48:04'),
(121,	2,	81,	'2021-06-07 13:50:20',	'2021-06-07 13:50:20'),
(124,	2,	84,	'2021-06-07 13:54:38',	'2021-06-07 13:54:38'),
(125,	2,	80,	'2021-06-07 13:55:07',	'2021-06-07 13:55:07'),
(126,	2,	82,	'2021-06-07 13:55:37',	'2021-06-07 13:55:37'),
(127,	2,	83,	'2021-06-07 13:56:03',	'2021-06-07 13:56:03'),
(128,	1,	85,	'2021-06-07 13:58:21',	'2021-06-07 13:58:21'),
(129,	1,	86,	'2021-06-07 13:59:10',	'2021-06-07 13:59:10'),
(131,	1,	88,	'2021-06-07 14:01:10',	'2021-06-07 14:01:10'),
(132,	1,	89,	'2021-06-07 14:02:14',	'2021-06-07 14:02:14'),
(133,	1,	90,	'2021-06-07 14:03:03',	'2021-06-07 14:03:03'),
(134,	1,	91,	'2021-06-07 14:04:10',	'2021-06-07 14:04:10'),
(135,	1,	87,	'2021-06-07 14:04:38',	'2021-06-07 14:04:38'),
(136,	1,	92,	'2021-06-07 14:12:27',	'2021-06-07 14:12:27'),
(137,	1,	93,	'2021-06-07 14:13:42',	'2021-06-07 14:13:42'),
(138,	1,	94,	'2021-06-07 14:14:38',	'2021-06-07 14:14:38'),
(139,	1,	95,	'2021-06-07 14:15:29',	'2021-06-07 14:15:29'),
(140,	2,	96,	'2021-06-07 14:16:37',	'2021-06-07 14:16:37'),
(141,	2,	97,	'2021-06-07 14:17:47',	'2021-06-07 14:17:47'),
(142,	1,	98,	'2021-06-07 14:18:38',	'2021-06-07 14:18:38'),
(143,	2,	99,	'2021-06-07 14:19:41',	'2021-06-07 14:19:41'),
(144,	2,	100,	'2021-06-07 14:25:38',	'2021-06-07 14:25:38'),
(145,	1,	101,	'2021-06-07 14:26:54',	'2021-06-07 14:26:54'),
(146,	1,	102,	'2021-06-07 14:27:55',	'2021-06-07 14:27:55'),
(147,	1,	103,	'2021-06-07 14:29:16',	'2021-06-07 14:29:16'),
(148,	1,	104,	'2021-06-07 14:30:06',	'2021-06-07 14:30:06'),
(151,	1,	106,	'2021-06-07 14:31:29',	'2021-06-07 14:31:29'),
(152,	1,	107,	'2021-06-07 14:32:32',	'2021-06-07 14:32:32'),
(153,	1,	108,	'2021-06-07 14:33:16',	'2021-06-07 14:33:16'),
(156,	1,	109,	'2021-06-07 14:39:00',	'2021-06-07 14:39:00'),
(161,	1,	105,	'2021-06-08 10:20:17',	'2021-06-08 10:20:17'),
(162,	2,	105,	'2021-06-08 10:20:17',	'2021-06-08 10:20:17'),
(164,	1,	44,	'2021-08-27 17:13:48',	'2021-08-27 17:13:48');

DROP TABLE IF EXISTS `country`;
CREATE TABLE `country` (
  `id` int(11) NOT NULL AUTO_INCREMENT,
  `name` longtext COLLATE utf8_unicode_ci NOT NULL,
  `status` tinyint(1) DEFAULT 1,
  `updated_at` datetime NOT NULL,
  `created_at` datetime NOT NULL,
  PRIMARY KEY (`id`)
) ENGINE=MyISAM DEFAULT CHARSET=utf8 COLLATE=utf8_unicode_ci;

INSERT INTO `country` (`id`, `name`, `status`, `updated_at`, `created_at`) VALUES
(1,	'Afghanistan',	1,	'0000-00-00 00:00:00',	'0000-00-00 00:00:00'),
(2,	'Albania',	1,	'0000-00-00 00:00:00',	'0000-00-00 00:00:00'),
(3,	'Algeria',	1,	'0000-00-00 00:00:00',	'0000-00-00 00:00:00'),
(4,	'Andorra',	1,	'0000-00-00 00:00:00',	'0000-00-00 00:00:00'),
(5,	'Angola',	1,	'0000-00-00 00:00:00',	'0000-00-00 00:00:00'),
(6,	'Antigua and Barbuda',	1,	'0000-00-00 00:00:00',	'0000-00-00 00:00:00'),
(7,	'Argentina',	1,	'0000-00-00 00:00:00',	'0000-00-00 00:00:00'),
(8,	'Armenia',	1,	'0000-00-00 00:00:00',	'0000-00-00 00:00:00'),
(9,	'Australia',	1,	'0000-00-00 00:00:00',	'0000-00-00 00:00:00'),
(10,	'Austria',	1,	'0000-00-00 00:00:00',	'0000-00-00 00:00:00'),
(11,	'Azerbaijan',	1,	'0000-00-00 00:00:00',	'0000-00-00 00:00:00'),
(12,	'Bahamas, The',	1,	'0000-00-00 00:00:00',	'0000-00-00 00:00:00'),
(13,	'Bahrain',	1,	'0000-00-00 00:00:00',	'0000-00-00 00:00:00'),
(14,	'Bangladesh',	1,	'0000-00-00 00:00:00',	'0000-00-00 00:00:00'),
(15,	'Barbados',	1,	'0000-00-00 00:00:00',	'0000-00-00 00:00:00'),
(16,	'Belarus',	1,	'0000-00-00 00:00:00',	'0000-00-00 00:00:00'),
(17,	'Belgium',	1,	'0000-00-00 00:00:00',	'0000-00-00 00:00:00'),
(18,	'Belize',	1,	'0000-00-00 00:00:00',	'0000-00-00 00:00:00'),
(19,	'Benin',	1,	'0000-00-00 00:00:00',	'0000-00-00 00:00:00'),
(20,	'Bhutan',	1,	'0000-00-00 00:00:00',	'0000-00-00 00:00:00'),
(21,	'Bolivia',	1,	'0000-00-00 00:00:00',	'0000-00-00 00:00:00'),
(22,	'Bosnia and Herzegovina',	1,	'0000-00-00 00:00:00',	'0000-00-00 00:00:00'),
(23,	'Botswana',	1,	'0000-00-00 00:00:00',	'0000-00-00 00:00:00'),
(24,	'Brazil',	1,	'0000-00-00 00:00:00',	'0000-00-00 00:00:00'),
(25,	'Brunei',	1,	'0000-00-00 00:00:00',	'0000-00-00 00:00:00'),
(26,	'Bulgaria',	1,	'0000-00-00 00:00:00',	'0000-00-00 00:00:00'),
(27,	'Burkina Faso',	1,	'0000-00-00 00:00:00',	'0000-00-00 00:00:00'),
(28,	'Burma',	1,	'0000-00-00 00:00:00',	'0000-00-00 00:00:00'),
(29,	'Burundi',	1,	'0000-00-00 00:00:00',	'0000-00-00 00:00:00'),
(30,	'Cambodia',	1,	'0000-00-00 00:00:00',	'0000-00-00 00:00:00'),
(31,	'Cameroon',	1,	'0000-00-00 00:00:00',	'0000-00-00 00:00:00'),
(32,	'Canada',	1,	'0000-00-00 00:00:00',	'0000-00-00 00:00:00'),
(33,	'Cape Verde',	1,	'0000-00-00 00:00:00',	'0000-00-00 00:00:00'),
(34,	'Central Africa',	1,	'0000-00-00 00:00:00',	'0000-00-00 00:00:00'),
(35,	'Chad',	1,	'0000-00-00 00:00:00',	'0000-00-00 00:00:00'),
(36,	'Chile',	1,	'0000-00-00 00:00:00',	'0000-00-00 00:00:00'),
(37,	'China',	1,	'0000-00-00 00:00:00',	'0000-00-00 00:00:00'),
(38,	'Colombia',	1,	'0000-00-00 00:00:00',	'0000-00-00 00:00:00'),
(39,	'Comoros',	1,	'0000-00-00 00:00:00',	'0000-00-00 00:00:00'),
(40,	'Congo, Democratic Republic of the',	1,	'0000-00-00 00:00:00',	'0000-00-00 00:00:00'),
(41,	'Costa Rica',	1,	'0000-00-00 00:00:00',	'0000-00-00 00:00:00'),
(42,	'Cote dIvoire',	1,	'0000-00-00 00:00:00',	'0000-00-00 00:00:00'),
(43,	'Crete',	1,	'0000-00-00 00:00:00',	'0000-00-00 00:00:00'),
(44,	'Croatia',	1,	'0000-00-00 00:00:00',	'0000-00-00 00:00:00'),
(45,	'Cuba',	1,	'0000-00-00 00:00:00',	'0000-00-00 00:00:00'),
(46,	'Cyprus',	1,	'0000-00-00 00:00:00',	'0000-00-00 00:00:00'),
(47,	'Czech Republic',	1,	'0000-00-00 00:00:00',	'0000-00-00 00:00:00'),
(48,	'Denmark',	1,	'0000-00-00 00:00:00',	'0000-00-00 00:00:00'),
(49,	'Djibouti',	1,	'0000-00-00 00:00:00',	'0000-00-00 00:00:00'),
(50,	'Dominican Republic',	1,	'0000-00-00 00:00:00',	'0000-00-00 00:00:00'),
(51,	'East Timor',	1,	'0000-00-00 00:00:00',	'0000-00-00 00:00:00'),
(52,	'Ecuador',	1,	'0000-00-00 00:00:00',	'0000-00-00 00:00:00'),
(53,	'Egypt',	1,	'0000-00-00 00:00:00',	'0000-00-00 00:00:00'),
(54,	'El Salvador',	1,	'0000-00-00 00:00:00',	'0000-00-00 00:00:00'),
(55,	'Equatorial Guinea',	1,	'0000-00-00 00:00:00',	'0000-00-00 00:00:00'),
(56,	'Eritrea',	1,	'0000-00-00 00:00:00',	'0000-00-00 00:00:00'),
(57,	'Estonia',	1,	'0000-00-00 00:00:00',	'0000-00-00 00:00:00'),
(58,	'Ethiopia',	1,	'0000-00-00 00:00:00',	'0000-00-00 00:00:00'),
(59,	'Fiji',	1,	'0000-00-00 00:00:00',	'0000-00-00 00:00:00'),
(60,	'Finland',	1,	'0000-00-00 00:00:00',	'0000-00-00 00:00:00'),
(61,	'France',	1,	'0000-00-00 00:00:00',	'0000-00-00 00:00:00'),
(62,	'Gabon',	1,	'0000-00-00 00:00:00',	'0000-00-00 00:00:00'),
(63,	'Gambia, The',	1,	'0000-00-00 00:00:00',	'0000-00-00 00:00:00'),
(64,	'Georgia',	1,	'0000-00-00 00:00:00',	'0000-00-00 00:00:00'),
(65,	'Germany',	1,	'0000-00-00 00:00:00',	'0000-00-00 00:00:00'),
(66,	'Ghana',	1,	'0000-00-00 00:00:00',	'0000-00-00 00:00:00'),
(67,	'Greece',	1,	'0000-00-00 00:00:00',	'0000-00-00 00:00:00'),
(68,	'Grenada',	1,	'0000-00-00 00:00:00',	'0000-00-00 00:00:00'),
(69,	'Guadeloupe',	1,	'0000-00-00 00:00:00',	'0000-00-00 00:00:00'),
(70,	'Guatemala',	1,	'0000-00-00 00:00:00',	'0000-00-00 00:00:00'),
(71,	'Guinea',	1,	'0000-00-00 00:00:00',	'0000-00-00 00:00:00'),
(72,	'Guinea-Bissau',	1,	'0000-00-00 00:00:00',	'0000-00-00 00:00:00'),
(73,	'Guyana',	1,	'0000-00-00 00:00:00',	'0000-00-00 00:00:00'),
(74,	'Haiti',	1,	'0000-00-00 00:00:00',	'0000-00-00 00:00:00'),
(75,	'Holy See',	1,	'0000-00-00 00:00:00',	'0000-00-00 00:00:00'),
(76,	'Honduras',	1,	'0000-00-00 00:00:00',	'0000-00-00 00:00:00'),
(77,	'Hong Kong',	1,	'0000-00-00 00:00:00',	'0000-00-00 00:00:00'),
(78,	'Hungary',	1,	'0000-00-00 00:00:00',	'0000-00-00 00:00:00'),
(79,	'Iceland',	1,	'0000-00-00 00:00:00',	'0000-00-00 00:00:00'),
(80,	'India',	1,	'0000-00-00 00:00:00',	'0000-00-00 00:00:00'),
(81,	'Indonesia',	1,	'0000-00-00 00:00:00',	'0000-00-00 00:00:00'),
(82,	'Iran',	1,	'0000-00-00 00:00:00',	'0000-00-00 00:00:00'),
(83,	'Iraq',	1,	'0000-00-00 00:00:00',	'0000-00-00 00:00:00'),
(84,	'Ireland',	1,	'0000-00-00 00:00:00',	'0000-00-00 00:00:00'),
(85,	'Israel',	1,	'0000-00-00 00:00:00',	'0000-00-00 00:00:00'),
(86,	'Italy',	1,	'0000-00-00 00:00:00',	'0000-00-00 00:00:00'),
(87,	'Ivory Coast',	1,	'0000-00-00 00:00:00',	'0000-00-00 00:00:00'),
(88,	'Jamaica',	1,	'0000-00-00 00:00:00',	'0000-00-00 00:00:00'),
(89,	'Japan',	1,	'0000-00-00 00:00:00',	'0000-00-00 00:00:00'),
(90,	'Jordan',	1,	'0000-00-00 00:00:00',	'0000-00-00 00:00:00'),
(91,	'Kazakhstan',	1,	'0000-00-00 00:00:00',	'0000-00-00 00:00:00'),
(92,	'Kenya',	1,	'0000-00-00 00:00:00',	'0000-00-00 00:00:00'),
(93,	'Kiribati',	1,	'0000-00-00 00:00:00',	'0000-00-00 00:00:00'),
(94,	'Korea, North',	1,	'0000-00-00 00:00:00',	'0000-00-00 00:00:00'),
(95,	'Korea, South',	1,	'0000-00-00 00:00:00',	'0000-00-00 00:00:00'),
(96,	'Kosovo',	1,	'0000-00-00 00:00:00',	'0000-00-00 00:00:00'),
(97,	'Kuwait',	1,	'0000-00-00 00:00:00',	'0000-00-00 00:00:00'),
(98,	'Kyrgyzstan',	1,	'0000-00-00 00:00:00',	'0000-00-00 00:00:00'),
(99,	'Laos',	1,	'0000-00-00 00:00:00',	'0000-00-00 00:00:00'),
(100,	'Latvia',	1,	'0000-00-00 00:00:00',	'0000-00-00 00:00:00'),
(101,	'Lebanon',	1,	'0000-00-00 00:00:00',	'0000-00-00 00:00:00'),
(102,	'Lesotho',	1,	'0000-00-00 00:00:00',	'0000-00-00 00:00:00'),
(103,	'Liberia',	1,	'0000-00-00 00:00:00',	'0000-00-00 00:00:00'),
(104,	'Libya',	1,	'0000-00-00 00:00:00',	'0000-00-00 00:00:00'),
(105,	'Liechtenstein',	1,	'0000-00-00 00:00:00',	'0000-00-00 00:00:00'),
(106,	'Lithuania',	1,	'0000-00-00 00:00:00',	'0000-00-00 00:00:00'),
(107,	'Macau',	1,	'0000-00-00 00:00:00',	'0000-00-00 00:00:00'),
(108,	'Macedonia',	1,	'0000-00-00 00:00:00',	'0000-00-00 00:00:00'),
(109,	'Madagascar',	1,	'0000-00-00 00:00:00',	'0000-00-00 00:00:00'),
(110,	'Malawi',	1,	'0000-00-00 00:00:00',	'0000-00-00 00:00:00'),
(111,	'Malaysia',	1,	'0000-00-00 00:00:00',	'0000-00-00 00:00:00'),
(112,	'Maldives',	1,	'0000-00-00 00:00:00',	'0000-00-00 00:00:00'),
(113,	'Mali',	1,	'0000-00-00 00:00:00',	'0000-00-00 00:00:00'),
(114,	'Malta',	1,	'0000-00-00 00:00:00',	'0000-00-00 00:00:00'),
(115,	'Marshall Islands',	1,	'0000-00-00 00:00:00',	'0000-00-00 00:00:00'),
(116,	'Mauritania',	1,	'0000-00-00 00:00:00',	'0000-00-00 00:00:00'),
(117,	'Mauritius',	1,	'0000-00-00 00:00:00',	'0000-00-00 00:00:00'),
(118,	'Mexico',	1,	'0000-00-00 00:00:00',	'0000-00-00 00:00:00'),
(119,	'Micronesia',	1,	'0000-00-00 00:00:00',	'0000-00-00 00:00:00'),
(120,	'Moldova',	1,	'0000-00-00 00:00:00',	'0000-00-00 00:00:00'),
(121,	'Monaco',	1,	'0000-00-00 00:00:00',	'0000-00-00 00:00:00'),
(122,	'Mongolia',	1,	'0000-00-00 00:00:00',	'0000-00-00 00:00:00'),
(123,	'Montenegro',	1,	'0000-00-00 00:00:00',	'0000-00-00 00:00:00'),
(124,	'Morocco',	1,	'0000-00-00 00:00:00',	'0000-00-00 00:00:00'),
(125,	'Mozambique',	1,	'0000-00-00 00:00:00',	'0000-00-00 00:00:00'),
(126,	'Namibia',	1,	'0000-00-00 00:00:00',	'0000-00-00 00:00:00'),
(127,	'Nauru',	1,	'0000-00-00 00:00:00',	'0000-00-00 00:00:00'),
(128,	'Nepal',	1,	'0000-00-00 00:00:00',	'0000-00-00 00:00:00'),
(129,	'Netherlands',	1,	'0000-00-00 00:00:00',	'0000-00-00 00:00:00'),
(130,	'New Zealand',	1,	'0000-00-00 00:00:00',	'0000-00-00 00:00:00'),
(131,	'Nicaragua',	1,	'0000-00-00 00:00:00',	'0000-00-00 00:00:00'),
(132,	'Niger',	1,	'0000-00-00 00:00:00',	'0000-00-00 00:00:00'),
(133,	'Nigeria',	1,	'0000-00-00 00:00:00',	'0000-00-00 00:00:00'),
(134,	'North Korea',	1,	'0000-00-00 00:00:00',	'0000-00-00 00:00:00'),
(135,	'Norway',	1,	'0000-00-00 00:00:00',	'0000-00-00 00:00:00'),
(136,	'Oman',	1,	'0000-00-00 00:00:00',	'0000-00-00 00:00:00'),
(137,	'Pakistan',	1,	'0000-00-00 00:00:00',	'0000-00-00 00:00:00'),
(138,	'Palau',	1,	'0000-00-00 00:00:00',	'0000-00-00 00:00:00'),
(139,	'Panama',	1,	'0000-00-00 00:00:00',	'0000-00-00 00:00:00'),
(140,	'Papua New Guinea',	1,	'0000-00-00 00:00:00',	'0000-00-00 00:00:00'),
(141,	'Paraguay',	1,	'0000-00-00 00:00:00',	'0000-00-00 00:00:00'),
(142,	'Peru',	1,	'0000-00-00 00:00:00',	'0000-00-00 00:00:00'),
(143,	'Philippines',	1,	'0000-00-00 00:00:00',	'0000-00-00 00:00:00'),
(144,	'Poland',	1,	'0000-00-00 00:00:00',	'0000-00-00 00:00:00'),
(145,	'Portugal',	1,	'0000-00-00 00:00:00',	'0000-00-00 00:00:00'),
(146,	'Qatar',	1,	'0000-00-00 00:00:00',	'0000-00-00 00:00:00'),
(147,	'Romania',	1,	'0000-00-00 00:00:00',	'0000-00-00 00:00:00'),
(148,	'Russia',	1,	'0000-00-00 00:00:00',	'0000-00-00 00:00:00'),
(149,	'Rwanda',	1,	'0000-00-00 00:00:00',	'0000-00-00 00:00:00'),
(150,	'Saint Lucia',	1,	'0000-00-00 00:00:00',	'0000-00-00 00:00:00'),
(151,	'Saint Vincent and the Grenadines',	1,	'0000-00-00 00:00:00',	'0000-00-00 00:00:00'),
(152,	'Samoa',	1,	'0000-00-00 00:00:00',	'0000-00-00 00:00:00'),
(153,	'San Marino',	1,	'0000-00-00 00:00:00',	'0000-00-00 00:00:00'),
(154,	'Sao Tome and Principe',	1,	'0000-00-00 00:00:00',	'0000-00-00 00:00:00'),
(155,	'Saudi Arabia',	1,	'0000-00-00 00:00:00',	'0000-00-00 00:00:00'),
(156,	'Scotland',	1,	'0000-00-00 00:00:00',	'0000-00-00 00:00:00'),
(157,	'Senegal',	1,	'0000-00-00 00:00:00',	'0000-00-00 00:00:00'),
(158,	'Serbia',	1,	'0000-00-00 00:00:00',	'0000-00-00 00:00:00'),
(159,	'Seychelles',	1,	'0000-00-00 00:00:00',	'0000-00-00 00:00:00'),
(160,	'Sierra Leone',	1,	'0000-00-00 00:00:00',	'0000-00-00 00:00:00'),
(161,	'Singapore',	1,	'0000-00-00 00:00:00',	'0000-00-00 00:00:00'),
(162,	'Slovakia',	1,	'0000-00-00 00:00:00',	'0000-00-00 00:00:00'),
(163,	'Slovenia',	1,	'0000-00-00 00:00:00',	'0000-00-00 00:00:00'),
(164,	'Solomon Islands',	1,	'0000-00-00 00:00:00',	'0000-00-00 00:00:00'),
(165,	'Somalia',	1,	'0000-00-00 00:00:00',	'0000-00-00 00:00:00'),
(166,	'South Africa',	1,	'0000-00-00 00:00:00',	'0000-00-00 00:00:00'),
(167,	'South Korea',	1,	'0000-00-00 00:00:00',	'0000-00-00 00:00:00'),
(168,	'Spain',	1,	'0000-00-00 00:00:00',	'0000-00-00 00:00:00'),
(169,	'Sri Lanka',	1,	'0000-00-00 00:00:00',	'0000-00-00 00:00:00'),
(170,	'Sudan',	1,	'0000-00-00 00:00:00',	'0000-00-00 00:00:00'),
(171,	'Suriname',	1,	'0000-00-00 00:00:00',	'0000-00-00 00:00:00'),
(172,	'Swaziland',	1,	'0000-00-00 00:00:00',	'0000-00-00 00:00:00'),
(173,	'Sweden',	1,	'0000-00-00 00:00:00',	'0000-00-00 00:00:00'),
(174,	'Switzerland',	1,	'0000-00-00 00:00:00',	'0000-00-00 00:00:00'),
(175,	'Syria',	1,	'0000-00-00 00:00:00',	'0000-00-00 00:00:00'),
(176,	'Taiwan',	1,	'0000-00-00 00:00:00',	'0000-00-00 00:00:00'),
(177,	'Tajikistan',	1,	'0000-00-00 00:00:00',	'0000-00-00 00:00:00'),
(178,	'Tanzania',	1,	'0000-00-00 00:00:00',	'0000-00-00 00:00:00'),
(179,	'Thailand',	1,	'0000-00-00 00:00:00',	'0000-00-00 00:00:00'),
(180,	'Tibet',	1,	'0000-00-00 00:00:00',	'0000-00-00 00:00:00'),
(181,	'Timor-Leste',	1,	'0000-00-00 00:00:00',	'0000-00-00 00:00:00'),
(182,	'Togo',	1,	'0000-00-00 00:00:00',	'0000-00-00 00:00:00'),
(183,	'Tonga',	1,	'0000-00-00 00:00:00',	'0000-00-00 00:00:00'),
(184,	'Trinidad and Tobago',	1,	'0000-00-00 00:00:00',	'0000-00-00 00:00:00'),
(185,	'Tunisia',	1,	'0000-00-00 00:00:00',	'0000-00-00 00:00:00'),
(186,	'Turkey',	1,	'0000-00-00 00:00:00',	'0000-00-00 00:00:00'),
(187,	'Turkmenistan',	1,	'0000-00-00 00:00:00',	'0000-00-00 00:00:00'),
(188,	'Tuvalu',	1,	'0000-00-00 00:00:00',	'0000-00-00 00:00:00'),
(189,	'Uganda',	1,	'0000-00-00 00:00:00',	'0000-00-00 00:00:00'),
(190,	'Ukraine',	1,	'0000-00-00 00:00:00',	'0000-00-00 00:00:00'),
(191,	'United Arab Emirates',	1,	'0000-00-00 00:00:00',	'0000-00-00 00:00:00'),
(192,	'United Kingdom',	1,	'0000-00-00 00:00:00',	'0000-00-00 00:00:00'),
(193,	'United States',	1,	'0000-00-00 00:00:00',	'0000-00-00 00:00:00'),
(194,	'Uruguay',	1,	'0000-00-00 00:00:00',	'0000-00-00 00:00:00'),
(195,	'Uzbekistan',	1,	'0000-00-00 00:00:00',	'0000-00-00 00:00:00'),
(196,	'Vanuatu',	1,	'0000-00-00 00:00:00',	'0000-00-00 00:00:00'),
(197,	'Venezuela',	1,	'0000-00-00 00:00:00',	'0000-00-00 00:00:00'),
(198,	'Vietnam',	1,	'0000-00-00 00:00:00',	'0000-00-00 00:00:00'),
(199,	'Yemen',	1,	'0000-00-00 00:00:00',	'0000-00-00 00:00:00'),
(200,	'Zambia',	1,	'0000-00-00 00:00:00',	'0000-00-00 00:00:00'),
(201,	'Zimbabwe',	1,	'0000-00-00 00:00:00',	'0000-00-00 00:00:00');

DROP TABLE IF EXISTS `jobs`;
CREATE TABLE `jobs` (
  `id` bigint(20) unsigned NOT NULL AUTO_INCREMENT,
  `user_id` int(10) unsigned NOT NULL,
  `service_id` int(10) unsigned NOT NULL,
  `sp_id` int(11) DEFAULT NULL,
  `q_id` int(11) DEFAULT NULL,
  `title` varchar(255) COLLATE utf8mb4_unicode_ci DEFAULT NULL,
  `details` varchar(255) COLLATE utf8mb4_unicode_ci DEFAULT NULL,
  `location` varchar(255) COLLATE utf8mb4_unicode_ci DEFAULT NULL,
  `latitude` varchar(255) COLLATE utf8mb4_unicode_ci DEFAULT NULL,
  `longitude` varchar(255) COLLATE utf8mb4_unicode_ci DEFAULT NULL,
  `urgent` tinyint(1) NOT NULL,
  `total_price` double DEFAULT NULL COMMENT 'Total Price of Job',
  `status` tinyint(1) NOT NULL DEFAULT 1 COMMENT '0 = Inactive,1 = Active, 2=In-Progress, 3=Completed, 4=Cancelled',
  `sp_job_accept` timestamp NULL DEFAULT NULL COMMENT 'Timestamp for counter - when sp accept job',
  `created_at` timestamp NULL DEFAULT NULL,
  `updated_at` timestamp NULL DEFAULT NULL,
  PRIMARY KEY (`id`)
) ENGINE=InnoDB DEFAULT CHARSET=utf8mb4 COLLATE=utf8mb4_unicode_ci;

INSERT INTO `jobs` (`id`, `user_id`, `service_id`, `sp_id`, `q_id`, `title`, `details`, `location`, `latitude`, `longitude`, `urgent`, `total_price`, `status`, `sp_job_accept`, `created_at`, `updated_at`) VALUES
(231,	106,	4,	108,	NULL,	'Plumbing',	'h',	'Islamabad, Pakistan, gh',	'33.6844202',	'73.04788479999999',	0,	2252,	1,	NULL,	'2021-09-02 18:26:23',	'2021-09-02 18:43:48'),
(232,	106,	4,	108,	NULL,	'Plumbing',	'great',	'Figueres, Spain, hj',	'42.26550659999999',	'2.9581046',	0,	3152,	1,	NULL,	'2021-09-02 18:44:53',	'2021-09-02 18:48:27'),
(233,	106,	8,	111,	NULL,	'Handyman',	'test\nok',	'Islamabad, Pakistan, gh',	'33.6844202',	'73.04788479999999',	1,	6300,	1,	NULL,	'2021-09-02 18:46:02',	'2021-09-02 19:02:21'),
(234,	106,	4,	111,	NULL,	'Plumbing',	'gh',	'Islamabad, Pakistan, hh',	'33.6844202',	'73.04788479999999',	0,	4501,	1,	NULL,	'2021-09-02 18:55:15',	'2021-09-02 19:01:34'),
(235,	109,	4,	110,	NULL,	'Plumbing',	'Test salman',	'Muhammadi St, Nadirabad Lahore, Punjab, Pakistan, Lahore',	'31.4955459',	'74.4067719',	0,	900,	1,	NULL,	'2021-09-02 18:56:29',	'2021-09-02 19:01:17'),
(236,	106,	4,	112,	NULL,	'Plumbing',	'fh',	'Islamabad, Pakistan, hj',	'33.6844202',	'73.04788479999999',	0,	4501,	3,	'2021-09-02 19:13:23',	'2021-09-02 19:04:03',	'2021-09-02 19:15:18'),
(237,	106,	9,	113,	NULL,	'Appliance Repairs',	'app',	'Islamabad, Pakistan, uui',	'33.6844202',	'73.04788479999999',	0,	5400,	3,	'2021-09-02 19:29:22',	'2021-09-02 19:26:05',	'2021-09-02 19:30:08'),
(238,	106,	9,	120,	NULL,	'Appliance Repairs',	'app',	'Islamabad, Pakistan, gh',	'33.6844202',	'73.04788479999999',	1,	4500,	1,	NULL,	'2021-09-02 19:31:56',	'2021-09-13 10:36:39'),
(239,	106,	4,	2,	NULL,	'Plumbing',	'hjb',	'Islamabad, Pakistan, jk',	'33.6844202',	'73.04788479999999',	1,	2251,	1,	NULL,	'2021-09-02 19:55:38',	'2021-09-02 22:18:58'),
(240,	52,	8,	3,	NULL,	'Handyman',	'yyyyy',	'Islamabad, Pakistan, yy',	'33.6844202',	'73.04788479999999',	0,	5850,	1,	NULL,	'2021-09-02 20:01:40',	'2021-09-13 10:45:55'),
(241,	114,	4,	NULL,	NULL,	'Plumbing',	'test description',	'Muhammadi St, Nadirabad Lahore, Punjab, Pakistan, lahore extension',	'31.4955486',	'74.4067704',	0,	18450,	0,	NULL,	'2021-09-02 21:19:07',	'2021-09-02 21:19:07'),
(242,	114,	4,	2,	NULL,	'Plumbing',	'enter',	'Katherine Street, Sandown, Sandton, South Africa, test',	'-26.1007921',	'28.0733315',	0,	450,	3,	'2021-09-02 21:31:45',	'2021-09-02 21:21:43',	'2021-09-02 21:39:48'),
(243,	118,	4,	119,	NULL,	'Plumbing',	'vn',	'I-8, Islamabad, Pakistan, huhuh',	'33.6665915',	'73.07104919999999',	1,	1350,	3,	'2021-09-03 20:06:49',	'2021-09-03 18:31:43',	'2021-09-03 20:11:05'),
(244,	117,	4,	119,	NULL,	'Plumbing',	'pppp',	'I-8, Islamabad, Pakistan, gh',	'33.6665915',	'73.07104919999999',	1,	2701,	3,	'2021-09-03 19:22:29',	'2021-09-03 18:54:03',	'2021-09-03 19:22:49'),
(245,	7,	4,	2,	NULL,	'Plumbing',	'Test',	'Unnamed Road, Cupertino, CA 95014, USA, Test',	'37.33233141',	'-122.0312186',	1,	1800,	3,	'2021-09-07 11:03:41',	'2021-09-06 14:11:49',	'2021-09-14 10:02:26'),
(246,	7,	4,	NULL,	NULL,	'Tet',	'Ggggg',	'302 Long Avenue, Ferndale, Randburg, South Africa',	'-26.0936765',	'27.9881893',	1,	NULL,	0,	NULL,	'2021-09-06 19:53:23',	'2021-09-06 19:53:23'),
(247,	7,	4,	2,	NULL,	'Plumbing',	'Test',	'Unnamed Road, Cupertino, CA 95014, USA, undefined',	'37.33233141',	'-122.0312186',	1,	450,	4,	NULL,	'2021-09-07 10:17:29',	'2021-09-07 11:00:53'),
(248,	7,	8,	3,	NULL,	'Handyman',	'Test',	'Unnamed Road, Cupertino, CA 95014, USA, undefined',	'37.33233141',	'-122.0312186',	1,	4050,	2,	'2021-09-13 10:49:03',	'2021-09-09 11:37:24',	'2021-09-14 11:56:55'),
(249,	25,	4,	NULL,	NULL,	'This is Test Job Title From User Test',	'This is Test Job Details',	NULL,	NULL,	NULL,	1,	1200,	0,	NULL,	'2021-09-10 11:15:29',	'2021-09-10 11:15:29');

DROP TABLE IF EXISTS `jobs_question_options`;
CREATE TABLE `jobs_question_options` (
  `id` bigint(20) unsigned NOT NULL AUTO_INCREMENT,
  `job_id` int(10) unsigned NOT NULL,
  `q_id` int(10) unsigned DEFAULT NULL,
  `q_option_id` int(10) unsigned NOT NULL,
  `quantity` int(10) unsigned NOT NULL,
  `created_at` timestamp NULL DEFAULT NULL,
  `updated_at` timestamp NULL DEFAULT NULL,
  PRIMARY KEY (`id`)
) ENGINE=InnoDB DEFAULT CHARSET=utf8mb4 COLLATE=utf8mb4_unicode_ci;

INSERT INTO `jobs_question_options` (`id`, `job_id`, `q_id`, `q_option_id`, `quantity`, `created_at`, `updated_at`) VALUES
(540,	231,	2,	44,	3,	'2021-09-02 18:26:23',	'2021-09-02 18:26:23'),
(541,	231,	9,	90,	1,	'2021-09-02 18:26:23',	'2021-09-02 18:26:23'),
(542,	231,	9,	91,	1,	'2021-09-02 18:26:23',	'2021-09-02 18:26:23'),
(543,	232,	2,	44,	3,	'2021-09-02 18:44:53',	'2021-09-02 18:44:53'),
(544,	232,	2,	45,	1,	'2021-09-02 18:44:53',	'2021-09-02 18:44:53'),
(545,	233,	16,	92,	2,	'2021-09-02 18:46:02',	'2021-09-02 18:46:02'),
(546,	233,	16,	93,	2,	'2021-09-02 18:46:02',	'2021-09-02 18:46:02'),
(547,	234,	2,	44,	2,	'2021-09-02 18:55:15',	'2021-09-02 18:55:15'),
(548,	234,	2,	45,	2,	'2021-09-02 18:55:15',	'2021-09-02 18:55:15'),
(549,	235,	6,	70,	1,	'2021-09-02 18:56:29',	'2021-09-02 18:56:29'),
(550,	235,	6,	71,	1,	'2021-09-02 18:56:29',	'2021-09-02 18:56:29'),
(551,	236,	2,	44,	2,	'2021-09-02 19:04:03',	'2021-09-02 19:04:03'),
(552,	236,	2,	45,	2,	'2021-09-02 19:04:03',	'2021-09-02 19:04:03'),
(553,	237,	15,	100,	2,	'2021-09-02 19:26:05',	'2021-09-02 19:26:05'),
(554,	237,	15,	101,	2,	'2021-09-02 19:26:05',	'2021-09-02 19:26:05'),
(555,	238,	15,	103,	1,	'2021-09-02 19:31:56',	'2021-09-02 19:31:56'),
(556,	238,	15,	104,	1,	'2021-09-02 19:31:56',	'2021-09-02 19:31:56'),
(557,	238,	15,	106,	1,	'2021-09-02 19:31:56',	'2021-09-02 19:31:56'),
(558,	238,	15,	107,	1,	'2021-09-02 19:31:56',	'2021-09-02 19:31:56'),
(559,	239,	2,	44,	1,	'2021-09-02 19:55:38',	'2021-09-02 19:55:38'),
(560,	239,	2,	45,	1,	'2021-09-02 19:55:38',	'2021-09-02 19:55:38'),
(561,	240,	16,	92,	1,	'2021-09-02 20:01:40',	'2021-09-02 20:01:40'),
(562,	240,	16,	94,	2,	'2021-09-02 20:01:40',	'2021-09-02 20:01:40'),
(563,	240,	16,	95,	5,	'2021-09-02 20:01:40',	'2021-09-02 20:01:40'),
(564,	241,	2,	45,	4,	'2021-09-02 21:19:07',	'2021-09-02 21:19:07'),
(565,	241,	2,	46,	2,	'2021-09-02 21:19:07',	'2021-09-02 21:19:07'),
(566,	241,	2,	47,	3,	'2021-09-02 21:19:07',	'2021-09-02 21:19:07'),
(567,	241,	4,	65,	3,	'2021-09-02 21:19:07',	'2021-09-02 21:19:07'),
(568,	241,	3,	58,	2,	'2021-09-02 21:19:07',	'2021-09-02 21:19:07'),
(569,	241,	3,	59,	3,	'2021-09-02 21:19:07',	'2021-09-02 21:19:07'),
(570,	241,	3,	60,	3,	'2021-09-02 21:19:07',	'2021-09-02 21:19:07'),
(571,	242,	5,	68,	1,	'2021-09-02 21:21:43',	'2021-09-02 21:21:43'),
(572,	243,	9,	86,	1,	'2021-09-03 18:31:43',	'2021-09-03 18:31:43'),
(573,	243,	9,	87,	2,	'2021-09-03 18:31:43',	'2021-09-03 18:31:43'),
(574,	244,	2,	44,	1,	'2021-09-03 18:54:03',	'2021-09-03 18:54:03'),
(575,	244,	2,	45,	1,	'2021-09-03 18:54:03',	'2021-09-03 18:54:03'),
(576,	244,	2,	46,	1,	'2021-09-03 18:54:03',	'2021-09-03 18:54:03'),
(577,	245,	2,	45,	1,	'2021-09-06 14:11:49',	'2021-09-06 14:11:49'),
(578,	247,	3,	59,	1,	'2021-09-07 10:17:29',	'2021-09-07 10:17:29'),
(579,	248,	16,	92,	2,	'2021-09-09 11:37:24',	'2021-09-09 11:37:24'),
(580,	248,	16,	93,	1,	'2021-09-09 11:37:24',	'2021-09-09 11:37:24'),
(581,	249,	2,	44,	2,	'2021-09-10 11:15:29',	'2021-09-10 11:15:29'),
(582,	249,	2,	46,	2,	'2021-09-10 11:15:29',	'2021-09-10 11:15:29'),
(583,	249,	2,	44,	1,	'2021-09-10 11:15:29',	'2021-09-10 11:15:29'),
(584,	249,	2,	45,	2,	'2021-09-10 11:15:29',	'2021-09-10 11:15:29'),
(585,	249,	2,	44,	2,	'2021-09-10 11:15:29',	'2021-09-10 11:15:29'),
(586,	249,	2,	45,	1,	'2021-09-10 11:15:29',	'2021-09-10 11:15:29'),
(587,	250,	2,	44,	2,	'2021-09-10 11:58:53',	'2021-09-10 11:58:53'),
(588,	250,	2,	46,	2,	'2021-09-10 11:58:53',	'2021-09-10 11:58:53'),
(589,	250,	2,	44,	1,	'2021-09-10 11:58:53',	'2021-09-10 11:58:53'),
(590,	250,	2,	45,	2,	'2021-09-10 11:58:53',	'2021-09-10 11:58:53'),
(591,	250,	2,	44,	2,	'2021-09-10 11:58:53',	'2021-09-10 11:58:53'),
(592,	250,	2,	45,	1,	'2021-09-10 11:58:53',	'2021-09-10 11:58:53');

DROP TABLE IF EXISTS `job_images`;
CREATE TABLE `job_images` (
  `id` bigint(20) unsigned NOT NULL AUTO_INCREMENT,
  `job_id` int(10) unsigned NOT NULL,
  `image` varchar(255) COLLATE utf8mb4_unicode_ci DEFAULT NULL,
  `status` tinyint(1) NOT NULL DEFAULT 1,
  `created_at` timestamp NULL DEFAULT NULL,
  `updated_at` timestamp NULL DEFAULT NULL,
  PRIMARY KEY (`id`)
) ENGINE=InnoDB DEFAULT CHARSET=utf8mb4 COLLATE=utf8mb4_unicode_ci;

INSERT INTO `job_images` (`id`, `job_id`, `image`, `status`, `created_at`, `updated_at`) VALUES
(48,	70,	'JobImages20210615-075202am612.png',	1,	'2021-06-15 11:52:02',	'2021-06-15 11:52:02'),
(49,	71,	'JobImages20210615-100925am20.png',	1,	'2021-06-15 14:09:25',	'2021-06-15 14:09:25'),
(50,	72,	'JobImages20210615-101114am123.png',	1,	'2021-06-15 14:11:14',	'2021-06-15 14:11:14'),
(51,	73,	'JobImages20210615-101553am491.jpg',	1,	'2021-06-15 14:15:55',	'2021-06-15 14:15:55'),
(52,	74,	'JobImages20210615-014310pm669.jpeg',	1,	'2021-06-15 17:43:10',	'2021-06-15 17:43:10'),
(53,	75,	'JobImages20210616-055900am729.png',	1,	'2021-06-16 09:59:00',	'2021-06-16 09:59:00'),
(54,	76,	'JobImages20210616-095758am649.jpg',	1,	'2021-06-16 13:57:59',	'2021-06-16 13:57:59'),
(55,	77,	'JobImages20210616-100032am587.jpg',	1,	'2021-06-16 14:00:34',	'2021-06-16 14:00:34'),
(56,	79,	'JobImages20210616-101845am510.jpg',	1,	'2021-06-16 14:18:46',	'2021-06-16 14:18:46'),
(57,	80,	'JobImages20210616-110821am388.png',	1,	'2021-06-16 15:08:21',	'2021-06-16 15:08:21'),
(58,	81,	'JobImages20210616-111700am164.jpg',	1,	'2021-06-16 15:17:05',	'2021-06-16 15:17:05'),
(59,	82,	'JobImages20210616-113640am526.png',	1,	'2021-06-16 15:36:40',	'2021-06-16 15:36:40'),
(60,	83,	'JobImages20210616-114629am416.png',	1,	'2021-06-16 15:46:29',	'2021-06-16 15:46:29'),
(61,	84,	'JobImages20210616-115249am938.png',	1,	'2021-06-16 15:52:49',	'2021-06-16 15:52:49'),
(62,	85,	'JobImages20210616-121819pm255.png',	1,	'2021-06-16 16:18:19',	'2021-06-16 16:18:19'),
(63,	86,	'JobImages20210616-122523pm301.png',	1,	'2021-06-16 16:25:23',	'2021-06-16 16:25:23'),
(64,	87,	'JobImages20210616-020535pm580.jpeg',	1,	'2021-06-16 18:05:35',	'2021-06-16 18:05:35'),
(65,	88,	'JobImages20210616-022552pm544.jpeg',	1,	'2021-06-16 18:25:52',	'2021-06-16 18:25:52'),
(66,	89,	'JobImages20210617-053640am92.png',	1,	'2021-06-17 09:36:40',	'2021-06-17 09:36:40'),
(67,	92,	'JobImages20210617-065858am922.jpg',	1,	'2021-06-17 10:59:00',	'2021-06-17 10:59:00'),
(68,	95,	'JobImages20210617-013546pm921.jpg',	1,	'2021-06-17 17:35:48',	'2021-06-17 17:35:48'),
(69,	96,	'JobImages20210617-014837pm991.jpg',	1,	'2021-06-17 17:48:40',	'2021-06-17 17:48:40'),
(70,	97,	'JobImages20210617-032746pm372.jpeg',	1,	'2021-06-17 19:27:46',	'2021-06-17 19:27:46'),
(71,	98,	'JobImages20210618-063531am815.jpg',	1,	'2021-06-18 10:35:32',	'2021-06-18 10:35:32'),
(72,	99,	'JobImages20210618-065334am748.jpg',	1,	'2021-06-18 10:53:37',	'2021-06-18 10:53:37'),
(73,	100,	'JobImages20210618-070036am214.jpg',	1,	'2021-06-18 11:00:40',	'2021-06-18 11:00:40'),
(74,	101,	'JobImages20210618-070520am122.jpg',	1,	'2021-06-18 11:05:23',	'2021-06-18 11:05:23'),
(75,	102,	'JobImages20210618-071108am34.png',	1,	'2021-06-18 11:11:08',	'2021-06-18 11:11:08'),
(76,	103,	'JobImages20210618-071624am816.png',	1,	'2021-06-18 11:16:24',	'2021-06-18 11:16:24'),
(77,	104,	'JobImages20210618-072021am221.png',	1,	'2021-06-18 11:20:21',	'2021-06-18 11:20:21'),
(78,	105,	'JobImages20210618-072521am277.png',	1,	'2021-06-18 11:25:21',	'2021-06-18 11:25:21'),
(79,	106,	'JobImages20210618-102824am262.jpeg',	1,	'2021-06-18 14:28:25',	'2021-06-18 14:28:25'),
(80,	107,	'JobImages20210618-112020am107.jpeg',	1,	'2021-06-18 15:20:20',	'2021-06-18 15:20:20'),
(81,	108,	'JobImages20210618-114139am664.jpeg',	1,	'2021-06-18 15:41:39',	'2021-06-18 15:41:39'),
(82,	109,	'JobImages20210618-114800am127.jpg',	1,	'2021-06-18 15:48:03',	'2021-06-18 15:48:03'),
(83,	110,	'JobImages20210618-122801pm5.jpg',	1,	'2021-06-18 16:28:02',	'2021-06-18 16:28:02'),
(84,	111,	'JobImages20210618-011906pm890.png',	1,	'2021-06-18 17:19:07',	'2021-06-18 17:19:07'),
(85,	112,	'JobImages20210618-030045pm415.jpeg',	1,	'2021-06-18 19:00:45',	'2021-06-18 19:00:45'),
(86,	113,	'JobImages20210618-040501pm843.jpeg',	1,	'2021-06-18 20:05:01',	'2021-06-18 20:05:01'),
(87,	114,	'JobImages20210618-040737pm417.jpeg',	1,	'2021-06-18 20:07:37',	'2021-06-18 20:07:37'),
(88,	115,	'JobImages20210618-055708pm646.jpeg',	1,	'2021-06-18 21:57:13',	'2021-06-18 21:57:13'),
(89,	116,	'JobImages20210618-060050pm845.jpeg',	1,	'2021-06-18 22:00:50',	'2021-06-18 22:00:50'),
(90,	117,	'JobImages20210618-060614pm995.jpeg',	1,	'2021-06-18 22:06:14',	'2021-06-18 22:06:14'),
(91,	118,	'JobImages20210618-061414pm521.jpeg',	1,	'2021-06-18 22:14:14',	'2021-06-18 22:14:14'),
(92,	119,	'JobImages20210618-062208pm41.jpeg',	1,	'2021-06-18 22:22:08',	'2021-06-18 22:22:08'),
(93,	120,	'JobImages20210618-074901pm932.jpeg',	1,	'2021-06-18 23:49:01',	'2021-06-18 23:49:01'),
(94,	121,	'JobImages20210619-040945am904.jpeg',	1,	'2021-06-19 08:09:45',	'2021-06-19 08:09:45'),
(95,	122,	'JobImages20210621-010315pm835.png',	1,	'2021-06-21 17:03:15',	'2021-06-21 17:03:15'),
(96,	123,	'JobImages20210621-010624pm620.jpeg',	1,	'2021-06-21 17:06:27',	'2021-06-21 17:06:27'),
(97,	125,	'JobImages20210621-020009pm899.jpeg',	1,	'2021-06-21 18:00:09',	'2021-06-21 18:00:09'),
(98,	126,	'JobImages20210621-022440pm211.jpeg',	1,	'2021-06-21 18:24:40',	'2021-06-21 18:24:40'),
(99,	127,	'JobImages20210621-033936pm558.jpeg',	1,	'2021-06-21 19:39:36',	'2021-06-21 19:39:36'),
(100,	129,	'JobImages20210621-035855pm367.jpeg',	1,	'2021-06-21 19:58:55',	'2021-06-21 19:58:55'),
(101,	130,	'JobImages20210622-071226am729.jpg',	1,	'2021-06-22 11:12:29',	'2021-06-22 11:12:29'),
(102,	131,	'JobImages20210622-091738am3.jpeg',	1,	'2021-06-22 13:17:38',	'2021-06-22 13:17:38'),
(103,	134,	'JobImages20210622-114220am768.jpg',	1,	'2021-06-22 15:42:23',	'2021-06-22 15:42:23'),
(104,	139,	'JobImages20210626-121421pm904.jpeg',	1,	'2021-06-26 16:14:21',	'2021-06-26 16:14:21'),
(105,	151,	'JobImages20210824-102749am849.png',	1,	'2021-08-24 14:27:49',	'2021-08-24 14:27:49'),
(106,	152,	'JobImages20210824-103107am328.png',	1,	'2021-08-24 14:31:07',	'2021-08-24 14:31:07'),
(107,	153,	'JobImages20210824-103354am105.png',	1,	'2021-08-24 14:33:54',	'2021-08-24 14:33:54'),
(108,	154,	'JobImages20210824-103703am745.png',	1,	'2021-08-24 14:37:03',	'2021-08-24 14:37:03'),
(109,	155,	'JobImages20210824-103746am183.png',	1,	'2021-08-24 14:37:46',	'2021-08-24 14:37:46'),
(110,	156,	'JobImages20210824-103817am50.png',	1,	'2021-08-24 14:38:17',	'2021-08-24 14:38:17'),
(111,	157,	'JobImages20210824-103956am105.png',	1,	'2021-08-24 14:39:56',	'2021-08-24 14:39:56'),
(112,	158,	'JobImages20210824-105955am541.png',	1,	'2021-08-24 14:59:55',	'2021-08-24 14:59:55'),
(113,	164,	'JobImages20210824-122030pm730.jpg',	1,	'2021-08-24 16:20:30',	'2021-08-24 16:20:30'),
(114,	166,	'JobImages20210824-124013pm625.png',	1,	'2021-08-24 16:40:13',	'2021-08-24 16:40:13'),
(115,	167,	'JobImages20210824-125407pm251.jpg',	1,	'2021-08-24 16:54:07',	'2021-08-24 16:54:07'),
(116,	168,	'JobImages20210824-010152pm138.jpg',	1,	'2021-08-24 17:01:52',	'2021-08-24 17:01:52'),
(117,	169,	'JobImages20210824-010436pm372.jpg',	1,	'2021-08-24 17:04:36',	'2021-08-24 17:04:36'),
(118,	174,	'JobImages20210825-065616am386.jpg',	1,	'2021-08-25 10:56:16',	'2021-08-25 10:56:16'),
(119,	175,	'JobImages20210825-071319am32.jpg',	1,	'2021-08-25 11:13:19',	'2021-08-25 11:13:19'),
(120,	176,	'JobImages20210825-071820am831.jpg',	1,	'2021-08-25 11:18:20',	'2021-08-25 11:18:20'),
(121,	177,	'JobImages20210825-072008am598.jpg',	1,	'2021-08-25 11:20:08',	'2021-08-25 11:20:08'),
(122,	180,	'JobImages20210825-073831am155.jpg',	1,	'2021-08-25 11:38:31',	'2021-08-25 11:38:31'),
(123,	181,	'JobImages20210825-074642am130.jpg',	1,	'2021-08-25 11:46:42',	'2021-08-25 11:46:42'),
(124,	182,	'JobImages20210825-074951am485.jpg',	1,	'2021-08-25 11:49:51',	'2021-08-25 11:49:51'),
(125,	185,	'JobImages20210826-060143am5.png',	1,	'2021-08-26 10:01:43',	'2021-08-26 10:01:43'),
(126,	186,	'JobImages20210826-061126am332.png',	1,	'2021-08-26 10:11:26',	'2021-08-26 10:11:26'),
(127,	187,	'JobImages20210826-062954am394.png',	1,	'2021-08-26 10:29:54',	'2021-08-26 10:29:54'),
(128,	188,	'JobImages20210826-063912am448.jpg',	1,	'2021-08-26 10:39:12',	'2021-08-26 10:39:12'),
(129,	190,	'JobImages20210827-012046pm862.jpeg',	1,	'2021-08-27 17:20:50',	'2021-08-27 17:20:50'),
(130,	191,	'JobImages20210827-012425pm138.jpeg',	1,	'2021-08-27 17:24:28',	'2021-08-27 17:24:28'),
(131,	192,	'JobImages20210827-012730pm145.jpeg',	1,	'2021-08-27 17:27:31',	'2021-08-27 17:27:31'),
(132,	193,	'JobImages20210827-014128pm262.jpeg',	1,	'2021-08-27 17:41:29',	'2021-08-27 17:41:29'),
(133,	207,	'JobImages20210830-060709am637.png',	1,	'2021-08-30 10:07:09',	'2021-08-30 10:07:09'),
(134,	215,	'JobImages20210830-070948am484.png',	1,	'2021-08-30 11:09:48',	'2021-08-30 11:09:48'),
(135,	226,	'JobImages20210831-065333am420.jpg',	1,	'2021-08-31 10:53:36',	'2021-08-31 10:53:36'),
(136,	227,	'JobImages20210831-072713am97.png',	1,	'2021-08-31 11:27:13',	'2021-08-31 11:27:13'),
(137,	228,	'JobImages20210831-073933am325.jpeg',	1,	'2021-08-31 11:39:33',	'2021-08-31 11:39:33'),
(138,	230,	'JobImages20210902-120509pm417.jpeg',	1,	'2021-09-02 16:05:12',	'2021-09-02 16:05:12'),
(139,	247,	'JobImages20210907-061729am343.png',	1,	'2021-09-07 10:17:29',	'2021-09-07 10:17:29'),
(140,	248,	'JobImages20210909-073724am451.png',	1,	'2021-09-09 11:37:24',	'2021-09-09 11:37:24'),
(141,	249,	'JobImages20210910-071529am114.png',	1,	'2021-09-10 11:15:29',	'2021-09-10 11:15:29'),
(142,	249,	'JobImages20210910-071529am34.PNG',	1,	'2021-09-10 11:15:29',	'2021-09-10 11:15:29'),
(143,	249,	'JobImages20210910-071529am805.PNG',	1,	'2021-09-10 11:15:29',	'2021-09-10 11:15:29'),
(144,	250,	'JobImages20210910-075853am537.png',	1,	'2021-09-10 11:58:53',	'2021-09-10 11:58:53'),
(145,	250,	'JobImages20210910-075853am535.PNG',	1,	'2021-09-10 11:58:53',	'2021-09-10 11:58:53'),
(146,	250,	'JobImages20210910-075853am346.PNG',	1,	'2021-09-10 11:58:53',	'2021-09-10 11:58:53');

DROP TABLE IF EXISTS `job_qrcode`;
CREATE TABLE `job_qrcode` (
  `id` bigint(20) unsigned NOT NULL AUTO_INCREMENT,
  `job_id` int(11) NOT NULL,
  `sp_id` int(11) NOT NULL,
  `user_id` int(11) NOT NULL,
  `qrcode_type` int(11) NOT NULL,
  `qrcode_path` varchar(255) COLLATE utf8mb4_unicode_ci NOT NULL,
  `qrcode_value` varchar(100) COLLATE utf8mb4_unicode_ci NOT NULL,
  `status` tinyint(1) NOT NULL,
  `created_at` timestamp NULL DEFAULT NULL,
  `updated_at` timestamp NULL DEFAULT NULL,
  PRIMARY KEY (`id`)
) ENGINE=InnoDB DEFAULT CHARSET=utf8mb4 COLLATE=utf8mb4_unicode_ci;

INSERT INTO `job_qrcode` (`id`, `job_id`, `sp_id`, `user_id`, `qrcode_type`, `qrcode_path`, `qrcode_value`, `status`, `created_at`, `updated_at`) VALUES
(51,	68,	8,	25,	1,	'temp/test0abe8792ae73068d08bf259c65ddb9d9.png',	'5d25932c8dc4829e8d4db4444eefdec0r8',	1,	'2021-06-15 10:52:26',	'2021-06-15 10:52:26'),
(52,	69,	8,	25,	1,	'temp/tested16d70a8254b54a7da8daa00b38f9c0.png',	'b5dc7b3319d363cfdc1b9937a940899br8',	1,	'2021-06-15 10:52:59',	'2021-06-15 10:52:59'),
(53,	69,	8,	25,	1,	'temp/test8e7d087387385fa11a48d7c8189c1055.png',	'14dcffd0af8695a9fa0f3ffcbda823d4r8',	1,	'2021-06-15 10:53:53',	'2021-06-15 10:53:53'),
(54,	69,	8,	25,	1,	'temp/testb18f5af242690096777bc72c1f54b08b.png',	'6a9f4ecf3fd03b0da2857a3a0d3b958fr8',	1,	'2021-06-15 10:56:06',	'2021-06-15 10:56:06'),
(64,	79,	3,	7,	1,	'temp/testf27cf7f13e7ac5b6334abdff3a2871d8.png',	'09076d415d0b028d70c572c0eb786a53r3',	1,	'2021-06-16 15:06:51',	'2021-06-16 15:06:51'),
(72,	87,	2,	89,	1,	'temp/test09312c239d60fef55cbcc11fcfc308eb.png',	'fd991b5a7d187f21f2b18ea8afd51b89r2',	1,	'2021-06-16 19:57:10',	'2021-06-16 19:57:10'),
(73,	94,	8,	25,	1,	'temp/test31ed0b01482d6b231ca5ecd9ca47435d.png',	'41bde2068bcca1b08e061c5b8df9352er8',	1,	'2021-06-17 11:10:33',	'2021-06-17 11:10:33'),
(74,	86,	3,	7,	1,	'temp/testec848534a0af61f994a8372adafc2b90.png',	'ac6b38332836de65e2b34d962fb66abar3',	1,	'2021-06-17 12:49:42',	'2021-06-17 12:49:42'),
(76,	93,	3,	25,	1,	'temp/testce60f31508e648b1bf15cdc56913644f.png',	'7cea1d5c643602aa880978229df51e86r3',	1,	'2021-06-17 17:43:28',	'2021-06-17 17:43:28'),
(78,	97,	94,	93,	1,	'temp/test057772c6ac294f305cf7eaefc3ac6d84.png',	'e725c89b795af5c7efd0c836f075927br94',	1,	'2021-06-17 19:43:24',	'2021-06-17 19:43:24'),
(79,	92,	3,	7,	1,	'temp/test36f97dd8f7d580e17ccf9d57ade8a021.png',	'5b136475aeccb05d62b1770e429ce836r3',	1,	'2021-06-18 10:16:09',	'2021-06-18 10:16:09'),
(80,	89,	3,	7,	1,	'temp/test1461f47d5a6318d3b9b517f074d2c473.png',	'f6eed5d41fac58abc6a64f1608624099r3',	1,	'2021-06-18 10:22:25',	'2021-06-18 10:22:25'),
(81,	90,	3,	25,	1,	'temp/testd691d1308ea0464bbdb1e19d99e43ce7.png',	'b873616094335f6a744c0653d83c5d4ar3',	1,	'2021-06-18 10:25:40',	'2021-06-18 10:25:40'),
(82,	91,	3,	25,	1,	'temp/test9f82d4c0b7753a0afee26c4c6f0618b2.png',	'1ea9ac97412ffdaae92ae76fa614e926r3',	1,	'2021-06-18 10:28:20',	'2021-06-18 10:28:20'),
(83,	91,	3,	25,	1,	'temp/test544c378e4a12670fbafa8a74b5421137.png',	'36988e76ba1d1ac54c0c4ba3df271d73r3',	1,	'2021-06-18 10:29:54',	'2021-06-18 10:29:54'),
(84,	91,	3,	25,	1,	'temp/testdeee79d4065fb1cfab14ece5412ec0d0.png',	'bbc7567e7b50da3d8745f34086ddaf83r3',	1,	'2021-06-18 10:31:04',	'2021-06-18 10:31:04'),
(85,	98,	3,	7,	1,	'temp/test647a54f7732c7b5ae49a1acc00cb0aba.png',	'cca7aa75083031f4ae89033ee659bf0fr3',	1,	'2021-06-18 10:40:09',	'2021-06-18 10:40:09'),
(86,	99,	3,	7,	1,	'temp/test04c92a7a303022071b0f14dba6bc1a71.png',	'19fe15cead99009c6867d485e20caee7r3',	1,	'2021-06-18 10:55:23',	'2021-06-18 10:55:23'),
(87,	100,	3,	7,	1,	'temp/test6c64870cfc1866bb0aaf273b496861c6.png',	'9922ae6f5321fdc6627786ef03b164efr3',	1,	'2021-06-18 11:02:13',	'2021-06-18 11:02:13'),
(88,	101,	3,	7,	1,	'temp/testeb5eb0933f1325837552a2b63e2efa05.png',	'4823e729753f32101a15e9e37c999234r3',	1,	'2021-06-18 11:08:42',	'2021-06-18 11:08:42'),
(89,	102,	3,	7,	1,	'temp/testa327f722ccb9adda8ef32b1691852e7b.png',	'd954f0c010a2f5e33263dec51d2f92a5r3',	1,	'2021-06-18 11:12:34',	'2021-06-18 11:12:34'),
(90,	103,	3,	7,	1,	'temp/testb9ee59d74f69f9025abeb12bea09d07e.png',	'c88066d1b6503419ef2400e40d8fe8cfr3',	1,	'2021-06-18 11:17:27',	'2021-06-18 11:17:27'),
(91,	104,	3,	7,	1,	'temp/testcc26540691022d67261103d057227073.png',	'c0b021512711b41e546c434f429f14f7r3',	1,	'2021-06-18 11:21:38',	'2021-06-18 11:21:38'),
(92,	105,	3,	7,	1,	'temp/test3fbe6aa772bbb2dfc0194c50f5b47285.png',	'c75a0dbb5bf69ffa59312c00d6b803ccr3',	1,	'2021-06-18 11:26:07',	'2021-06-18 11:26:07'),
(96,	113,	3,	7,	1,	'temp/testde51a036ea26406076cf42fc56951f2b.png',	'7d74cead12ade0da5964ffbb00a504edr3',	1,	'2021-06-18 20:46:35',	'2021-06-18 20:46:35'),
(97,	125,	97,	98,	1,	'temp/testaf0cf2a06ed9bebe8cc4cc724ec040aa.png',	'0cf6ce6a8196a6ad0eaf11fabaa220efr97',	1,	'2021-06-21 18:03:42',	'2021-06-21 18:03:42'),
(98,	129,	99,	98,	1,	'temp/test7153419d2306ed2cca7bb21e17a17372.png',	'105223f5149a09fb0be3ffd1e41b847er99',	1,	'2021-06-21 20:02:16',	'2021-06-21 20:02:16'),
(100,	128,	3,	7,	1,	'temp/test2ce1218f32355a4793d7e44994791a7f.png',	'10011963dcb9957e5ad52be0971e0ff2r3',	1,	'2021-06-21 20:32:02',	'2021-06-21 20:32:02'),
(101,	126,	3,	98,	1,	'temp/test9894aae34518abc79209910eb7f2dfd0.png',	'050b882f935ea10b9047191713b04a93r3',	1,	'2021-06-21 20:37:13',	'2021-06-21 20:37:13'),
(102,	124,	101,	7,	1,	'temp/test1f7f48deb7a0b586a7f5dc8618a9c424.png',	'3d2f608fa95ab5c8289d5cffe6e6eb52r101',	1,	'2021-06-21 20:42:45',	'2021-06-21 20:42:45'),
(103,	121,	103,	7,	1,	'temp/test41509a8616b42db2149c0be708317886.png',	'd488ce09669869ffc50014319d181923r103',	1,	'2021-06-21 20:47:03',	'2021-06-21 20:47:03'),
(104,	123,	3,	7,	1,	'temp/test0e5286b70f6aaed85134923347eca978.png',	'7ebc8d939dff5ecb833b04efba992fe1r3',	1,	'2021-06-22 09:51:39',	'2021-06-22 09:51:39'),
(105,	122,	3,	7,	1,	'temp/test9e1ee0e67e2faf6de29b8114bf6291f8.png',	'4e141aa5c04317c76c028ee0d75c8124r3',	1,	'2021-06-22 10:02:07',	'2021-06-22 10:02:07'),
(106,	106,	104,	69,	1,	'temp/testf5cd03597ef94de5a6acd9d7f4e31ea1.png',	'152b4bc483a63cadff460f81c165036er104',	1,	'2021-06-22 11:03:20',	'2021-06-22 11:03:20'),
(108,	110,	8,	7,	1,	'temp/teste423e2babd4cc533932426ee0d3e7e35.png',	'ae71e5f37eca2d4ca0200d3c144160c7r8',	1,	'2021-06-22 12:27:49',	'2021-06-22 12:27:49'),
(110,	120,	3,	7,	1,	'temp/testd29a2b775c4e1e5b509c61a3786d6be2.png',	'eb9be09b940ffc8c86e47342947c238cr3',	1,	'2021-06-22 12:34:27',	'2021-06-22 12:34:27'),
(111,	132,	3,	7,	1,	'temp/test714710dfc10accfb038885b041758eb7.png',	'8c44f67a7d13a32c412f7bc31fd4f30er3',	1,	'2021-06-22 15:09:06',	'2021-06-22 15:09:06'),
(121,	230,	3,	7,	1,	'temp/testcac2f877ee0c9d5db9cab317a8e04ccc.png',	'47f1797835591d2dc19e061f0c5ea87ar3',	1,	'2021-09-02 16:07:37',	'2021-09-02 16:07:37'),
(122,	231,	108,	106,	1,	'temp/test4075c2c6d893fb1b5153239ec807b432.png',	'1ffadc6c6c59a0a11dfe8d63961475aer108',	1,	'2021-09-02 18:43:49',	'2021-09-02 18:43:49'),
(123,	232,	108,	106,	1,	'temp/test88054bcbd74399431a3d7f0afad2eea7.png',	'827fa7572a9f228840f51d5ef4c78c8cr108',	1,	'2021-09-02 18:48:27',	'2021-09-02 18:48:27'),
(124,	235,	110,	109,	1,	'temp/test29ad8b9e4a3f873433b355c3f5e8e175.png',	'daaa09a83bdfe2a46cdeaa4b763739b9r110',	1,	'2021-09-02 19:01:17',	'2021-09-02 19:01:17'),
(125,	234,	111,	106,	1,	'temp/test7c400bc790b251ec89e05e91644935b1.png',	'9737998eadde4ee9d57d568305d24cd4r111',	1,	'2021-09-02 19:01:35',	'2021-09-02 19:01:35'),
(126,	233,	111,	106,	1,	'temp/testf6e4c97519cc99d2f8f7ff5b5c339123.png',	'2807e04756c1ca4e580c05b9faa82518r111',	1,	'2021-09-02 19:02:21',	'2021-09-02 19:02:21'),
(130,	239,	2,	106,	1,	'temp/test7717c3cedbb9373b78c38e732ce88669.png',	'e1e2f311df45513e3ee76e77a983f49br2',	1,	'2021-09-02 22:18:58',	'2021-09-02 22:18:58'),
(133,	247,	2,	7,	1,	'temp/test26ffa0ec8deda3f52b3bcc815e6173af.png',	'8bcd34fa88f2067092eeb18139117127r2',	1,	'2021-09-07 10:32:38',	'2021-09-07 10:32:38'),
(135,	238,	120,	106,	1,	'temp/test3538a1a66f3773028979b98e8ef9dd7e.png',	'f3a8f1dbb0ce99e89aefadc5dada07f5r120',	1,	'2021-09-13 10:36:40',	'2021-09-13 10:36:40'),
(136,	240,	3,	52,	1,	'temp/test340d6e1fb1c8b382c2eda62fcf0eec75.png',	'72ac44d3afe7ab234ccea491afc4407fr3',	1,	'2021-09-13 10:45:55',	'2021-09-13 10:45:55');

DROP TABLE IF EXISTS `job_questions`;
CREATE TABLE `job_questions` (
  `id` bigint(20) unsigned NOT NULL AUTO_INCREMENT,
  `job_id` int(10) unsigned NOT NULL,
  `q_id` int(10) unsigned NOT NULL,
  `created_at` timestamp NULL DEFAULT NULL,
  `updated_at` timestamp NULL DEFAULT NULL,
  PRIMARY KEY (`id`)
) ENGINE=InnoDB DEFAULT CHARSET=utf8mb4 COLLATE=utf8mb4_unicode_ci;

INSERT INTO `job_questions` (`id`, `job_id`, `q_id`, `created_at`, `updated_at`) VALUES
(118,	231,	2,	'2021-09-02 18:26:23',	'2021-09-02 18:26:23'),
(119,	231,	9,	'2021-09-02 18:26:23',	'2021-09-02 18:26:23'),
(120,	232,	2,	'2021-09-02 18:44:53',	'2021-09-02 18:44:53'),
(121,	233,	16,	'2021-09-02 18:46:02',	'2021-09-02 18:46:02'),
(122,	234,	2,	'2021-09-02 18:55:15',	'2021-09-02 18:55:15'),
(123,	235,	6,	'2021-09-02 18:56:29',	'2021-09-02 18:56:29'),
(124,	236,	2,	'2021-09-02 19:04:03',	'2021-09-02 19:04:03'),
(125,	237,	15,	'2021-09-02 19:26:05',	'2021-09-02 19:26:05'),
(126,	238,	15,	'2021-09-02 19:31:56',	'2021-09-02 19:31:56'),
(127,	239,	2,	'2021-09-02 19:55:38',	'2021-09-02 19:55:38'),
(128,	240,	16,	'2021-09-02 20:01:40',	'2021-09-02 20:01:40'),
(129,	241,	2,	'2021-09-02 21:19:07',	'2021-09-02 21:19:07'),
(130,	241,	4,	'2021-09-02 21:19:07',	'2021-09-02 21:19:07'),
(131,	241,	3,	'2021-09-02 21:19:07',	'2021-09-02 21:19:07'),
(132,	242,	5,	'2021-09-02 21:21:43',	'2021-09-02 21:21:43'),
(133,	243,	9,	'2021-09-03 18:31:43',	'2021-09-03 18:31:43'),
(134,	244,	2,	'2021-09-03 18:54:03',	'2021-09-03 18:54:03'),
(135,	245,	2,	'2021-09-06 14:11:49',	'2021-09-06 14:11:49'),
(136,	247,	3,	'2021-09-07 10:17:29',	'2021-09-07 10:17:29'),
(137,	248,	16,	'2021-09-09 11:37:24',	'2021-09-09 11:37:24'),
(138,	249,	2,	'2021-09-10 11:15:29',	'2021-09-10 11:15:29'),
(139,	249,	2,	'2021-09-10 11:15:29',	'2021-09-10 11:15:29'),
(140,	249,	2,	'2021-09-10 11:15:29',	'2021-09-10 11:15:29'),
(141,	250,	2,	'2021-09-10 11:58:53',	'2021-09-10 11:58:53'),
(142,	250,	2,	'2021-09-10 11:58:53',	'2021-09-10 11:58:53'),
(143,	250,	2,	'2021-09-10 11:58:53',	'2021-09-10 11:58:53');

DROP TABLE IF EXISTS `job_requests`;
CREATE TABLE `job_requests` (
  `id` bigint(20) unsigned NOT NULL AUTO_INCREMENT,
  `job_id` int(10) unsigned NOT NULL,
  `user_id` int(10) unsigned NOT NULL,
  `description` varchar(255) COLLATE utf8mb4_unicode_ci DEFAULT NULL,
  `price` varchar(255) COLLATE utf8mb4_unicode_ci DEFAULT NULL,
  `status` tinyint(1) NOT NULL DEFAULT 1,
  `created_at` timestamp NULL DEFAULT NULL,
  `updated_at` timestamp NULL DEFAULT NULL,
  PRIMARY KEY (`id`)
) ENGINE=InnoDB DEFAULT CHARSET=utf8mb4 COLLATE=utf8mb4_unicode_ci;

INSERT INTO `job_requests` (`id`, `job_id`, `user_id`, `description`, `price`, `status`, `created_at`, `updated_at`) VALUES
(9,	1,	3,	'Here\'s the description',	NULL,	1,	'2021-06-15 10:52:35',	'2021-06-15 10:52:35');

DROP TABLE IF EXISTS `main_category`;
CREATE TABLE `main_category` (
  `id` bigint(20) unsigned NOT NULL AUTO_INCREMENT,
  `category_name` varchar(255) COLLATE utf8mb4_unicode_ci NOT NULL,
  `image` varchar(255) COLLATE utf8mb4_unicode_ci DEFAULT NULL,
  `status` tinyint(1) NOT NULL DEFAULT 1,
  `created_at` timestamp NULL DEFAULT NULL,
  `updated_at` timestamp NULL DEFAULT NULL,
  PRIMARY KEY (`id`)
) ENGINE=InnoDB DEFAULT CHARSET=utf8mb4 COLLATE=utf8mb4_unicode_ci;


DROP TABLE IF EXISTS `migrations`;
CREATE TABLE `migrations` (
  `id` int(10) unsigned NOT NULL AUTO_INCREMENT,
  `migration` varchar(255) COLLATE utf8mb4_unicode_ci NOT NULL,
  `batch` int(11) NOT NULL,
  PRIMARY KEY (`id`)
) ENGINE=InnoDB DEFAULT CHARSET=utf8mb4 COLLATE=utf8mb4_unicode_ci;

INSERT INTO `migrations` (`id`, `migration`, `batch`) VALUES
(1,	'2021_03_11_104120_create_questions',	1),
(2,	'2021_03_11_104422_create_question_options',	1),
(3,	'2021_03_11_104602_create_main_category',	1),
(4,	'2021_03_11_104615_create_sub_category',	1),
(5,	'2021_03_11_104640_create_mobileemailotp',	1),
(6,	'2021_03_11_104656_create_user_roles',	1),
(7,	'2021_03_11_104735_create_user_ratings',	1),
(8,	'2021_03_11_104803_create_jobs',	1),
(9,	'2021_03_11_104829_create_job_requests',	1),
(10,	'2021_03_11_105251_create_mobilesessions',	1),
(11,	'2021_03_11_105323_create_user_details',	1),
(12,	'2021_03_11_105411_create_job_images',	1),
(13,	'2021_03_11_105670_create_users',	1),
(14,	'2021_03_11_113005_create_country',	1),
(15,	'2021_03_11_135214_create_jobs_question_options',	1),
(16,	'2021_03_12_064249_create_classification',	1),
(17,	'2021_03_12_064327_create_activities',	1),
(18,	'2021_03_12_064404_create_retail_product_offered',	1),
(19,	'2021_03_12_070526_create_activities_question_option',	1),
(20,	'2021_03_16_112400_create_classification_question_option_table',	1),
(21,	'2021_03_18_071204_create_job_question_option_table',	1),
(22,	'2021_03_29_115546_create_services_table',	1);

DROP TABLE IF EXISTS `mobileemailotp`;
CREATE TABLE `mobileemailotp` (
  `id` bigint(20) unsigned NOT NULL AUTO_INCREMENT,
  `user_id` int(10) unsigned NOT NULL,
  `tokenforemail` varchar(255) COLLATE utf8mb4_unicode_ci DEFAULT NULL,
  `expiry_date` varchar(255) COLLATE utf8mb4_unicode_ci DEFAULT NULL,
  `status` tinyint(1) NOT NULL DEFAULT 1,
  `created_at` timestamp NULL DEFAULT NULL,
  `updated_at` timestamp NULL DEFAULT NULL,
  PRIMARY KEY (`id`)
) ENGINE=InnoDB DEFAULT CHARSET=utf8mb4 COLLATE=utf8mb4_unicode_ci;

INSERT INTO `mobileemailotp` (`id`, `user_id`, `tokenforemail`, `expiry_date`, `status`, `created_at`, `updated_at`) VALUES
(4,	6,	'111222',	NULL,	1,	'2021-04-08 10:18:15',	'2021-04-08 10:18:15'),
(6,	8,	'111222',	NULL,	1,	'2021-04-08 13:39:31',	'2021-04-08 13:39:31'),
(9,	13,	'111222',	NULL,	1,	'2021-04-09 14:39:48',	'2021-04-09 14:39:48'),
(10,	20,	'111222',	NULL,	1,	'2021-04-09 15:41:10',	'2021-04-09 15:41:10'),
(11,	22,	'111222',	NULL,	1,	'2021-04-12 09:44:06',	'2021-04-12 09:44:06'),
(12,	23,	'111222',	NULL,	1,	'2021-04-12 09:44:24',	'2021-04-12 09:44:24'),
(13,	25,	'111222',	NULL,	1,	'2021-04-12 09:47:54',	'2021-04-12 09:47:54'),
(14,	26,	'111222',	NULL,	1,	'2021-04-12 10:21:37',	'2021-04-12 10:21:37'),
(15,	27,	'111222',	NULL,	1,	'2021-04-12 10:23:38',	'2021-04-12 10:23:38'),
(16,	34,	'111222',	NULL,	1,	'2021-04-12 15:53:17',	'2021-04-12 15:53:17'),
(17,	35,	'111222',	NULL,	1,	'2021-04-12 16:00:52',	'2021-04-12 16:00:52'),
(18,	36,	'111222',	NULL,	1,	'2021-04-12 16:07:30',	'2021-04-12 16:07:30'),
(22,	46,	'111222',	NULL,	1,	'2021-04-16 10:10:08',	'2021-04-16 10:10:08'),
(33,	7,	'111222',	NULL,	1,	'2021-04-16 10:46:41',	'2021-04-16 10:46:41'),
(34,	7,	'111222',	NULL,	1,	'2021-04-16 10:48:32',	'2021-04-16 10:48:32'),
(35,	7,	'111222',	NULL,	1,	'2021-04-16 10:56:17',	'2021-04-16 10:56:17'),
(36,	7,	'111222',	NULL,	1,	'2021-04-16 10:58:23',	'2021-04-16 10:58:23'),
(37,	7,	'111222',	NULL,	1,	'2021-04-16 10:59:23',	'2021-04-16 10:59:23'),
(38,	7,	'111222',	NULL,	1,	'2021-04-16 11:04:27',	'2021-04-16 11:04:27'),
(39,	7,	'111222',	NULL,	1,	'2021-04-16 11:04:52',	'2021-04-16 11:04:52'),
(40,	7,	'111222',	NULL,	1,	'2021-04-16 11:05:14',	'2021-04-16 11:05:14'),
(41,	7,	'111222',	NULL,	1,	'2021-04-16 11:05:18',	'2021-04-16 11:05:18'),
(42,	7,	'111222',	NULL,	1,	'2021-04-16 11:05:22',	'2021-04-16 11:05:22'),
(43,	7,	'111222',	NULL,	1,	'2021-04-16 11:06:36',	'2021-04-16 11:06:36'),
(44,	7,	'111222',	NULL,	1,	'2021-04-16 11:07:12',	'2021-04-16 11:07:12'),
(45,	7,	'111222',	NULL,	1,	'2021-04-16 11:10:47',	'2021-04-16 11:10:47'),
(46,	7,	'111222',	NULL,	1,	'2021-04-16 11:14:11',	'2021-04-16 11:14:11'),
(48,	7,	'111222',	NULL,	1,	'2021-04-16 14:04:21',	'2021-04-16 14:04:21'),
(49,	7,	'111222',	NULL,	1,	'2021-04-16 14:05:40',	'2021-04-16 14:05:40'),
(50,	7,	'111222',	NULL,	1,	'2021-04-16 14:06:28',	'2021-04-16 14:06:28'),
(51,	7,	'111222',	NULL,	1,	'2021-04-16 14:07:52',	'2021-04-16 14:07:52'),
(57,	54,	'111222',	NULL,	1,	'2021-04-27 12:20:37',	'2021-04-27 12:20:37'),
(58,	55,	'111222',	NULL,	1,	'2021-04-28 10:47:11',	'2021-04-28 10:47:11'),
(59,	56,	'111222',	NULL,	1,	'2021-04-28 15:13:34',	'2021-04-28 15:13:34'),
(60,	57,	'111222',	NULL,	1,	'2021-04-28 15:16:15',	'2021-04-28 15:16:15'),
(61,	7,	'111222',	NULL,	1,	'2021-04-28 15:25:49',	'2021-04-28 15:25:49'),
(66,	61,	'111222',	NULL,	1,	'2021-05-04 10:05:50',	'2021-05-04 10:05:50'),
(67,	62,	'111222',	NULL,	1,	'2021-05-04 10:09:16',	'2021-05-04 10:09:16'),
(73,	68,	'111222',	NULL,	1,	'2021-05-04 10:46:08',	'2021-05-04 10:46:08'),
(77,	72,	'111222',	NULL,	1,	'2021-06-02 16:43:54',	'2021-06-02 16:43:54'),
(83,	78,	'111222',	NULL,	1,	'2021-06-02 17:46:45',	'2021-06-02 17:46:45'),
(86,	81,	'111222',	NULL,	1,	'2021-06-03 10:27:32',	'2021-06-03 10:27:32'),
(87,	82,	'111222',	NULL,	1,	'2021-06-04 17:23:04',	'2021-06-04 17:23:04'),
(100,	95,	'111222',	NULL,	1,	'2021-06-18 15:40:15',	'2021-06-18 15:40:15'),
(101,	96,	'111222',	NULL,	1,	'2021-06-18 15:40:17',	'2021-06-18 15:40:17'),
(116,	111,	'111222',	NULL,	1,	'2021-09-02 19:01:10',	'2021-09-02 19:01:10'),
(117,	112,	'111222',	NULL,	1,	'2021-09-02 19:07:35',	'2021-09-02 19:07:35'),
(124,	117,	'111222',	NULL,	1,	'2021-09-03 18:11:23',	'2021-09-03 18:11:23'),
(125,	118,	'111222',	NULL,	1,	'2021-09-03 18:22:58',	'2021-09-03 18:22:58'),
(127,	7,	'111222',	NULL,	1,	'2021-09-06 13:00:48',	'2021-09-06 13:00:48'),
(128,	7,	'111222',	NULL,	1,	'2021-09-06 13:00:59',	'2021-09-06 13:00:59'),
(129,	7,	'111222',	NULL,	1,	'2021-09-06 13:57:51',	'2021-09-06 13:57:51'),
(132,	121,	'111222',	NULL,	1,	'2021-09-17 12:06:25',	'2021-09-17 12:06:25'),
(134,	123,	'111222',	NULL,	1,	'2021-09-17 13:34:06',	'2021-09-17 13:34:06');

DROP TABLE IF EXISTS `mobilesessions`;
CREATE TABLE `mobilesessions` (
  `id` bigint(20) unsigned NOT NULL AUTO_INCREMENT,
  `user_id` int(10) unsigned NOT NULL,
  `remember_token` varchar(255) COLLATE utf8mb4_unicode_ci DEFAULT NULL,
  `expiry_date` varchar(255) COLLATE utf8mb4_unicode_ci DEFAULT NULL,
  `status` tinyint(1) NOT NULL DEFAULT 1,
  `created_at` timestamp NULL DEFAULT NULL,
  `updated_at` timestamp NULL DEFAULT NULL,
  PRIMARY KEY (`id`)
) ENGINE=InnoDB DEFAULT CHARSET=utf8mb4 COLLATE=utf8mb4_unicode_ci;

INSERT INTO `mobilesessions` (`id`, `user_id`, `remember_token`, `expiry_date`, `status`, `created_at`, `updated_at`) VALUES
(1,	3,	'0db1e063fdd4183e49a16d6bbbfd6870',	NULL,	1,	'2021-03-31 05:24:49',	'2021-03-31 05:24:49'),
(2,	3,	'd7debf120ff9699275192a5e3818e343',	NULL,	1,	'2021-03-31 05:25:25',	'2021-03-31 05:25:25'),
(3,	3,	'138f20916b2b74079f6b53f7cb12a0b6',	NULL,	1,	'2021-04-01 01:08:53',	'2021-04-01 01:08:53'),
(4,	6,	'4f6e95ff3dc55249b6549f6595deeb96',	NULL,	1,	'2021-04-08 10:18:42',	'2021-04-08 10:18:42'),
(5,	5,	'75afc64367ace89951c7516de2a4abdf',	NULL,	1,	'2021-04-08 10:20:06',	'2021-04-08 10:20:06'),
(6,	5,	'8533f61889a7795875cab3aa2175aecf',	NULL,	1,	'2021-04-08 11:32:06',	'2021-04-08 11:32:06'),
(7,	7,	'78f7c8fdc365c9aecb3cee2d000049d7',	NULL,	1,	'2021-04-08 11:34:47',	'2021-04-08 11:34:47'),
(8,	8,	'0f756453af63efbc4d2a70e787059f57',	NULL,	1,	'2021-04-08 13:39:55',	'2021-04-08 13:39:55'),
(9,	7,	'7b67929371cd929a17fcefa0b9d729db',	NULL,	1,	'2021-04-08 17:16:09',	'2021-04-08 17:16:09'),
(10,	2,	'33592d22f8938dacbac584b7fce1a5bc',	NULL,	1,	'2021-04-08 17:37:28',	'2021-04-08 17:37:28'),
(11,	2,	'443e03f47f6c3dcdbf99165780b8390f',	NULL,	1,	'2021-04-08 17:39:09',	'2021-04-08 17:39:09'),
(12,	3,	'09583023fa0477eaa0913a7fe809fb9a',	NULL,	1,	'2021-04-08 17:39:54',	'2021-04-08 17:39:54'),
(13,	7,	'85df971d86e0949e714ef27e467743d4',	NULL,	1,	'2021-04-08 19:04:45',	'2021-04-08 19:04:45'),
(14,	3,	'de534eec8df064aee109458963f06e24',	NULL,	1,	'2021-04-09 09:50:54',	'2021-04-09 09:50:54'),
(15,	2,	'3eefe2414c2867200400ec30f39c1b8d',	NULL,	1,	'2021-04-09 10:01:01',	'2021-04-09 10:01:01'),
(16,	2,	'04515d289598a91def03c98c2222d26e',	NULL,	1,	'2021-04-09 10:01:58',	'2021-04-09 10:01:58'),
(17,	5,	'c5f23e522ea93d6027ed0a609413f726',	NULL,	1,	'2021-04-09 10:45:20',	'2021-04-09 10:45:20'),
(18,	9,	'aeb626dd86eb9cfea4bb597483371cb5',	NULL,	1,	'2021-04-09 10:53:13',	'2021-04-09 10:53:13'),
(19,	9,	'73dd4d21b60c34a8fcf090acec096a70',	NULL,	1,	'2021-04-09 11:04:02',	'2021-04-09 11:04:02'),
(20,	9,	'70b675dd85cfda1856d0190d2c3245fb',	NULL,	1,	'2021-04-09 11:05:30',	'2021-04-09 11:05:30'),
(21,	9,	'85095eef77f83257b382dea42088a5bf',	NULL,	1,	'2021-04-09 11:06:25',	'2021-04-09 11:06:25'),
(22,	7,	'34bb650cfa60351c84e3bcfae52c3066',	NULL,	1,	'2021-04-09 11:27:32',	'2021-04-09 11:27:32'),
(23,	5,	'be24a629de11fb91b72f58aa2f0f0f5d',	NULL,	1,	'2021-04-09 11:41:21',	'2021-04-09 11:41:21'),
(24,	9,	'18dddd7c92dce3b6d78d359ca9aebcb2',	NULL,	1,	'2021-04-09 11:51:25',	'2021-04-09 11:51:25'),
(25,	9,	'f0b19067b716bfaf5411c303d92c82f1',	NULL,	1,	'2021-04-09 12:09:02',	'2021-04-09 12:09:02'),
(26,	9,	'47a8e901f3b20e678892b265f5a18cbd',	NULL,	1,	'2021-04-09 13:44:41',	'2021-04-09 13:44:41'),
(27,	9,	'5b3a75adf6b8e52910e85c02d3c42d74',	NULL,	1,	'2021-04-09 13:45:36',	'2021-04-09 13:45:36'),
(28,	5,	'a695e4418220153bbf7636f6467ad368',	NULL,	1,	'2021-04-09 13:51:19',	'2021-04-09 13:51:19'),
(29,	9,	'f70960583740d3dac076db74dbac539a',	NULL,	1,	'2021-04-09 13:53:59',	'2021-04-09 13:53:59'),
(30,	9,	'3a88b6800fc4284de0cfbb5a663a01f0',	NULL,	1,	'2021-04-09 13:59:05',	'2021-04-09 13:59:05'),
(31,	9,	'a4acad7e7533e24d6aee8c628adecd49',	NULL,	1,	'2021-04-09 14:17:17',	'2021-04-09 14:17:17'),
(32,	9,	'eee20b13dc533549908f48ebedf7f4b4',	NULL,	1,	'2021-04-09 14:20:12',	'2021-04-09 14:20:12'),
(33,	9,	'701aac712591032ca8266bedb037a3db',	NULL,	1,	'2021-04-09 14:21:55',	'2021-04-09 14:21:55'),
(34,	10,	'e86ce61d6316ef87084a3b05cba2a283',	NULL,	1,	'2021-04-09 14:31:11',	'2021-04-09 14:31:11'),
(35,	9,	'a12a0d07ca32d5c37fc5502944191c5a',	NULL,	1,	'2021-04-09 14:37:02',	'2021-04-09 14:37:02'),
(36,	7,	'ff1fbce72769974a6689ab70d00b489a',	NULL,	1,	'2021-04-09 15:15:10',	'2021-04-09 15:15:10'),
(37,	5,	'65acd518d2427fc90b98c6ced3bae79f',	NULL,	1,	'2021-04-09 15:16:50',	'2021-04-09 15:16:50'),
(38,	5,	'763ebf5d58408323b16b80cf8825351a',	NULL,	1,	'2021-04-09 15:18:38',	'2021-04-09 15:18:38'),
(39,	5,	'a6594c4b59ecd0d04711d03a5167203d',	NULL,	1,	'2021-04-09 15:20:33',	'2021-04-09 15:20:33'),
(40,	7,	'1cab9141dccbe08e0745396c735459c5',	NULL,	1,	'2021-04-09 15:22:38',	'2021-04-09 15:22:38'),
(41,	7,	'c61ab2888efb9c77aa2dca016c4890cd',	NULL,	1,	'2021-04-09 15:23:21',	'2021-04-09 15:23:21'),
(42,	2,	'acc816f164db3b302bc604a7e98e6101',	NULL,	1,	'2021-04-09 15:23:40',	'2021-04-09 15:23:40'),
(43,	2,	'68666f919054e43630345e7fcbf1636a',	NULL,	1,	'2021-04-09 15:29:51',	'2021-04-09 15:29:51'),
(44,	2,	'e052e9d32e203ee63dfd844c77970312',	NULL,	1,	'2021-04-09 15:33:31',	'2021-04-09 15:33:31'),
(45,	2,	'c9f456c2dfcae75cb9d7c637cc8810dd',	NULL,	1,	'2021-04-09 15:35:01',	'2021-04-09 15:35:01'),
(46,	3,	'5aaee7f2f14d1a078175ef0fece6f15f',	NULL,	1,	'2021-04-09 15:36:46',	'2021-04-09 15:36:46'),
(47,	20,	'58fa71a96c6859f40406a66dc7750279',	NULL,	1,	'2021-04-09 15:41:40',	'2021-04-09 15:41:40'),
(48,	20,	'98201f2600f7ceba636a25b31e87eeb3',	NULL,	1,	'2021-04-09 15:42:43',	'2021-04-09 15:42:43'),
(49,	20,	'cc5f6b56244e1c6dbe623ce5ff7c7b74',	NULL,	1,	'2021-04-09 15:49:46',	'2021-04-09 15:49:46'),
(50,	20,	'cec5eb215d6e14763afa63fe091b01f6',	NULL,	1,	'2021-04-09 15:51:05',	'2021-04-09 15:51:05'),
(51,	7,	'5229bd79600f7b57099f49a3fec695aa',	NULL,	1,	'2021-04-09 16:02:25',	'2021-04-09 16:02:25'),
(52,	20,	'8b6c0afdca8abd113af052d2e00d8316',	NULL,	1,	'2021-04-09 16:10:32',	'2021-04-09 16:10:32'),
(53,	20,	'3f07d02db9403362fe1ba2477b3a3ce7',	NULL,	1,	'2021-04-09 16:28:37',	'2021-04-09 16:28:37'),
(54,	20,	'1de06b17578cc5a14bb4842337cd1474',	NULL,	1,	'2021-04-09 16:28:45',	'2021-04-09 16:28:45'),
(55,	7,	'f6e6ab270c4951b8f8acd00242beeb3f',	NULL,	1,	'2021-04-09 16:58:58',	'2021-04-09 16:58:58'),
(56,	7,	'92905300441d1a32989d49211847801a',	NULL,	1,	'2021-04-09 17:14:37',	'2021-04-09 17:14:37'),
(57,	3,	'eb69c0699b7ba6a05d6def14e6508ee8',	NULL,	1,	'2021-04-09 17:43:49',	'2021-04-09 17:43:49'),
(58,	7,	'58fc0511a8849241915b0a1cd9494531',	NULL,	1,	'2021-04-09 17:58:56',	'2021-04-09 17:58:56'),
(59,	27,	'bc31dc78502be3f538b8aba8fa19c3fd',	NULL,	1,	'2021-04-12 10:24:13',	'2021-04-12 10:24:13'),
(60,	7,	'd935e7f9979479234a63630f5cb28a6a',	NULL,	1,	'2021-04-12 10:37:32',	'2021-04-12 10:37:32'),
(61,	3,	'eeb8f19d104c2c7605c7610a345942e0',	NULL,	1,	'2021-04-12 10:53:36',	'2021-04-12 10:53:36'),
(62,	25,	'865e6d93a008e53a355c025e52564546',	NULL,	1,	'2021-04-12 11:11:59',	'2021-04-12 11:11:59'),
(63,	7,	'3ee23494799014ed5363c72912242038',	NULL,	1,	'2021-04-12 11:19:37',	'2021-04-12 11:19:37'),
(64,	7,	'45ff0085da9747044d1e7c30919c3ace',	NULL,	1,	'2021-04-12 13:33:33',	'2021-04-12 13:33:33'),
(65,	3,	'37486cc0da23e3ffa694314d302560db',	NULL,	1,	'2021-04-12 13:34:22',	'2021-04-12 13:34:22'),
(66,	7,	'a3f9fa1318eaab842f94ff9ddb54e869',	NULL,	1,	'2021-04-12 13:37:41',	'2021-04-12 13:37:41'),
(67,	7,	'9340c0b477717fb7f7c6ef9e9bd20d0a',	NULL,	1,	'2021-04-12 13:42:00',	'2021-04-12 13:42:00'),
(68,	9,	'2b49bbd6549d492396c05c367ed58140',	NULL,	1,	'2021-04-12 13:58:28',	'2021-04-12 13:58:28'),
(69,	9,	'79b6eb8401f2fa9fb2aca026d28040ff',	NULL,	1,	'2021-04-12 14:06:57',	'2021-04-12 14:06:57'),
(70,	9,	'fc8cb25a5867bab0565f748fb6b35a4e',	NULL,	1,	'2021-04-12 14:08:19',	'2021-04-12 14:08:19'),
(71,	7,	'72c44f2f0c4a638d6bde76fba046bf7f',	NULL,	1,	'2021-04-12 14:14:19',	'2021-04-12 14:14:19'),
(72,	7,	'3781f5c21d053242add64573bb0bb765',	NULL,	1,	'2021-04-12 14:20:11',	'2021-04-12 14:20:11'),
(73,	7,	'd1c1455f9a4f9d7209e05c3a00357419',	NULL,	1,	'2021-04-12 14:58:18',	'2021-04-12 14:58:18'),
(74,	7,	'2075f9d2e3d1f019b302b27f141092fe',	NULL,	1,	'2021-04-12 15:16:45',	'2021-04-12 15:16:45'),
(75,	9,	'452795f2235afab3c617339d098e3b8f',	NULL,	1,	'2021-04-12 15:17:17',	'2021-04-12 15:17:17'),
(76,	7,	'b2a1b0402aac53e38d1c3fa8e38cf34b',	NULL,	1,	'2021-04-12 15:23:31',	'2021-04-12 15:23:31'),
(77,	7,	'eef240861394b7bed422836779d2a168',	NULL,	1,	'2021-04-12 15:24:58',	'2021-04-12 15:24:58'),
(78,	7,	'd14aedd7584e199efcbb47efa9f301e6',	NULL,	1,	'2021-04-12 15:27:44',	'2021-04-12 15:27:44'),
(79,	9,	'a35cf54c9d0d6c3643888a6de842059e',	NULL,	1,	'2021-04-12 15:45:32',	'2021-04-12 15:45:32'),
(80,	9,	'a3101a586b44021a6aa6223de79c12f3',	NULL,	1,	'2021-04-12 15:47:50',	'2021-04-12 15:47:50'),
(81,	7,	'5903ac0f323b7f07175d69db5c421d98',	NULL,	1,	'2021-04-12 15:48:27',	'2021-04-12 15:48:27'),
(82,	7,	'a2e6e3e311704d1bd6893a71ce7f7a81',	NULL,	1,	'2021-04-12 16:11:42',	'2021-04-12 16:11:42'),
(83,	37,	'be1520c83debef8601e6e98083762ba4',	NULL,	1,	'2021-04-12 16:20:07',	'2021-04-12 16:20:07'),
(84,	37,	'fb6110a3a8469bfca4dd68eae8a35af0',	NULL,	1,	'2021-04-12 16:26:50',	'2021-04-12 16:26:50'),
(85,	37,	'4c1c31c39343273f3946468fa50742a8',	NULL,	1,	'2021-04-12 17:29:02',	'2021-04-12 17:29:02'),
(86,	7,	'976565b2050ba4a8ed7958af2058425a',	NULL,	1,	'2021-04-13 09:58:25',	'2021-04-13 09:58:25'),
(87,	7,	'8bb96bc69d3a1980011436a164165abf',	NULL,	1,	'2021-04-13 10:34:42',	'2021-04-13 10:34:42'),
(88,	7,	'708cedef96a7068822601edf627a5c52',	NULL,	1,	'2021-04-13 11:59:01',	'2021-04-13 11:59:01'),
(89,	7,	'82d5d14bc1edd709c64ca07618deee17',	NULL,	1,	'2021-04-13 12:14:54',	'2021-04-13 12:14:54'),
(90,	7,	'6c04cf3389613e642ccfce1f380cd68b',	NULL,	1,	'2021-04-13 12:28:32',	'2021-04-13 12:28:32'),
(91,	7,	'9dfb1d5cfafcd7c6242f096492243680',	NULL,	1,	'2021-04-13 12:53:25',	'2021-04-13 12:53:25'),
(92,	7,	'4c37a8ecc68ebcdbd1c8009fd9bd59a1',	NULL,	1,	'2021-04-13 13:19:32',	'2021-04-13 13:19:32'),
(93,	7,	'82b7069e33ae61dca084668b3f8929c4',	NULL,	1,	'2021-04-13 14:25:08',	'2021-04-13 14:25:08'),
(94,	7,	'f94c5651e68a57b4b1dc3addf13a4a6d',	NULL,	1,	'2021-04-13 14:59:19',	'2021-04-13 14:59:19'),
(95,	3,	'29c201f2fa1cedede1d833834e0d060d',	NULL,	1,	'2021-04-13 16:10:22',	'2021-04-13 16:10:22'),
(96,	7,	'9eae85cc8854a2ad04fda2decdde8938',	NULL,	1,	'2021-04-14 11:52:27',	'2021-04-14 11:52:27'),
(97,	7,	'887c096d97ac75f772e9a4c48f1a3313',	NULL,	1,	'2021-04-14 11:56:33',	'2021-04-14 11:56:33'),
(98,	3,	'6400063faee09541fd53167aa7dba7d1',	NULL,	1,	'2021-04-14 12:05:20',	'2021-04-14 12:05:20'),
(99,	7,	'201382f309851aae88459a1967c0f65e',	NULL,	1,	'2021-04-14 14:15:10',	'2021-04-14 14:15:10'),
(100,	7,	'4dec1bab235fcb6f5235b23a7dda38b1',	NULL,	1,	'2021-04-14 14:51:05',	'2021-04-14 14:51:05'),
(101,	7,	'02206aee65837c770c5413089a4acf06',	NULL,	1,	'2021-04-14 15:03:20',	'2021-04-14 15:03:20'),
(102,	3,	'234746142d250307d7ec2ac990a8d57d',	NULL,	1,	'2021-04-14 15:34:17',	'2021-04-14 15:34:17'),
(103,	3,	'f6a06fc4dcda6a687d1e529f040abe8e',	NULL,	1,	'2021-04-14 15:36:33',	'2021-04-14 15:36:33'),
(104,	3,	'0b22abe005bcec67f125212c1400724e',	NULL,	1,	'2021-04-14 15:41:41',	'2021-04-14 15:41:41'),
(105,	3,	'1cb7b7780dd6d2616de6270faf923c18',	NULL,	1,	'2021-04-14 15:45:05',	'2021-04-14 15:45:05'),
(106,	3,	'ccd2237b64b357c2f887f1ec3b41149e',	NULL,	1,	'2021-04-14 15:48:04',	'2021-04-14 15:48:04'),
(107,	3,	'af5e4627541823a86b88d95aad13baf6',	NULL,	1,	'2021-04-14 15:52:36',	'2021-04-14 15:52:36'),
(108,	3,	'2ef09d0af8fb8c0cd35295228f39b9f9',	NULL,	1,	'2021-04-14 15:53:44',	'2021-04-14 15:53:44'),
(109,	3,	'dc4addea708b07d43688809d60604b1d',	NULL,	1,	'2021-04-14 15:54:58',	'2021-04-14 15:54:58'),
(110,	3,	'b9272750468c21d489ab5d22fde571d5',	NULL,	1,	'2021-04-14 15:58:36',	'2021-04-14 15:58:36'),
(111,	3,	'bcd6f99aaa1698ea1f69f877170c75e2',	NULL,	1,	'2021-04-14 15:59:09',	'2021-04-14 15:59:09'),
(112,	7,	'43550c930181984125165ea71d2f7877',	NULL,	1,	'2021-04-14 16:24:25',	'2021-04-14 16:24:25'),
(113,	7,	'93993917dd8b5b8373101d293b5639d6',	NULL,	1,	'2021-04-15 11:48:26',	'2021-04-15 11:48:26'),
(114,	7,	'39b3b3d9fabc6fa4c0483876ae2ed86d',	NULL,	1,	'2021-04-15 12:30:02',	'2021-04-15 12:30:02'),
(115,	45,	'e1cb1188284e104bb751d6213ca44125',	NULL,	1,	'2021-04-16 09:55:21',	'2021-04-16 09:55:21'),
(116,	46,	'ae66eb4d357166d0804b9db2aa49af4c',	NULL,	1,	'2021-04-16 10:00:29',	'2021-04-16 10:00:29'),
(117,	7,	'8e1b036f169363a766250cf3fb09db4f',	NULL,	1,	'2021-04-16 10:15:55',	'2021-04-16 10:15:55'),
(118,	3,	'27bb502c2923f7f2fab4917de7b4007a',	NULL,	1,	'2021-04-16 10:18:14',	'2021-04-16 10:18:14'),
(119,	7,	'0bfad282aeadddd6d317c44e4128a418',	NULL,	1,	'2021-04-16 10:26:11',	'2021-04-16 10:26:11'),
(120,	7,	'e7fb4ca40592b95cd68b3e0458b25a16',	NULL,	1,	'2021-04-16 10:48:40',	'2021-04-16 10:48:40'),
(121,	7,	'85606d005fae55963dfd20efc9e6efda',	NULL,	1,	'2021-04-16 10:49:40',	'2021-04-16 10:49:40'),
(122,	7,	'33dad23cfda7f309b8c6ec257778e0ec',	NULL,	1,	'2021-04-16 10:49:40',	'2021-04-16 10:49:40'),
(123,	7,	'1253b8a38e2506b2f7e6763ff28a75a3',	NULL,	1,	'2021-04-16 10:56:24',	'2021-04-16 10:56:24'),
(124,	7,	'8d4b9fc50b4eb9f0186ca9de93ed086f',	NULL,	1,	'2021-04-16 10:58:56',	'2021-04-16 10:58:56'),
(125,	7,	'd8b96275bbddc58daf4d052e70fbfa3a',	NULL,	1,	'2021-04-16 11:05:31',	'2021-04-16 11:05:31'),
(126,	7,	'4cf33379f8a3f1f199203a45c6be21cc',	NULL,	1,	'2021-04-16 11:06:41',	'2021-04-16 11:06:41'),
(127,	7,	'612c22a6402485af891087c547172145',	NULL,	1,	'2021-04-16 11:07:18',	'2021-04-16 11:07:18'),
(128,	7,	'46d0b935696f23dc8d61255cdbb7a6b0',	NULL,	1,	'2021-04-16 11:08:15',	'2021-04-16 11:08:15'),
(129,	7,	'd9cdbf874e56b8a79ce6617f7c5e08c8',	NULL,	1,	'2021-04-16 11:14:18',	'2021-04-16 11:14:18'),
(130,	7,	'824a6826e13f9969072f80f599ca2110',	NULL,	1,	'2021-04-16 11:17:49',	'2021-04-16 11:17:49'),
(131,	7,	'e1d40da78ea40bc2d4661719c2bef482',	NULL,	1,	'2021-04-16 12:58:39',	'2021-04-16 12:58:39'),
(132,	3,	'1fedd207cd17623431f497ea75380316',	NULL,	1,	'2021-04-16 13:03:28',	'2021-04-16 13:03:28'),
(133,	33,	'14409781aea9b4909b8ec8a071a12191',	NULL,	1,	'2021-04-16 13:05:36',	'2021-04-16 13:05:36'),
(134,	7,	'0b760043b0305bfce07e1d9bd713d074',	NULL,	1,	'2021-04-16 13:09:40',	'2021-04-16 13:09:40'),
(135,	7,	'b0727a8d063ac4942643ff5256b9c106',	NULL,	1,	'2021-04-16 13:12:25',	'2021-04-16 13:12:25'),
(136,	3,	'3a2ba1cc5ff1a370f447a83336f6f0b5',	NULL,	1,	'2021-04-16 13:18:50',	'2021-04-16 13:18:50'),
(137,	7,	'9e00f3d94842d3a7c78f372d2b6d146d',	NULL,	1,	'2021-04-16 13:25:48',	'2021-04-16 13:25:48'),
(138,	48,	'0041f4686aa80b2d6a1f0b5d19f18690',	NULL,	1,	'2021-04-16 13:51:34',	'2021-04-16 13:51:34'),
(139,	7,	'2dafb5827171bbd6c169ad5c87fc95a0',	NULL,	1,	'2021-04-16 14:04:41',	'2021-04-16 14:04:41'),
(140,	7,	'fddf9a8b4cb7658a9e4954a45dc3e671',	NULL,	1,	'2021-04-16 14:08:01',	'2021-04-16 14:08:01'),
(141,	7,	'f567ac681a3a14238e74ed2b2682f922',	NULL,	1,	'2021-04-16 14:09:24',	'2021-04-16 14:09:24'),
(142,	33,	'56bfc3e49881482d66b175baa3910518',	NULL,	1,	'2021-04-16 14:11:59',	'2021-04-16 14:11:59'),
(143,	7,	'8582dba64eb7647a649806776aef1209',	NULL,	1,	'2021-04-16 14:24:28',	'2021-04-16 14:24:28'),
(144,	7,	'03d7bcca7c5fb49068fa938a69d7c504',	NULL,	1,	'2021-04-16 15:00:57',	'2021-04-16 15:00:57'),
(145,	7,	'f90d77b2cb27e9bee73c4521e531f31b',	NULL,	1,	'2021-04-16 15:21:29',	'2021-04-16 15:21:29'),
(146,	51,	'c4d6e00387aa46f592f0a26804ab72cf',	NULL,	1,	'2021-04-19 16:28:46',	'2021-04-19 16:28:46'),
(147,	7,	'beee44f1b5143a56de401863d4d91f70',	NULL,	1,	'2021-04-20 08:53:18',	'2021-04-20 08:53:18'),
(148,	7,	'0777b4e46c915d663dfdc15833c201f7',	NULL,	1,	'2021-04-23 09:08:16',	'2021-04-23 09:08:16'),
(149,	3,	'ec126b0f39c1923304cffef719c541b1',	NULL,	1,	'2021-04-23 09:14:53',	'2021-04-23 09:14:53'),
(150,	7,	'768c7f1d452cd6aa15e5f2c4c72dad14',	NULL,	1,	'2021-04-23 09:57:38',	'2021-04-23 09:57:38'),
(151,	3,	'1933a8ba125f6d04b346aea29fff7d73',	NULL,	1,	'2021-04-23 10:00:06',	'2021-04-23 10:00:06'),
(152,	7,	'22d239790e4d2b16c5c1cbdf7ec4e01c',	NULL,	1,	'2021-04-26 09:12:19',	'2021-04-26 09:12:19'),
(153,	3,	'51fad35d7ae62dbd877e55706033c5aa',	NULL,	1,	'2021-04-26 09:17:14',	'2021-04-26 09:17:14'),
(154,	7,	'805fcae922389fc8b54e80edb8079132',	NULL,	1,	'2021-04-26 09:27:22',	'2021-04-26 09:27:22'),
(155,	7,	'f97fa9ac8527c94b55459790de6294a7',	NULL,	1,	'2021-04-26 09:40:20',	'2021-04-26 09:40:20'),
(156,	3,	'fc67bd8cf565043a627b2a575c80d329',	NULL,	1,	'2021-04-26 09:44:56',	'2021-04-26 09:44:56'),
(157,	3,	'1176e7596168d4f45e0cd68209d81ca8',	NULL,	1,	'2021-04-26 09:45:18',	'2021-04-26 09:45:18'),
(158,	3,	'2c4a86c2fd7d80920cf23480a6b5ee56',	NULL,	1,	'2021-04-26 09:47:36',	'2021-04-26 09:47:36'),
(159,	7,	'ad38605e9629ec964b75812146c3a903',	NULL,	1,	'2021-04-26 09:53:29',	'2021-04-26 09:53:29'),
(160,	7,	'1612902ef86a550cac5445456692bca3',	NULL,	1,	'2021-04-26 09:59:23',	'2021-04-26 09:59:23'),
(161,	3,	'd21341d00e0e9916ca4154c7fc930f67',	NULL,	1,	'2021-04-26 10:00:23',	'2021-04-26 10:00:23'),
(162,	7,	'492845851ee62a8a234e9724e3e5c6d3',	NULL,	1,	'2021-04-26 10:43:59',	'2021-04-26 10:43:59'),
(163,	7,	'5fa3fc5df581c4c30bf4fe9955832c1c',	NULL,	1,	'2021-04-26 10:50:01',	'2021-04-26 10:50:01'),
(164,	7,	'0158db826acccff3b66fb9e6a5e54add',	NULL,	1,	'2021-04-26 12:02:49',	'2021-04-26 12:02:49'),
(165,	7,	'd0155357562e995ca7492d353b7218b8',	NULL,	1,	'2021-04-26 12:09:50',	'2021-04-26 12:09:50'),
(166,	7,	'c8fec813248b05a7088ed501d0948fed',	NULL,	1,	'2021-04-26 14:33:30',	'2021-04-26 14:33:30'),
(167,	7,	'3fde49d90b81e23a374dc05b762e5b76',	NULL,	1,	'2021-04-26 14:49:31',	'2021-04-26 14:49:31'),
(168,	7,	'e9bc0c34e7d4caaa7381383173ce4be3',	NULL,	1,	'2021-04-26 15:18:23',	'2021-04-26 15:18:23'),
(169,	52,	'510d87a875174c724c2fbc5044b1c9c0',	NULL,	1,	'2021-04-26 18:32:03',	'2021-04-26 18:32:03'),
(170,	52,	'55421cfc1903285d0f6639ffb227436e',	NULL,	1,	'2021-04-26 19:57:36',	'2021-04-26 19:57:36'),
(171,	53,	'b7e55c841807ab3075fc55575ef5866c',	NULL,	1,	'2021-04-26 20:23:49',	'2021-04-26 20:23:49'),
(172,	53,	'1aed3bd61ab5d0795e8c88ba3beb083c',	NULL,	1,	'2021-04-26 20:27:01',	'2021-04-26 20:27:01'),
(173,	7,	'898b3dc3d5dadf4d3ad2f4f857d595ae',	NULL,	1,	'2021-04-27 09:16:29',	'2021-04-27 09:16:29'),
(174,	7,	'c5f2841cda629df50c16765f507f6505',	NULL,	1,	'2021-04-27 09:54:37',	'2021-04-27 09:54:37'),
(175,	54,	'd45e3e207ce9de87d45ef0fc3a39159e',	NULL,	1,	'2021-04-27 12:20:53',	'2021-04-27 12:20:53'),
(176,	54,	'fcef17a24b93dbd7c750398ff88e5fff',	NULL,	1,	'2021-04-27 12:23:33',	'2021-04-27 12:23:33'),
(177,	3,	'3e929dd228c4f268bfa8555d05709360',	NULL,	1,	'2021-04-27 12:28:08',	'2021-04-27 12:28:08'),
(178,	54,	'635366c689fa9824868b74125c5f8915',	NULL,	1,	'2021-04-27 13:37:00',	'2021-04-27 13:37:00'),
(179,	7,	'd00d815543a82bfad2c74edc50ed6a13',	NULL,	1,	'2021-04-27 14:06:37',	'2021-04-27 14:06:37'),
(180,	7,	'1743103a556f7cadd7b0712cbffe9b17',	NULL,	1,	'2021-04-27 14:13:18',	'2021-04-27 14:13:18'),
(181,	52,	'af30fc01de955faa1d36d4147ed41a2a',	NULL,	1,	'2021-04-27 18:35:56',	'2021-04-27 18:35:56'),
(182,	7,	'6b1eb3102b5beb5d134e3e15a2731eee',	NULL,	1,	'2021-04-28 08:53:03',	'2021-04-28 08:53:03'),
(183,	7,	'd426287fd05e03614ac2ce6309c02d1c',	NULL,	1,	'2021-04-28 10:21:02',	'2021-04-28 10:21:02'),
(184,	7,	'a9ab9bc5cdd94f6d16ab7b0fa74a20d8',	NULL,	1,	'2021-04-28 10:27:06',	'2021-04-28 10:27:06'),
(185,	54,	'63697de0c111de09a57f52d106e8e876',	NULL,	1,	'2021-04-28 11:54:15',	'2021-04-28 11:54:15'),
(186,	7,	'81b64d32f8cee77fd2a83f76cc0d9e90',	NULL,	1,	'2021-04-28 15:41:30',	'2021-04-28 15:41:30'),
(187,	52,	'dc5d5c90ffa751db76d6322fb3351059',	NULL,	1,	'2021-04-29 19:08:46',	'2021-04-29 19:08:46'),
(188,	52,	'7f8b68ffe885476e3681fdf9657fec0a',	NULL,	1,	'2021-04-29 19:25:22',	'2021-04-29 19:25:22'),
(189,	52,	'28acb6254e9dcdd2afdbc83fe5f3165c',	NULL,	1,	'2021-04-29 19:34:41',	'2021-04-29 19:34:41'),
(190,	52,	'f9198b78354d501b26ff44667afb23dc',	NULL,	1,	'2021-04-29 19:36:12',	'2021-04-29 19:36:12'),
(191,	2,	'2b5e0574b9eae868066689f10a7bb480',	NULL,	1,	'2021-04-29 20:50:46',	'2021-04-29 20:50:46'),
(192,	2,	'5faa38dc799bc22a99385d2027af1d92',	NULL,	1,	'2021-04-29 20:51:29',	'2021-04-29 20:51:29'),
(193,	52,	'69fbd3f8b5d87e2e6f4181ffce2435a3',	NULL,	1,	'2021-04-29 20:53:07',	'2021-04-29 20:53:07'),
(194,	3,	'e9d8ab159693b5a55605dae7bd297621',	NULL,	1,	'2021-04-30 15:47:12',	'2021-04-30 15:47:12'),
(195,	7,	'e3d74992df0a7ae74b0b6edabf55ecf6',	NULL,	1,	'2021-04-30 15:49:56',	'2021-04-30 15:49:56'),
(196,	48,	'915105d4be341fe8dc769ba77d8d561c',	NULL,	1,	'2021-05-02 15:20:46',	'2021-05-02 15:20:46'),
(197,	3,	'04b0deb0fff895852408a76913359b7c',	NULL,	1,	'2021-05-03 12:26:05',	'2021-05-03 12:26:05'),
(198,	7,	'54e81097430f7a90f2831881712c2b24',	NULL,	1,	'2021-05-03 12:26:38',	'2021-05-03 12:26:38'),
(199,	58,	'1698696c58e0a8380ba957722d3000bb',	NULL,	1,	'2021-05-03 15:00:24',	'2021-05-03 15:00:24'),
(200,	25,	'afd021f42916843109097a58f2d5de49',	NULL,	1,	'2021-05-03 15:01:31',	'2021-05-03 15:01:31'),
(201,	59,	'532206f585f08bfdd322be437211d4b8',	NULL,	1,	'2021-05-03 15:03:47',	'2021-05-03 15:03:47'),
(202,	33,	'b2d488b16fe8a4aa9b884f6a76d89950',	NULL,	1,	'2021-05-03 15:33:32',	'2021-05-03 15:33:32'),
(203,	60,	'0aed26d225a7c8fc9b4217b65d9ea39d',	NULL,	1,	'2021-05-04 10:01:56',	'2021-05-04 10:01:56'),
(204,	61,	'3f9d5b1c0b9c77429850aff34b82c371',	NULL,	1,	'2021-05-04 10:05:50',	'2021-05-04 10:05:50'),
(205,	62,	'6c0422872813c0c0a025370df0f19af6',	NULL,	1,	'2021-05-04 10:09:16',	'2021-05-04 10:09:16'),
(206,	63,	'9eb0d83c26e5a6485b5c048ab4dcb82a',	NULL,	1,	'2021-05-04 10:12:43',	'2021-05-04 10:12:43'),
(207,	64,	'16c2ecd382bf57c9db7122703bc4942b',	NULL,	1,	'2021-05-04 10:14:00',	'2021-05-04 10:14:00'),
(208,	65,	'b681e07d8da4b911ccf436c8772743b1',	NULL,	1,	'2021-05-04 10:20:38',	'2021-05-04 10:20:38'),
(209,	66,	'40c40d082190dbdad3cb53c374ea26d8',	NULL,	1,	'2021-05-04 10:32:16',	'2021-05-04 10:32:16'),
(210,	67,	'eb20cd194f78ad027dec2ad61edf35b2',	NULL,	1,	'2021-05-04 10:38:42',	'2021-05-04 10:38:42'),
(211,	68,	'7ac840974e26c81c2abe399392f128ef',	NULL,	1,	'2021-05-04 10:46:08',	'2021-05-04 10:46:08'),
(212,	7,	'b6ceb6c5e31d963c51376687005ee904',	NULL,	1,	'2021-05-04 10:52:45',	'2021-05-04 10:52:45'),
(213,	45,	'e2de8b5c8bbd26c3e8ba55a2251b1d7c',	NULL,	1,	'2021-05-04 12:16:02',	'2021-05-04 12:16:02'),
(214,	7,	'0247bb137d6e2f9c8a65b51d35d52841',	NULL,	1,	'2021-05-10 09:26:54',	'2021-05-10 09:26:54'),
(215,	3,	'65b49e9b98b1bfcf4a1714e3e1f779eb',	NULL,	1,	'2021-05-10 11:25:00',	'2021-05-10 11:25:00'),
(216,	7,	'89140f55a9177a68f8f1bda8af7b4c9f',	NULL,	1,	'2021-05-20 08:27:54',	'2021-05-20 08:27:54'),
(217,	7,	'aec04a15051924bd80b61be1a08ed804',	NULL,	1,	'2021-05-20 09:22:33',	'2021-05-20 09:22:33'),
(218,	3,	'3ae52cb79b52d8f5375c118eaf4b429e',	NULL,	1,	'2021-05-20 09:28:38',	'2021-05-20 09:28:38'),
(219,	3,	'7aa088cedae76d2bb8c4787398466d70',	NULL,	1,	'2021-05-20 09:34:43',	'2021-05-20 09:34:43'),
(220,	7,	'd6b327bcfa54b6b8aa09ad443a8883ab',	NULL,	1,	'2021-05-20 09:36:31',	'2021-05-20 09:36:31'),
(221,	7,	'75be4c30eeb5d566c32470e1700e7848',	NULL,	1,	'2021-05-20 09:49:26',	'2021-05-20 09:49:26'),
(222,	7,	'006bd42077ed26a4daf440767bf23481',	NULL,	1,	'2021-05-20 09:53:21',	'2021-05-20 09:53:21'),
(223,	7,	'5c870305d10bfaa4d83513b2d33fa8ac',	NULL,	1,	'2021-05-20 13:54:01',	'2021-05-20 13:54:01'),
(224,	3,	'c6d3fdbcadb3a7465e501d1ce3a99d38',	NULL,	1,	'2021-05-21 08:43:13',	'2021-05-21 08:43:13'),
(225,	69,	'f6a108cfcc3c3b24144e95da4610897c',	NULL,	1,	'2021-05-21 17:05:30',	'2021-05-21 17:05:30'),
(226,	7,	'8defbdc0bc4110fd9dd54623c58f6828',	NULL,	1,	'2021-05-21 20:56:04',	'2021-05-21 20:56:04'),
(227,	7,	'9a308a9b6e41494f34a12b06983e5849',	NULL,	1,	'2021-05-24 08:27:17',	'2021-05-24 08:27:17'),
(228,	7,	'b8bccb0850681b93886b8e02d21db5e1',	NULL,	1,	'2021-05-24 09:32:14',	'2021-05-24 09:32:14'),
(229,	3,	'ffad16cfaa0eec7ca490387c1ef4584d',	NULL,	1,	'2021-05-27 15:57:47',	'2021-05-27 15:57:47'),
(230,	7,	'760d050ef26619cd0c063b002d8d5580',	NULL,	1,	'2021-05-27 15:58:50',	'2021-05-27 15:58:50'),
(231,	7,	'69f41007ab723ab58d1cb9049d1d8862',	NULL,	1,	'2021-05-27 16:44:07',	'2021-05-27 16:44:07'),
(232,	7,	'485bba9fb7a2871830ee673e078439a7',	NULL,	1,	'2021-05-31 14:02:44',	'2021-05-31 14:02:44'),
(233,	7,	'6fc3b5a0bda0c1aab324bc44aa167ab2',	NULL,	1,	'2021-06-01 16:03:44',	'2021-06-01 16:03:44'),
(234,	7,	'7baa706b9f60cbc3bbaa81fc7dbf6cf9',	NULL,	1,	'2021-06-01 16:23:26',	'2021-06-01 16:23:26'),
(235,	7,	'9c37f732abf22136c6c60a883865248f',	NULL,	1,	'2021-06-01 16:30:57',	'2021-06-01 16:30:57'),
(236,	7,	'5dd9d3d568e51202d192d4b043a5b1f9',	NULL,	1,	'2021-06-01 16:58:41',	'2021-06-01 16:58:41'),
(237,	70,	'381e483f78fa3662b105e83870a36156',	NULL,	1,	'2021-06-01 17:40:43',	'2021-06-01 17:40:43'),
(238,	71,	'47b4a556ccc951032442077f2182330f',	NULL,	1,	'2021-06-02 12:07:50',	'2021-06-02 12:07:50'),
(239,	72,	'a5e2e9134ad13dfc2c04b3f6525a579a',	NULL,	1,	'2021-06-02 16:43:54',	'2021-06-02 16:43:54'),
(240,	73,	'5b2451d6ee674dd1559afbd385635a3d',	NULL,	1,	'2021-06-02 16:48:33',	'2021-06-02 16:48:33'),
(241,	74,	'5bd81f4d424092db0d1940a005235e74',	NULL,	1,	'2021-06-02 16:55:54',	'2021-06-02 16:55:54'),
(242,	75,	'd85afdc72e00297f9a996dc22d321bfa',	NULL,	1,	'2021-06-02 17:02:25',	'2021-06-02 17:02:25'),
(243,	76,	'25a7f542bb465d035194aea91bf24603',	NULL,	1,	'2021-06-02 17:37:03',	'2021-06-02 17:37:03'),
(244,	77,	'e84ef7bedce6f09469ebd80f369cd90a',	NULL,	1,	'2021-06-02 17:43:50',	'2021-06-02 17:43:50'),
(245,	78,	'2fa53bf517206ca61748254c15ac799f',	NULL,	1,	'2021-06-02 17:46:45',	'2021-06-02 17:46:45'),
(246,	78,	'40c2a793e14f586f7255a6602881353b',	NULL,	1,	'2021-06-02 17:50:42',	'2021-06-02 17:50:42'),
(247,	79,	'ab6b7f631de6784b55876b88ca990dc2',	NULL,	1,	'2021-06-03 09:12:51',	'2021-06-03 09:12:51'),
(248,	79,	'4a244e405995a370d7041d8ebfe1f72c',	NULL,	1,	'2021-06-03 09:13:07',	'2021-06-03 09:13:07'),
(249,	7,	'71c56bc8fe4f91c15ba8ec537882d248',	NULL,	1,	'2021-06-03 09:26:42',	'2021-06-03 09:26:42'),
(250,	7,	'5804a30d11c3a68b371c659542729006',	NULL,	1,	'2021-06-03 09:30:11',	'2021-06-03 09:30:11'),
(251,	7,	'b33e5f56859ee8a099da00d09632c87a',	NULL,	1,	'2021-06-03 09:34:36',	'2021-06-03 09:34:36'),
(252,	7,	'4de1e2ab3f9ca40835e25968fc4ec060',	NULL,	1,	'2021-06-03 09:43:07',	'2021-06-03 09:43:07'),
(253,	7,	'09f2b0cba6eedcf2122b31a32deba2cd',	NULL,	1,	'2021-06-03 09:48:19',	'2021-06-03 09:48:19'),
(254,	7,	'ee136f988409f83b14e004abd186e92b',	NULL,	1,	'2021-06-03 09:55:14',	'2021-06-03 09:55:14'),
(255,	80,	'0ad0a29de7ce004791bdb340b66bc33c',	NULL,	1,	'2021-06-03 10:04:06',	'2021-06-03 10:04:06'),
(256,	81,	'4548e54bdc0d529a651c45c43dfd1399',	NULL,	1,	'2021-06-03 10:27:32',	'2021-06-03 10:27:32'),
(257,	81,	'db86d26e0e7cb8c5a78ba9dfb079d479',	NULL,	1,	'2021-06-03 10:27:40',	'2021-06-03 10:27:40'),
(258,	7,	'3d0bd4d8167c4d1722e78d09655e7fa8',	NULL,	1,	'2021-06-03 10:46:43',	'2021-06-03 10:46:43'),
(259,	52,	'8732af31caa2f142b4f8a4d1679edbc5',	NULL,	1,	'2021-06-03 17:18:22',	'2021-06-03 17:18:22'),
(260,	7,	'91e76887267e7dc6de8d4b332a1bce08',	NULL,	1,	'2021-06-04 15:21:05',	'2021-06-04 15:21:05'),
(261,	7,	'504d31e1e6f635802827a1a838c2e467',	NULL,	1,	'2021-06-04 15:23:02',	'2021-06-04 15:23:02'),
(262,	82,	'631c95ef90a7cd4fcbb3c6621be8ddcf',	NULL,	1,	'2021-06-04 17:23:04',	'2021-06-04 17:23:04'),
(263,	82,	'2b5ab5bda7afa4cd857d4f27f24fa661',	NULL,	1,	'2021-06-04 17:23:15',	'2021-06-04 17:23:15'),
(264,	3,	'758413528404112568f801d1163745a3',	NULL,	1,	'2021-06-07 12:01:18',	'2021-06-07 12:01:18'),
(265,	3,	'7a42dda262be8a780e4ebeffdbb18368',	NULL,	1,	'2021-06-07 12:16:03',	'2021-06-07 12:16:03'),
(266,	7,	'1dd54abdcf9f3eb6a91f41e86a76a7f3',	NULL,	1,	'2021-06-07 12:16:44',	'2021-06-07 12:16:44'),
(267,	7,	'f4f0d0a2e7d51b596a78a2f7b9e09053',	NULL,	1,	'2021-06-07 12:25:23',	'2021-06-07 12:25:23'),
(268,	3,	'54c829e71d2040b3a9ba1c3c2b41fbac',	NULL,	1,	'2021-06-07 12:26:48',	'2021-06-07 12:26:48'),
(269,	3,	'673928e1f79725c92546e69e8f0f189e',	NULL,	1,	'2021-06-07 12:28:18',	'2021-06-07 12:28:18'),
(270,	7,	'32de10557891a72acdfb55ab58dfed2e',	NULL,	1,	'2021-06-07 12:28:29',	'2021-06-07 12:28:29'),
(271,	7,	'ddb3acd41f4d47e73f508087d1f62b3c',	NULL,	1,	'2021-06-07 12:29:36',	'2021-06-07 12:29:36'),
(272,	7,	'74785be278d35d7bdddcc932ad82c0a1',	NULL,	1,	'2021-06-08 10:38:20',	'2021-06-08 10:38:20'),
(273,	7,	'fc04d4ea49bcf276899198740a89c1fb',	NULL,	1,	'2021-06-08 11:00:54',	'2021-06-08 11:00:54'),
(274,	7,	'60d9c44e17066ec5dbd9fdb61ecd76eb',	NULL,	1,	'2021-06-08 11:46:55',	'2021-06-08 11:46:55'),
(275,	7,	'c8d244d3c26f4e0dc6d6d616fb5cff0c',	NULL,	1,	'2021-06-08 12:14:31',	'2021-06-08 12:14:31'),
(276,	7,	'ca64ddb09480292eb684b6771bf6e9ca',	NULL,	1,	'2021-06-08 14:12:31',	'2021-06-08 14:12:31'),
(277,	7,	'a67b81517910c70b88dd5de472c63d01',	NULL,	1,	'2021-06-08 14:53:30',	'2021-06-08 14:53:30'),
(278,	3,	'6c3c84f9910aca88dc3a5b2d1cd65255',	NULL,	1,	'2021-06-08 15:00:39',	'2021-06-08 15:00:39'),
(279,	7,	'0d17c8f407c982a55d958b8b16c167f7',	NULL,	1,	'2021-06-08 15:30:45',	'2021-06-08 15:30:45'),
(280,	3,	'9ecadd12060df497bc3e22aa75a0d0d4',	NULL,	1,	'2021-06-08 15:34:07',	'2021-06-08 15:34:07'),
(281,	7,	'93e05e60f26dbfc632fd69f485994baa',	NULL,	1,	'2021-06-08 15:54:49',	'2021-06-08 15:54:49'),
(282,	7,	'fb4d15f6fdd032743868a63206dccde4',	NULL,	1,	'2021-06-08 17:21:17',	'2021-06-08 17:21:17'),
(283,	7,	'dddd09920172abe3bdd51ad2d435c759',	NULL,	1,	'2021-06-08 17:31:18',	'2021-06-08 17:31:18'),
(284,	3,	'b81964193b83533b5def61e726a09cf5',	NULL,	1,	'2021-06-08 17:57:09',	'2021-06-08 17:57:09'),
(285,	3,	'816bbe43b51f2008f3c5e03354711bef',	NULL,	1,	'2021-06-08 18:13:50',	'2021-06-08 18:13:50'),
(286,	7,	'd0fe26daf9f84412d1f2563f8e6945f3',	NULL,	1,	'2021-06-09 12:08:17',	'2021-06-09 12:08:17'),
(287,	7,	'c6c32c72425548dd4e5834f618a29d31',	NULL,	1,	'2021-06-09 12:10:50',	'2021-06-09 12:10:50'),
(288,	7,	'082a4338f02126632f729a38536aeb23',	NULL,	1,	'2021-06-09 12:12:23',	'2021-06-09 12:12:23'),
(289,	3,	'a6a742927206d1c73f979c479b7e00de',	NULL,	1,	'2021-06-09 12:21:16',	'2021-06-09 12:21:16'),
(290,	7,	'51ebcda3aee344c914bd53d93e09a92d',	NULL,	1,	'2021-06-09 12:22:31',	'2021-06-09 12:22:31'),
(291,	3,	'928e8163c22f2bc7f178766a5c5c47eb',	NULL,	1,	'2021-06-09 12:23:35',	'2021-06-09 12:23:35'),
(292,	7,	'e36cac6a7f282a1452866ee20d60fba7',	NULL,	1,	'2021-06-09 12:55:07',	'2021-06-09 12:55:07'),
(293,	3,	'8267877fbd4aeb9c94486ad6a0ec036e',	NULL,	1,	'2021-06-09 13:07:05',	'2021-06-09 13:07:05'),
(294,	7,	'fc3d9b33bb2144a325693a1942b43293',	NULL,	1,	'2021-06-10 09:26:19',	'2021-06-10 09:26:19'),
(295,	3,	'c0c6da1eeb66575ed7f5519d84f1707c',	NULL,	1,	'2021-06-10 11:15:38',	'2021-06-10 11:15:38'),
(296,	7,	'625b429d0c89f21f1e611261e59edd74',	NULL,	1,	'2021-06-10 12:09:43',	'2021-06-10 12:09:43'),
(297,	7,	'665b91c8cb5119553be34e3cef0eceaa',	NULL,	1,	'2021-06-10 12:28:32',	'2021-06-10 12:28:32'),
(298,	3,	'46d2255404f5ddc66d205f5a5c22c62f',	NULL,	1,	'2021-06-10 13:55:13',	'2021-06-10 13:55:13'),
(299,	7,	'2eaac35b3e96c77a9df67863a708eeaa',	NULL,	1,	'2021-06-10 16:18:15',	'2021-06-10 16:18:15'),
(300,	7,	'8441078630ed7829822b9570fd1d3be1',	NULL,	1,	'2021-06-10 17:39:47',	'2021-06-10 17:39:47'),
(301,	3,	'4dbb71db2ad824ecbd365eb61f63b268',	NULL,	1,	'2021-06-11 10:42:06',	'2021-06-11 10:42:06'),
(302,	7,	'11c2ecf6c37aa6b3c06d6f4ce9841800',	NULL,	1,	'2021-06-11 14:23:40',	'2021-06-11 14:23:40'),
(303,	3,	'9a6069f0dcb1c79d0d0a51c16ed64055',	NULL,	1,	'2021-06-11 14:44:25',	'2021-06-11 14:44:25'),
(304,	3,	'c2d222a7d3f410afd32c55aa254525a3',	NULL,	1,	'2021-06-11 16:08:41',	'2021-06-11 16:08:41'),
(305,	3,	'b1416dea4f531b6df54bf7d997c97950',	NULL,	1,	'2021-06-11 17:01:49',	'2021-06-11 17:01:49'),
(306,	3,	'a268ce69b07dc7642ac5e997e2204aa4',	NULL,	1,	'2021-06-11 17:02:39',	'2021-06-11 17:02:39'),
(307,	7,	'0fa178410fbab1cd77793b7bf9612054',	NULL,	1,	'2021-06-14 10:29:24',	'2021-06-14 10:29:24'),
(308,	25,	'35b885ccff711d4baae3a650c7b4734e',	NULL,	1,	'2021-06-14 10:32:04',	'2021-06-14 10:32:04'),
(309,	3,	'9c5b860436bffc9fe115b6d319fade8d',	NULL,	1,	'2021-06-14 10:39:54',	'2021-06-14 10:39:54'),
(310,	7,	'367be12a27d5759fdc8bbeb30f4d0760',	NULL,	1,	'2021-06-14 10:53:57',	'2021-06-14 10:53:57'),
(311,	3,	'8bf69b3980fe40242bc1b444885bd404',	NULL,	1,	'2021-06-14 11:23:00',	'2021-06-14 11:23:00'),
(312,	7,	'434dfa9e860e6723d79fe5da6dcbdd01',	NULL,	1,	'2021-06-14 11:23:20',	'2021-06-14 11:23:20'),
(313,	3,	'2a4392ab639a8b01a536d19c54c4d9b6',	NULL,	1,	'2021-06-14 11:36:55',	'2021-06-14 11:36:55'),
(314,	7,	'a80ac8f1ea715a142f212f751da741db',	NULL,	1,	'2021-06-14 14:07:54',	'2021-06-14 14:07:54'),
(315,	3,	'82d2645ed085632b98794342e46d817b',	NULL,	1,	'2021-06-14 14:45:53',	'2021-06-14 14:45:53'),
(316,	3,	'3276498b3474ceb73f8a9c9bc491a79e',	NULL,	1,	'2021-06-14 14:59:14',	'2021-06-14 14:59:14'),
(317,	3,	'fdcb212e223cda013ed9224b24b49d90',	NULL,	1,	'2021-06-14 15:59:13',	'2021-06-14 15:59:13'),
(318,	83,	'71f5c88923ba56ef5941d6d93fec7d22',	NULL,	1,	'2021-06-14 17:03:23',	'2021-06-14 17:03:23'),
(319,	84,	'50601b41def70441a9e0d928a6c7fe28',	NULL,	1,	'2021-06-14 17:07:49',	'2021-06-14 17:07:49'),
(320,	84,	'b5b3b3b845b2657af984e184ab5caab7',	NULL,	1,	'2021-06-14 17:08:00',	'2021-06-14 17:08:00'),
(321,	85,	'962d3d8193207917a36541205f314e0f',	NULL,	1,	'2021-06-14 17:19:24',	'2021-06-14 17:19:24'),
(322,	85,	'95679934501f4bd69e2faed2b62878c9',	NULL,	1,	'2021-06-14 17:19:37',	'2021-06-14 17:19:37'),
(323,	7,	'2818b0e5f04ea7f56189976ef4c83303',	NULL,	1,	'2021-06-14 17:21:22',	'2021-06-14 17:21:22'),
(324,	86,	'60ed086d4c833179d6cb84103af1f13e',	NULL,	1,	'2021-06-14 17:27:39',	'2021-06-14 17:27:39'),
(325,	87,	'a7af2b9753a6597f6729c4691d881796',	NULL,	1,	'2021-06-14 17:31:46',	'2021-06-14 17:31:46'),
(326,	3,	'ed0ffd1b09e63d56c1d306fc61de7251',	NULL,	1,	'2021-06-14 17:35:12',	'2021-06-14 17:35:12'),
(327,	45,	'2b5d5ceacd22056b0b1f0898393d6d37',	NULL,	1,	'2021-06-14 17:35:37',	'2021-06-14 17:35:37'),
(328,	7,	'3a13edbdeb18fbdbd9042d8f29bf64e4',	NULL,	1,	'2021-06-14 17:36:01',	'2021-06-14 17:36:01'),
(329,	25,	'f671dc89bb62a9490ce5e000201d1246',	NULL,	1,	'2021-06-14 17:36:46',	'2021-06-14 17:36:46'),
(330,	7,	'094e0e2a641ed95270e6ce66118aef03',	NULL,	1,	'2021-06-14 17:46:19',	'2021-06-14 17:46:19'),
(331,	3,	'877c49cbf39eabb8055201d3cf94ec84',	NULL,	1,	'2021-06-14 17:47:59',	'2021-06-14 17:47:59'),
(332,	7,	'797ee9030abbe8944cc33d6145ab011e',	NULL,	1,	'2021-06-14 17:48:44',	'2021-06-14 17:48:44'),
(333,	3,	'b7a378f54391f0e0327f7b147a5ebec5',	NULL,	1,	'2021-06-14 17:49:19',	'2021-06-14 17:49:19'),
(334,	3,	'92d183671b525bb20a71c9dcfd15a32d',	NULL,	1,	'2021-06-14 17:55:57',	'2021-06-14 17:55:57'),
(335,	8,	'09fd171290aa8d4bc758ddca641377e9',	NULL,	1,	'2021-06-14 18:00:51',	'2021-06-14 18:00:51'),
(336,	7,	'973f6bfc6288ec39f2b211d7e1ce8744',	NULL,	1,	'2021-06-14 18:08:28',	'2021-06-14 18:08:28'),
(337,	3,	'791008461cb08952c9c94a4f08b4e443',	NULL,	1,	'2021-06-14 18:12:44',	'2021-06-14 18:12:44'),
(338,	7,	'94246af8a807a39f9a347bbb3c22a799',	NULL,	1,	'2021-06-15 10:04:57',	'2021-06-15 10:04:57'),
(339,	3,	'ea6ee5619bb3e1fd0513bcb8ededadee',	NULL,	1,	'2021-06-15 10:05:42',	'2021-06-15 10:05:42'),
(340,	3,	'1571ccfe7b6756778bbb66db7cff831d',	NULL,	1,	'2021-06-15 10:27:49',	'2021-06-15 10:27:49'),
(341,	3,	'7f9f61b60b06c1f21475f684aa9bc370',	NULL,	1,	'2021-06-15 10:33:57',	'2021-06-15 10:33:57'),
(342,	7,	'52bf09816ea7405bcdc7810b9cc37d8c',	NULL,	1,	'2021-06-15 10:44:29',	'2021-06-15 10:44:29'),
(343,	3,	'457e5158b4802a41f16c7e2eecd3ded0',	NULL,	1,	'2021-06-15 12:05:13',	'2021-06-15 12:05:13'),
(344,	3,	'2149609fa7f3c0cec497a85c60587bc5',	NULL,	1,	'2021-06-15 14:20:38',	'2021-06-15 14:20:38'),
(345,	7,	'cf561d0853ac978a3f95746fdd55b204',	NULL,	1,	'2021-06-15 14:22:20',	'2021-06-15 14:22:20'),
(346,	3,	'3097d6ee4ea7ce85cf54635c714e8755',	NULL,	1,	'2021-06-15 14:23:44',	'2021-06-15 14:23:44'),
(347,	7,	'bcb1a5e1baadf28c935f8430a97eea7d',	NULL,	1,	'2021-06-15 14:34:55',	'2021-06-15 14:34:55'),
(348,	3,	'35f6b37138613662130f04b73a6c9072',	NULL,	1,	'2021-06-15 14:37:17',	'2021-06-15 14:37:17'),
(349,	7,	'8abab3501e6692998cc1062e941315b0',	NULL,	1,	'2021-06-15 15:09:52',	'2021-06-15 15:09:52'),
(350,	7,	'af0689827bf24fda66d037f9bb5813cb',	NULL,	1,	'2021-06-15 15:52:12',	'2021-06-15 15:52:12'),
(351,	7,	'6ff0d41adaa51663396c90d05415df56',	NULL,	1,	'2021-06-15 16:00:01',	'2021-06-15 16:00:01'),
(352,	3,	'6e4a6909b5de3afb0bd29bd5778e5863',	NULL,	1,	'2021-06-15 16:12:58',	'2021-06-15 16:12:58'),
(353,	7,	'53a951dd79f5ab7b0ef2112797cf2680',	NULL,	1,	'2021-06-15 16:43:38',	'2021-06-15 16:43:38'),
(354,	3,	'51483e0889383838f4b3385764b4ac6f',	NULL,	1,	'2021-06-15 16:54:21',	'2021-06-15 16:54:21'),
(355,	7,	'e1eb5e23ff643a731073fdbf9bb61d49',	NULL,	1,	'2021-06-15 16:58:17',	'2021-06-15 16:58:17'),
(356,	3,	'b1f47d42aaa5b84674745073faa21625',	NULL,	1,	'2021-06-15 16:59:14',	'2021-06-15 16:59:14'),
(357,	7,	'c8cd0836bcbac5bad3837cd0dd7996ab',	NULL,	1,	'2021-06-15 17:14:01',	'2021-06-15 17:14:01'),
(358,	7,	'204e14f8d15fba382e6ca381e8f4bc58',	NULL,	1,	'2021-06-15 17:42:06',	'2021-06-15 17:42:06'),
(359,	3,	'c77454f6adb47cfddbb639ec321e7969',	NULL,	1,	'2021-06-16 09:38:03',	'2021-06-16 09:38:03'),
(360,	3,	'a8d921d85d59631877ff097b359b80d8',	NULL,	1,	'2021-06-16 11:25:21',	'2021-06-16 11:25:21'),
(361,	7,	'7e69be0f2cc2b89bc40470a31c7e20a1',	NULL,	1,	'2021-06-16 11:32:32',	'2021-06-16 11:32:32'),
(362,	3,	'9a60671fbbedc4654d29a4c7cf448d12',	NULL,	1,	'2021-06-16 11:57:10',	'2021-06-16 11:57:10'),
(363,	3,	'782a091bd4a271abdb5127e444064ed3',	NULL,	1,	'2021-06-16 12:14:46',	'2021-06-16 12:14:46'),
(364,	3,	'c886b49ecac7d3a8879266fab4a68635',	NULL,	1,	'2021-06-16 13:48:18',	'2021-06-16 13:48:18'),
(365,	7,	'b5f9e280011f3133caa80e9285706a89',	NULL,	1,	'2021-06-16 13:49:15',	'2021-06-16 13:49:15'),
(366,	3,	'4636f467ae1b879b3d3fc8475f4db86e',	NULL,	1,	'2021-06-16 13:51:10',	'2021-06-16 13:51:10'),
(367,	3,	'49fc5c6fb346592a425b7c0859d186f6',	NULL,	1,	'2021-06-16 13:54:33',	'2021-06-16 13:54:33'),
(368,	7,	'0af72fefa1be9ffdeb40c2c2fbe89fa0',	NULL,	1,	'2021-06-16 13:56:24',	'2021-06-16 13:56:24'),
(369,	3,	'cbb726392cf1992eb4cb17a25137a7ab',	NULL,	1,	'2021-06-16 14:07:09',	'2021-06-16 14:07:09'),
(370,	7,	'e2744e6161e1f82d926193048ededea3',	NULL,	1,	'2021-06-16 14:10:20',	'2021-06-16 14:10:20'),
(371,	3,	'935b0cac453ad76326698512037cf2fb',	NULL,	1,	'2021-06-16 14:40:23',	'2021-06-16 14:40:23'),
(372,	3,	'2881aaec1cc5400ffab96176673e154a',	NULL,	1,	'2021-06-16 14:48:14',	'2021-06-16 14:48:14'),
(373,	7,	'2854323c24ab48a5f70b04fad55cbb53',	NULL,	1,	'2021-06-16 14:48:35',	'2021-06-16 14:48:35'),
(374,	3,	'ef5dbb49c96c25e4472c1e0ebc9c524f',	NULL,	1,	'2021-06-16 14:51:03',	'2021-06-16 14:51:03'),
(375,	7,	'aed3f308fcf45cb89df043da496c2c8d',	NULL,	1,	'2021-06-16 14:57:15',	'2021-06-16 14:57:15'),
(376,	3,	'c5579c0444ac7b16debf262b782c9d7d',	NULL,	1,	'2021-06-16 15:12:38',	'2021-06-16 15:12:38'),
(377,	7,	'1c1c482a75dc6e9aa86899bc28b250c9',	NULL,	1,	'2021-06-16 15:15:06',	'2021-06-16 15:15:06'),
(378,	3,	'74bc0ee5fe2e1bab6a4eb93ff7882c21',	NULL,	1,	'2021-06-16 15:34:00',	'2021-06-16 15:34:00'),
(379,	3,	'2cc901efc6d17d3bba5962f73fb54a15',	NULL,	1,	'2021-06-16 15:40:24',	'2021-06-16 15:40:24'),
(380,	3,	'cce488a938d93c9f4c32091f77811a87',	NULL,	1,	'2021-06-16 15:46:42',	'2021-06-16 15:46:42'),
(381,	3,	'ea5c31b47ff769b694c8c1cbe4e820cc',	NULL,	1,	'2021-06-16 16:06:41',	'2021-06-16 16:06:41'),
(382,	7,	'911b0d8fd10999375bf853b2ca32cef0',	NULL,	1,	'2021-06-16 16:23:59',	'2021-06-16 16:23:59'),
(383,	88,	'd2e0e27b14573b36f2184f5aafd30796',	NULL,	1,	'2021-06-16 17:28:00',	'2021-06-16 17:28:00'),
(384,	88,	'23e8f7d6a7b0611e2a52c11439cd47dd',	NULL,	1,	'2021-06-16 17:31:17',	'2021-06-16 17:31:17'),
(385,	89,	'72f5c3fed876d8ffe931bf28ef5ed971',	NULL,	1,	'2021-06-16 17:46:44',	'2021-06-16 17:46:44'),
(386,	89,	'fa31d90ae47981fdb6f69fd120e4def6',	NULL,	1,	'2021-06-16 17:46:54',	'2021-06-16 17:46:54'),
(387,	90,	'971ac3b0df03c32e88c445b60f8028e3',	NULL,	1,	'2021-06-16 17:55:46',	'2021-06-16 17:55:46'),
(388,	90,	'68fbb642db842b8155c3590adc4875fe',	NULL,	1,	'2021-06-16 17:57:51',	'2021-06-16 17:57:51'),
(389,	91,	'afb68cf82fe57a6c66cd6e0cae3ad5ae',	NULL,	1,	'2021-06-16 18:04:12',	'2021-06-16 18:04:12'),
(390,	91,	'9b3304bffb7ef441a4eb4d51e4159379',	NULL,	1,	'2021-06-16 18:04:27',	'2021-06-16 18:04:27'),
(391,	92,	'd9c72513b2e72444906521e85d744a75',	NULL,	1,	'2021-06-16 18:09:26',	'2021-06-16 18:09:26'),
(392,	92,	'ae1aadd63f1e7e9055a17994c8157ffe',	NULL,	1,	'2021-06-16 18:09:36',	'2021-06-16 18:09:36'),
(393,	2,	'aadc53bb2066d70b705f4cd5c0d5bcb8',	NULL,	1,	'2021-06-16 18:34:15',	'2021-06-16 18:34:15'),
(394,	89,	'968f1b150b2e6a2f106603fb0987d307',	NULL,	1,	'2021-06-16 19:18:04',	'2021-06-16 19:18:04'),
(395,	2,	'14db54dec37a54430e4975d390088e64',	NULL,	1,	'2021-06-16 19:20:53',	'2021-06-16 19:20:53'),
(396,	89,	'530f99633d0bd30f943df1435a3655f0',	NULL,	1,	'2021-06-16 19:58:40',	'2021-06-16 19:58:40'),
(397,	89,	'b9f209432e14919fba27e215c0fa6524',	NULL,	1,	'2021-06-16 20:33:42',	'2021-06-16 20:33:42'),
(398,	7,	'ea7e7964dcbdc3263506398a4659456c',	NULL,	1,	'2021-06-17 08:59:21',	'2021-06-17 08:59:21'),
(399,	3,	'e5972de6c773a748ceaf56b7d8bee0eb',	NULL,	1,	'2021-06-17 11:47:40',	'2021-06-17 11:47:40'),
(400,	3,	'8f37186b98983f30b772dff949b85645',	NULL,	1,	'2021-06-17 11:50:05',	'2021-06-17 11:50:05'),
(401,	7,	'29c88b6598a90aeaf3304dc53f4b1a8e',	NULL,	1,	'2021-06-17 12:05:35',	'2021-06-17 12:05:35'),
(402,	3,	'fde3e9161d6529341631b10dddf7cfec',	NULL,	1,	'2021-06-17 12:20:19',	'2021-06-17 12:20:19'),
(403,	7,	'41f16d2e1c0b2c17da77d654be43af65',	NULL,	1,	'2021-06-17 14:57:51',	'2021-06-17 14:57:51'),
(404,	7,	'f0e5d3c1a42fff38aa57c9cfcc430a71',	NULL,	1,	'2021-06-17 15:11:14',	'2021-06-17 15:11:14'),
(405,	3,	'f8ade5a856849882f2600f9e24a9e4de',	NULL,	1,	'2021-06-17 16:11:13',	'2021-06-17 16:11:13'),
(406,	7,	'68feb674013d515f5d1fe3d23dde0dd6',	NULL,	1,	'2021-06-17 16:17:46',	'2021-06-17 16:17:46'),
(407,	3,	'25009f75967ac41f22839772ac22e85a',	NULL,	1,	'2021-06-17 16:29:47',	'2021-06-17 16:29:47'),
(408,	7,	'125af0d20041a0d00ed7ba5b5070ea00',	NULL,	1,	'2021-06-17 16:41:50',	'2021-06-17 16:41:50'),
(409,	3,	'e9628ad2342b2e81e66eb8778de9c3ad',	NULL,	1,	'2021-06-17 17:00:31',	'2021-06-17 17:00:31'),
(410,	3,	'65fa819a509abd2f91429ac24a6669ea',	NULL,	1,	'2021-06-17 17:20:57',	'2021-06-17 17:20:57'),
(411,	3,	'7f88bb19de0199caec3c37e9a0a836f7',	NULL,	1,	'2021-06-17 17:21:59',	'2021-06-17 17:21:59'),
(412,	7,	'13d57c6362c78be85445ce64cc3d594e',	NULL,	1,	'2021-06-17 17:22:50',	'2021-06-17 17:22:50'),
(413,	3,	'b4e7a31381fe1d1653e277027cc5e7f2',	NULL,	1,	'2021-06-17 17:44:54',	'2021-06-17 17:44:54'),
(414,	7,	'10d2533742fa26b11f97def9e04cc8bf',	NULL,	1,	'2021-06-17 17:45:41',	'2021-06-17 17:45:41'),
(415,	3,	'90b6605cb9d7a8f899534748a8bf3b83',	NULL,	1,	'2021-06-17 18:38:27',	'2021-06-17 18:38:27'),
(416,	3,	'e5693c7e3ce5082607a30d8a72b162f6',	NULL,	1,	'2021-06-17 18:42:39',	'2021-06-17 18:42:39'),
(417,	7,	'eaffb57f2bd813cb46bacb3628df6cf1',	NULL,	1,	'2021-06-17 18:43:52',	'2021-06-17 18:43:52'),
(418,	7,	'b4edaab468826f6840262da88e468214',	NULL,	1,	'2021-06-17 18:55:36',	'2021-06-17 18:55:36'),
(419,	93,	'1c7adb1217799eff49ae9086003b6036',	NULL,	1,	'2021-06-17 19:22:54',	'2021-06-17 19:22:54'),
(420,	93,	'9bd6602a6f83badc85d342bcbf05251c',	NULL,	1,	'2021-06-17 19:23:05',	'2021-06-17 19:23:05'),
(421,	94,	'93f0ed1edd349251ac74be20df99dd15',	NULL,	1,	'2021-06-17 19:41:31',	'2021-06-17 19:41:31'),
(422,	94,	'da3e176e078c49370793613996a116e7',	NULL,	1,	'2021-06-17 19:41:45',	'2021-06-17 19:41:45'),
(423,	93,	'd6fab59656c22b929d96ad9894cb0791',	NULL,	1,	'2021-06-17 19:50:21',	'2021-06-17 19:50:21'),
(424,	3,	'e92004b5d800d0d55ca2fb20a629056e',	NULL,	1,	'2021-06-18 09:23:14',	'2021-06-18 09:23:14'),
(425,	7,	'd0064ea09b571f124d6e92f58a087f08',	NULL,	1,	'2021-06-18 09:26:41',	'2021-06-18 09:26:41'),
(426,	3,	'98ebfcd2f582f82e01f7aa65e11e8d88',	NULL,	1,	'2021-06-18 09:48:17',	'2021-06-18 09:48:17'),
(427,	3,	'c4552d192afc84c3caf67b40321b66c1',	NULL,	1,	'2021-06-18 10:00:32',	'2021-06-18 10:00:32'),
(428,	3,	'ba3916cb832936029ce17f412599f207',	NULL,	1,	'2021-06-18 10:01:21',	'2021-06-18 10:01:21'),
(429,	3,	'872ac5753a7cbae5f8372c5875579625',	NULL,	1,	'2021-06-18 10:03:13',	'2021-06-18 10:03:13'),
(430,	3,	'451cf835097681c2dcc4f5a466662651',	NULL,	1,	'2021-06-18 10:04:43',	'2021-06-18 10:04:43'),
(431,	3,	'c1ee77c194e44c9c17828ee204daab58',	NULL,	1,	'2021-06-18 10:05:10',	'2021-06-18 10:05:10'),
(432,	3,	'befe509ed6f105a73823d00c0b190084',	NULL,	1,	'2021-06-18 10:09:23',	'2021-06-18 10:09:23'),
(433,	3,	'3a0f925c1aa420551fa0d9e7752ac04c',	NULL,	1,	'2021-06-18 10:11:21',	'2021-06-18 10:11:21'),
(434,	2,	'd64cc47f6e072c875c10328d0215aa21',	NULL,	1,	'2021-06-18 10:26:56',	'2021-06-18 10:26:56'),
(435,	3,	'4559a61c2b7c52f619ba0670780a76cd',	NULL,	1,	'2021-06-18 10:27:53',	'2021-06-18 10:27:53'),
(436,	7,	'd1b511a1ffc7ae01be57592ca8348a1e',	NULL,	1,	'2021-06-18 10:34:53',	'2021-06-18 10:34:53'),
(437,	3,	'b9063795adab63a69d8c9164bd46d593',	NULL,	1,	'2021-06-18 10:35:49',	'2021-06-18 10:35:49'),
(438,	7,	'5c3e45c9c972f23dfcc0ea4942f0244c',	NULL,	1,	'2021-06-18 10:52:43',	'2021-06-18 10:52:43'),
(439,	3,	'813ba899c1dde46b16ce3c2838d9e9b7',	NULL,	1,	'2021-06-18 10:53:53',	'2021-06-18 10:53:53'),
(440,	7,	'b1927b632ea2aba2821f1dbca417a281',	NULL,	1,	'2021-06-18 10:58:33',	'2021-06-18 10:58:33'),
(441,	7,	'32a6b55cbac125afd7e1a77e851a55fe',	NULL,	1,	'2021-06-18 11:04:29',	'2021-06-18 11:04:29'),
(442,	3,	'2596e4f5a25d53d5f2e2273b7bf16f58',	NULL,	1,	'2021-06-18 11:11:26',	'2021-06-18 11:11:26'),
(443,	7,	'6b63912fb7cf4f823dc3a1fe5dc69d10',	NULL,	1,	'2021-06-18 11:15:55',	'2021-06-18 11:15:55'),
(444,	3,	'b02b5cb01ca3c62d316ecfb4c0c7c61e',	NULL,	1,	'2021-06-18 11:16:38',	'2021-06-18 11:16:38'),
(445,	7,	'2232ed2825f1dbb61686d0c5c68ecbd1',	NULL,	1,	'2021-06-18 11:19:57',	'2021-06-18 11:19:57'),
(446,	3,	'd1c5483dbcfabbdb113594f5402b7d7c',	NULL,	1,	'2021-06-18 11:20:33',	'2021-06-18 11:20:33'),
(447,	7,	'4bac7aba44221e4f8a024ea11fa6a5f0',	NULL,	1,	'2021-06-18 11:24:56',	'2021-06-18 11:24:56'),
(448,	3,	'f41647517e7c2c69cdce896933941472',	NULL,	1,	'2021-06-18 11:25:36',	'2021-06-18 11:25:36'),
(449,	7,	'364c73fd5c6d192c8af1a3d7d5bc1288',	NULL,	1,	'2021-06-18 12:13:59',	'2021-06-18 12:13:59'),
(450,	3,	'8bc7a4dce6190e7b581b1f3e474769fd',	NULL,	1,	'2021-06-18 13:11:25',	'2021-06-18 13:11:25'),
(451,	7,	'6df435660dc6318b1cc9f9aff9bb82c4',	NULL,	1,	'2021-06-18 13:20:57',	'2021-06-18 13:20:57'),
(452,	3,	'e3a27a2063b39d93e6159a42ef45c1f4',	NULL,	1,	'2021-06-18 14:09:25',	'2021-06-18 14:09:25'),
(453,	7,	'88736b2c7b8e3ea686e02407d0953670',	NULL,	1,	'2021-06-18 14:17:05',	'2021-06-18 14:17:05'),
(454,	7,	'9e0de4da6ac9a1b0471e098ee5fb43d2',	NULL,	1,	'2021-06-18 14:19:33',	'2021-06-18 14:19:33'),
(455,	3,	'd464dabbd70c3c389f59bb83c22e345c',	NULL,	1,	'2021-06-18 14:36:07',	'2021-06-18 14:36:07'),
(456,	7,	'f51739d789e4539f3f1994a0bd1090a6',	NULL,	1,	'2021-06-18 14:36:32',	'2021-06-18 14:36:32'),
(457,	7,	'aeb9887cafc4f81a3f2660f0c018dc84',	NULL,	1,	'2021-06-18 15:17:39',	'2021-06-18 15:17:39'),
(458,	3,	'5f061b8b4bc756c746c2fdb7871b1260',	NULL,	1,	'2021-06-18 15:19:23',	'2021-06-18 15:19:23'),
(459,	3,	'fd1ab69034e600c815dc47681aa3c688',	NULL,	1,	'2021-06-18 15:24:48',	'2021-06-18 15:24:48'),
(460,	7,	'5c1e7dba9fe476dac32c30d92236db21',	NULL,	1,	'2021-06-18 15:27:35',	'2021-06-18 15:27:35'),
(461,	95,	'37a68fe711213d5d0f16c54e0e3b0bcb',	NULL,	1,	'2021-06-18 15:40:15',	'2021-06-18 15:40:15'),
(462,	96,	'd4ea51bd24279d94ac20be69a959d789',	NULL,	1,	'2021-06-18 15:40:17',	'2021-06-18 15:40:17'),
(463,	96,	'159acb45d1f7857a6bee9a0b46f4c553',	NULL,	1,	'2021-06-18 15:40:31',	'2021-06-18 15:40:31'),
(464,	95,	'c5aa2b45e4413a25f5a4ec0b669f90cb',	NULL,	1,	'2021-06-18 15:40:34',	'2021-06-18 15:40:34'),
(465,	3,	'0f656849247101b37bcd245ed7572ec7',	NULL,	1,	'2021-06-18 15:48:33',	'2021-06-18 15:48:33'),
(466,	7,	'8b18c9f643a0a54262c12150560a1c1b',	NULL,	1,	'2021-06-18 16:26:20',	'2021-06-18 16:26:20'),
(467,	7,	'd96dcec5042cb802aa1d52f68f2b3c56',	NULL,	1,	'2021-06-18 16:30:02',	'2021-06-18 16:30:02'),
(468,	7,	'8dcd5ac08ff5949eea19ba8feadd5366',	NULL,	1,	'2021-06-18 17:10:35',	'2021-06-18 17:10:35'),
(469,	3,	'74c251b85d0a5383bb17eef52271630f',	NULL,	1,	'2021-06-18 17:14:12',	'2021-06-18 17:14:12'),
(470,	7,	'6be1c7c398d067a5a2cd4f6604a37248',	NULL,	1,	'2021-06-18 17:17:19',	'2021-06-18 17:17:19'),
(471,	2,	'0070f3874a5371429eae890c1595078f',	NULL,	1,	'2021-06-18 17:19:59',	'2021-06-18 17:19:59'),
(472,	52,	'1f5d8fa8da1c268e1734616f1257bb64',	NULL,	1,	'2021-06-18 18:55:43',	'2021-06-18 18:55:43'),
(473,	2,	'b814769c97d01735c5d5a041d65e95a2',	NULL,	1,	'2021-06-18 19:04:46',	'2021-06-18 19:04:46'),
(474,	7,	'1e0c407dd375252d096f3b1b1aa4fdf3',	NULL,	1,	'2021-06-18 20:00:23',	'2021-06-18 20:00:23'),
(475,	3,	'1b69c36fbf03ebca0b85bb5a51ffb803',	NULL,	1,	'2021-06-18 20:44:27',	'2021-06-18 20:44:27'),
(476,	7,	'ccc65a6f0ba3fc95fd4284a573329237',	NULL,	1,	'2021-06-18 21:03:49',	'2021-06-18 21:03:49'),
(477,	7,	'd225a76fc4188e10b2e4ca8751292ab6',	NULL,	1,	'2021-06-19 21:41:23',	'2021-06-19 21:41:23'),
(478,	7,	'807299bf6aaab4cc2abf02eb8ddf0f0c',	NULL,	1,	'2021-06-21 09:12:52',	'2021-06-21 09:12:52'),
(479,	3,	'a695aa127c67c852df0b84feea188a3a',	NULL,	1,	'2021-06-21 09:19:29',	'2021-06-21 09:19:29'),
(480,	3,	'10134af947d580dfe6cde312fd6f1b82',	NULL,	1,	'2021-06-21 16:45:37',	'2021-06-21 16:45:37'),
(481,	3,	'994784e9502bd7942fe62bc604573893',	NULL,	1,	'2021-06-21 16:58:54',	'2021-06-21 16:58:54'),
(482,	7,	'd259bc364d2b0dae911dcd7f64ac5296',	NULL,	1,	'2021-06-21 16:59:40',	'2021-06-21 16:59:40'),
(483,	7,	'086c0782c92bf3d8f8276b7998dafc6a',	NULL,	1,	'2021-06-21 17:02:41',	'2021-06-21 17:02:41'),
(484,	7,	'c56bb04ca6054aa1ac0e86d76f712a8e',	NULL,	1,	'2021-06-21 17:21:04',	'2021-06-21 17:21:04'),
(485,	97,	'5e5bb81b422342738d7f020a0907e947',	NULL,	1,	'2021-06-21 17:46:10',	'2021-06-21 17:46:10'),
(486,	97,	'4db0097fa512daf480672f2acb6d2f18',	NULL,	1,	'2021-06-21 17:46:28',	'2021-06-21 17:46:28'),
(487,	98,	'e04934c923fb5a139fdbece848b820dc',	NULL,	1,	'2021-06-21 17:53:04',	'2021-06-21 17:53:04'),
(488,	98,	'619b61c7a04630cf3783767a7e5cb3a5',	NULL,	1,	'2021-06-21 17:55:36',	'2021-06-21 17:55:36'),
(489,	97,	'96dbfa9c6177ef6487f637c2c920c34d',	NULL,	1,	'2021-06-21 18:11:36',	'2021-06-21 18:11:36'),
(490,	2,	'f9d69d9c12147145a0d12b82ad12fdb0',	NULL,	1,	'2021-06-21 18:22:27',	'2021-06-21 18:22:27'),
(491,	98,	'6ba2f8a896c9771436c3bc332c60e6d5',	NULL,	1,	'2021-06-21 18:30:59',	'2021-06-21 18:30:59'),
(492,	97,	'557dbee304b9cff92c93445bfdfe1612',	NULL,	1,	'2021-06-21 19:47:00',	'2021-06-21 19:47:00'),
(493,	97,	'8e5a681503ba64cb77fe3ed3ec71eb6b',	NULL,	1,	'2021-06-21 19:50:18',	'2021-06-21 19:50:18'),
(494,	97,	'711270c1a367c53e2056cf0a20260c43',	NULL,	1,	'2021-06-21 19:57:18',	'2021-06-21 19:57:18'),
(495,	99,	'5ac73fd3632a5053869d084542b51eba',	NULL,	1,	'2021-06-21 20:01:57',	'2021-06-21 20:01:57'),
(496,	99,	'060519727dc2dd0a8368e886763f526c',	NULL,	1,	'2021-06-21 20:02:05',	'2021-06-21 20:02:05'),
(497,	101,	'096bde97ada4cf117c3c793d96d171ba',	NULL,	1,	'2021-06-21 20:11:55',	'2021-06-21 20:11:55'),
(498,	99,	'cb327c5ecf47490e414ad6329ea2f70f',	NULL,	1,	'2021-06-21 20:13:02',	'2021-06-21 20:13:02'),
(499,	7,	'6549979df1015d9b5128113ad854c56e',	NULL,	1,	'2021-06-21 20:13:33',	'2021-06-21 20:13:33'),
(500,	3,	'759d1b51ccf3929a598008b96e1d1836',	NULL,	1,	'2021-06-21 20:27:59',	'2021-06-21 20:27:59'),
(501,	101,	'331a4be288bc6dc3de0c17fd99b9274e',	NULL,	1,	'2021-06-21 20:30:18',	'2021-06-21 20:30:18'),
(502,	3,	'cc3bbcab82ad3be5de0355ad48f6d603',	NULL,	1,	'2021-06-21 20:33:43',	'2021-06-21 20:33:43'),
(503,	101,	'592fd78163a854249261f7e69ed1849b',	NULL,	1,	'2021-06-21 20:38:08',	'2021-06-21 20:38:08'),
(504,	99,	'd15b592e71f7a5b702ac5c088ccb526c',	NULL,	1,	'2021-06-21 20:44:17',	'2021-06-21 20:44:17'),
(505,	102,	'd563b577594091d78f77227d32e08dd9',	NULL,	1,	'2021-06-21 20:46:19',	'2021-06-21 20:46:19'),
(506,	103,	'54b3de5fef31ed90e3ebf0b01b801f2c',	NULL,	1,	'2021-06-21 20:46:26',	'2021-06-21 20:46:26'),
(507,	102,	'ee896ce1966bc761f6a369b962d92899',	NULL,	1,	'2021-06-21 20:46:32',	'2021-06-21 20:46:32'),
(508,	103,	'7cef91ef85641d00fd4eff910614866e',	NULL,	1,	'2021-06-21 20:46:44',	'2021-06-21 20:46:44'),
(509,	7,	'393c275482dc9a3a30088ae66044fef0',	NULL,	1,	'2021-06-21 23:30:13',	'2021-06-21 23:30:13'),
(510,	3,	'6ffad44b98ac70d1a9a68abbb214a587',	NULL,	1,	'2021-06-21 23:30:52',	'2021-06-21 23:30:52'),
(511,	7,	'a78cba9e647bf1fbadca7260e68b7254',	NULL,	1,	'2021-06-22 09:29:24',	'2021-06-22 09:29:24'),
(512,	3,	'03e92acab47266bdb0aaf2e2785f3f1b',	NULL,	1,	'2021-06-22 09:30:23',	'2021-06-22 09:30:23'),
(513,	2,	'57eefeb191c77b08c0ead3fc9bc4842e',	NULL,	1,	'2021-06-22 10:06:29',	'2021-06-22 10:06:29'),
(514,	104,	'1a7f383b373971877d1dbdd60e9a2c89',	NULL,	1,	'2021-06-22 10:07:44',	'2021-06-22 10:07:44'),
(515,	104,	'b0a923a943750020b7ba9e43ea6d4e69',	NULL,	1,	'2021-06-22 10:07:51',	'2021-06-22 10:07:51'),
(516,	7,	'fd6532dd619f5999b80ce8a99f14dba4',	NULL,	1,	'2021-06-22 10:23:34',	'2021-06-22 10:23:34'),
(517,	104,	'efa5c1cf3cf95c6ad20c5e5f4cea9c0e',	NULL,	1,	'2021-06-22 11:02:53',	'2021-06-22 11:02:53'),
(518,	7,	'ab81200249b80050a619c34b97c3c849',	NULL,	1,	'2021-06-22 11:09:12',	'2021-06-22 11:09:12'),
(519,	3,	'5fab5de715845137658f8ab1a7e300b4',	NULL,	1,	'2021-06-22 11:57:34',	'2021-06-22 11:57:34'),
(520,	8,	'04dccde91f07038360afec0d1f0eeddc',	NULL,	1,	'2021-06-22 12:20:52',	'2021-06-22 12:20:52'),
(521,	3,	'301fafa92256802463b36c7e2b101cd4',	NULL,	1,	'2021-06-22 12:30:28',	'2021-06-22 12:30:28'),
(522,	7,	'1cbf0c7db0b0bd1f04cda77b1b9243cf',	NULL,	1,	'2021-06-22 12:32:48',	'2021-06-22 12:32:48'),
(523,	3,	'5f31b82a6d10d729e0d3f309ac872f22',	NULL,	1,	'2021-06-22 12:46:56',	'2021-06-22 12:46:56'),
(524,	3,	'baffab44f003686608cfb88b2fe3df92',	NULL,	1,	'2021-06-22 14:26:45',	'2021-06-22 14:26:45'),
(525,	3,	'ac6c12547ffa6c1260ff7b9d13a6ae03',	NULL,	1,	'2021-06-22 14:36:27',	'2021-06-22 14:36:27'),
(526,	7,	'ed278a6c9c0d853c210a10599952909f',	NULL,	1,	'2021-06-22 15:01:10',	'2021-06-22 15:01:10'),
(527,	3,	'388a756457f819ba2f19c4e62891d9af',	NULL,	1,	'2021-06-22 15:01:32',	'2021-06-22 15:01:32'),
(528,	7,	'71361eb9fc58e556bed523f0aee58209',	NULL,	1,	'2021-06-22 15:02:07',	'2021-06-22 15:02:07'),
(529,	7,	'b5b4a60552c971d8ea734d619ffcbcc4',	NULL,	1,	'2021-06-22 15:10:22',	'2021-06-22 15:10:22'),
(530,	3,	'f549a9eb4f79a39dc139e0eefe8b242b',	NULL,	1,	'2021-06-22 15:10:33',	'2021-06-22 15:10:33'),
(531,	3,	'd7623d57815afdfdbb31c64fd357b030',	NULL,	1,	'2021-06-22 15:15:32',	'2021-06-22 15:15:32'),
(532,	7,	'679ef54a4f96bb011ebc6695f740a327',	NULL,	1,	'2021-06-22 15:17:43',	'2021-06-22 15:17:43'),
(533,	3,	'64fba95b8bd5771afe4676c5b7559180',	NULL,	1,	'2021-06-22 15:19:03',	'2021-06-22 15:19:03'),
(534,	7,	'f30447f1a506bc8ed268a3dd1404ddf8',	NULL,	1,	'2021-06-22 15:19:21',	'2021-06-22 15:19:21'),
(535,	3,	'f746b8c8dd3750d29185daec1a541052',	NULL,	1,	'2021-06-22 15:19:30',	'2021-06-22 15:19:30'),
(536,	3,	'79899bcfa4d6463c88c0f57b239f9973',	NULL,	1,	'2021-06-22 15:38:37',	'2021-06-22 15:38:37'),
(537,	7,	'66c3281a847ec7bab22e2e734f2e0b21',	NULL,	1,	'2021-06-22 15:40:28',	'2021-06-22 15:40:28'),
(538,	7,	'd80a65319faa5e2acab3feeefe20f7d3',	NULL,	1,	'2021-06-23 11:50:19',	'2021-06-23 11:50:19'),
(539,	7,	'5b13499f0fe1b72df28d0130fbd6f352',	NULL,	1,	'2021-06-23 14:19:13',	'2021-06-23 14:19:13'),
(540,	7,	'f74c6e65b768f6f49962b67675d9b09a',	NULL,	1,	'2021-06-23 15:00:43',	'2021-06-23 15:00:43'),
(541,	7,	'46187feab73cb98e4dfa4bd1c891a7eb',	NULL,	1,	'2021-06-23 15:56:53',	'2021-06-23 15:56:53'),
(542,	7,	'fde52853e99f119ada184a25f9c3ca3a',	NULL,	1,	'2021-06-23 16:40:00',	'2021-06-23 16:40:00'),
(543,	7,	'1b47a5d7f4052a83c816ce52429d8f58',	NULL,	1,	'2021-06-23 19:25:29',	'2021-06-23 19:25:29'),
(544,	7,	'cb416cbf4864a56f4f3736ddb56e7c99',	NULL,	1,	'2021-06-24 09:57:11',	'2021-06-24 09:57:11'),
(545,	7,	'29803943a51759e0e9eda941b0a119cc',	NULL,	1,	'2021-06-24 10:27:16',	'2021-06-24 10:27:16'),
(546,	7,	'c3b2ea9e445a627e4eca49a27177715b',	NULL,	1,	'2021-06-24 11:56:02',	'2021-06-24 11:56:02'),
(547,	7,	'01400010ac94052fe12ce3f182198cfe',	NULL,	1,	'2021-06-24 12:15:16',	'2021-06-24 12:15:16'),
(548,	7,	'e6c4da9b9865329739b1284c2ade6eb0',	NULL,	1,	'2021-06-24 13:11:20',	'2021-06-24 13:11:20'),
(549,	7,	'173dcb22b2f1aa261e5c590d489d4e34',	NULL,	1,	'2021-06-24 14:39:12',	'2021-06-24 14:39:12'),
(550,	7,	'af838cfaf4f54b28462012c35cfba685',	NULL,	1,	'2021-06-24 17:30:55',	'2021-06-24 17:30:55'),
(551,	45,	'b4f5d2bb8cd35045c55faa9a1c375d3b',	NULL,	1,	'2021-06-24 18:52:44',	'2021-06-24 18:52:44'),
(552,	7,	'04a352159fb6e776b39a32cc85413e67',	NULL,	1,	'2021-07-01 13:59:25',	'2021-07-01 13:59:25'),
(553,	48,	'400ba2416aba00a8fb807dadda74bd70',	NULL,	1,	'2021-07-01 14:05:36',	'2021-07-01 14:05:36'),
(554,	105,	'c4cd9dc5a5faad94ec21f400b163d898',	NULL,	1,	'2021-08-16 11:30:04',	'2021-08-16 11:30:04'),
(555,	105,	'196836b4282611431e855aecb91a8e7e',	NULL,	1,	'2021-08-16 11:32:16',	'2021-08-16 11:32:16'),
(556,	7,	'f2909dc50fda405f9b9d820302620e91',	NULL,	1,	'2021-08-16 11:35:00',	'2021-08-16 11:35:00'),
(557,	7,	'51e778b542210674ad08395e2edf57fa',	NULL,	1,	'2021-08-16 11:35:40',	'2021-08-16 11:35:40'),
(558,	2,	'1b302a87c36025d6d8bc43521e66190a',	NULL,	1,	'2021-08-16 11:37:38',	'2021-08-16 11:37:38'),
(559,	2,	'ff9f9df1ba6a612a9bd22a93515f6758',	NULL,	1,	'2021-08-16 11:38:26',	'2021-08-16 11:38:26'),
(560,	7,	'4f6be778673a3db511a76cb21260f995',	NULL,	1,	'2021-08-16 11:40:20',	'2021-08-16 11:40:20'),
(561,	7,	'3664df77266fbd0ff29ff7eedf3f663f',	NULL,	1,	'2021-08-24 11:45:22',	'2021-08-24 11:45:22'),
(562,	7,	'9e1ffa5b0179946787e79d19a3fe73cc',	NULL,	1,	'2021-08-24 11:48:43',	'2021-08-24 11:48:43'),
(563,	7,	'6110790dd1e403b684bd7c46298e9101',	NULL,	1,	'2021-08-24 11:48:43',	'2021-08-24 11:48:43'),
(564,	7,	'0acf1b891d900a030899ff69b1942710',	NULL,	1,	'2021-08-25 09:11:51',	'2021-08-25 09:11:51'),
(565,	2,	'15ec0a4d6cc16e00e057c84b9c1c5024',	NULL,	1,	'2021-08-26 11:23:52',	'2021-08-26 11:23:52'),
(566,	2,	'c4a754f0948d83010588f7ae60eb1f20',	NULL,	1,	'2021-08-26 11:24:15',	'2021-08-26 11:24:15'),
(567,	7,	'20ceb870a983b51038c09e89fd54e51a',	NULL,	1,	'2021-08-26 11:40:58',	'2021-08-26 11:40:58'),
(568,	7,	'71d19bba9afdaae2a90a0454ecdeb2ae',	NULL,	1,	'2021-08-26 12:28:32',	'2021-08-26 12:28:32'),
(569,	7,	'500b313c92e5ac42d5080451e2bd5cb4',	NULL,	1,	'2021-08-26 12:29:41',	'2021-08-26 12:29:41'),
(570,	2,	'968d715d7729ff58f59fd4e3633b6f1e',	NULL,	1,	'2021-08-26 12:30:12',	'2021-08-26 12:30:12'),
(571,	7,	'e0d43576bea40d68fbc2e72a933779b3',	NULL,	1,	'2021-08-26 12:34:29',	'2021-08-26 12:34:29'),
(572,	7,	'eb8c5cc84deef8011f99ff8a940508c6',	NULL,	1,	'2021-08-26 15:32:41',	'2021-08-26 15:32:41'),
(573,	7,	'd6755c8e059079f6a7280d2fd65619d9',	NULL,	1,	'2021-08-26 16:12:10',	'2021-08-26 16:12:10'),
(574,	7,	'0e881ca8a0f73cf6396639af557e5319',	NULL,	1,	'2021-08-27 09:56:30',	'2021-08-27 09:56:30'),
(575,	7,	'3d16dcf01ff266af77032b9103558c98',	NULL,	1,	'2021-08-27 10:42:08',	'2021-08-27 10:42:08'),
(576,	7,	'e4fc952adb7ee5dff41a64a77ef5971c',	NULL,	1,	'2021-08-27 15:47:39',	'2021-08-27 15:47:39'),
(577,	106,	'bcf4af5f0d391068adb09fe1a2c78333',	NULL,	1,	'2021-08-27 17:05:43',	'2021-08-27 17:05:43'),
(578,	106,	'74a25dd4a8dc6c8e510b566957e3fd72',	NULL,	1,	'2021-08-27 17:06:07',	'2021-08-27 17:06:07'),
(579,	7,	'8a0f093d8352c1b9c4cbcad393088c93',	NULL,	1,	'2021-08-30 16:25:46',	'2021-08-30 16:25:46'),
(580,	107,	'54536589fe1011002fab14294fed6704',	NULL,	1,	'2021-08-30 17:35:59',	'2021-08-30 17:35:59'),
(581,	107,	'643bac3e0200c780ddc1533c4806c9e6',	NULL,	1,	'2021-08-30 17:36:09',	'2021-08-30 17:36:09'),
(582,	7,	'687de15f382805e52433dbac358f1b04',	NULL,	1,	'2021-08-31 09:38:10',	'2021-08-31 09:38:10'),
(583,	7,	'c099d1d1a2eedbe05cef8ca9e8f4a577',	NULL,	1,	'2021-08-31 11:37:51',	'2021-08-31 11:37:51'),
(584,	3,	'48823fa25b68dbdf25bf50f93460c88d',	NULL,	1,	'2021-09-02 16:07:09',	'2021-09-02 16:07:09'),
(585,	7,	'd3e3ea8bef46cf3a797258602c3afb41',	NULL,	1,	'2021-09-02 16:08:50',	'2021-09-02 16:08:50'),
(586,	108,	'1f5766604048b0b8d32f34a2dcd4993b',	NULL,	1,	'2021-09-02 18:42:13',	'2021-09-02 18:42:13'),
(587,	108,	'01afaee2b6942b88e30a284f950293a8',	NULL,	1,	'2021-09-02 18:42:38',	'2021-09-02 18:42:38'),
(588,	109,	'd58be8b023b2dbb0cbdabb1598796d0c',	NULL,	1,	'2021-09-02 18:55:17',	'2021-09-02 18:55:17'),
(589,	109,	'843c4166eea17bcfa55ab25e792662ee',	NULL,	1,	'2021-09-02 18:55:37',	'2021-09-02 18:55:37'),
(590,	106,	'c91491a09c04f9db2b206a88639a1dad',	NULL,	1,	'2021-09-02 18:59:21',	'2021-09-02 18:59:21'),
(591,	110,	'e72fc86393b63c02bb8fe5556e491711',	NULL,	1,	'2021-09-02 19:00:49',	'2021-09-02 19:00:49'),
(592,	110,	'282bd747228a8d2cb83460c719e05f48',	NULL,	1,	'2021-09-02 19:01:06',	'2021-09-02 19:01:06'),
(593,	111,	'c62b69fa2dbf270a4f3f3709f81f58bc',	NULL,	1,	'2021-09-02 19:01:10',	'2021-09-02 19:01:10'),
(594,	111,	'4b6fd4dd63dc0cf73a469d4a406eaa15',	NULL,	1,	'2021-09-02 19:01:20',	'2021-09-02 19:01:20'),
(595,	106,	'de75c654bc7450ddf8a9fe7da6838ec8',	NULL,	1,	'2021-09-02 19:02:59',	'2021-09-02 19:02:59'),
(596,	112,	'd98255a9119369ba0b9d6b8519f97e49',	NULL,	1,	'2021-09-02 19:07:35',	'2021-09-02 19:07:35'),
(597,	112,	'9b31427419ff5848e6ed730fe7e8464e',	NULL,	1,	'2021-09-02 19:07:47',	'2021-09-02 19:07:47'),
(598,	106,	'ed5658091de1d2731577b0cc660b839d',	NULL,	1,	'2021-09-02 19:08:47',	'2021-09-02 19:08:47'),
(599,	113,	'7563a244c187f766b630da2405bef7f3',	NULL,	1,	'2021-09-02 19:25:01',	'2021-09-02 19:25:01'),
(600,	113,	'7e2190ec2e47320c2cf2503b8016d1ed',	NULL,	1,	'2021-09-02 19:25:11',	'2021-09-02 19:25:11'),
(601,	52,	'0fa4cbfca2fffe7b0185e600cb2dda47',	NULL,	1,	'2021-09-02 19:56:12',	'2021-09-02 19:56:12'),
(602,	7,	'9b3a1966ec31caf1f3c6cbfeb5f54cdd',	NULL,	1,	'2021-09-02 20:37:38',	'2021-09-02 20:37:38'),
(603,	2,	'dd7737a52ef9a8a865dc30ab47da34bf',	NULL,	1,	'2021-09-02 20:42:05',	'2021-09-02 20:42:05'),
(604,	2,	'57a6def1ed0ab53a2b7b2b32b9556e33',	NULL,	1,	'2021-09-02 20:42:30',	'2021-09-02 20:42:30'),
(605,	7,	'dae71f190cfda32138c54d26016b576f',	NULL,	1,	'2021-09-02 20:43:26',	'2021-09-02 20:43:26'),
(606,	2,	'e407e847fa3434e7b1f3fda1ac0bed6a',	NULL,	1,	'2021-09-02 21:01:19',	'2021-09-02 21:01:19'),
(607,	114,	'368e61e6967b0f8baf8f1d107193db2f',	NULL,	1,	'2021-09-02 21:11:24',	'2021-09-02 21:11:24'),
(608,	114,	'c5522090ee9389db907d39010904b14d',	NULL,	1,	'2021-09-02 21:11:39',	'2021-09-02 21:11:39'),
(609,	2,	'3f98331b076056c54cf52844416dc66d',	NULL,	1,	'2021-09-02 21:23:39',	'2021-09-02 21:23:39'),
(610,	2,	'c67fed9cc58f4043f325e5bc4303a77f',	NULL,	1,	'2021-09-02 21:24:52',	'2021-09-02 21:24:52'),
(611,	114,	'cda10075b42f061bef8e03993a4e0d00',	NULL,	1,	'2021-09-02 21:28:06',	'2021-09-02 21:28:06'),
(612,	2,	'19bc04612384baae7eab81380a90e64a',	NULL,	1,	'2021-09-02 21:28:25',	'2021-09-02 21:28:25'),
(613,	114,	'0e0f77b7586bbfef7a2de6061a36b711',	NULL,	1,	'2021-09-02 21:41:40',	'2021-09-02 21:41:40'),
(614,	2,	'f1a3a7f5032db7224468f68fa9b5680b',	NULL,	1,	'2021-09-02 22:18:21',	'2021-09-02 22:18:21'),
(615,	115,	'37e26b4d8aa56f2da15c12c0a0c7fe25',	NULL,	1,	'2021-09-02 22:22:32',	'2021-09-02 22:22:32'),
(616,	115,	'610e48ddd4b254170187fe20bad3ef3b',	NULL,	1,	'2021-09-02 22:22:39',	'2021-09-02 22:22:39'),
(617,	116,	'a9ae803c04e0469c58a79ef66b4d223c',	NULL,	1,	'2021-09-02 22:24:04',	'2021-09-02 22:24:04'),
(618,	116,	'f8a40ee70ce6cb8cab44c6a57a8cc91e',	NULL,	1,	'2021-09-02 22:24:21',	'2021-09-02 22:24:21'),
(619,	7,	'578ea2ae1daa4dafe9160bcee4d81448',	NULL,	1,	'2021-09-03 17:00:12',	'2021-09-03 17:00:12'),
(620,	114,	'0f174ec4484d37cf21fe9b8cd8bd0bbc',	NULL,	1,	'2021-09-03 17:00:55',	'2021-09-03 17:00:55'),
(621,	52,	'e04ffc237f8f245ef16154b904a20f7c',	NULL,	1,	'2021-09-03 17:30:24',	'2021-09-03 17:30:24'),
(622,	117,	'208d80cd7828738bc347dd127fbba509',	NULL,	1,	'2021-09-03 18:11:23',	'2021-09-03 18:11:23'),
(623,	118,	'a1a0d95f24bc83eb479c6f61a4182ca6',	NULL,	1,	'2021-09-03 18:22:58',	'2021-09-03 18:22:58'),
(624,	118,	'252bb453a219a53b68d75e0f3e889a1f',	NULL,	1,	'2021-09-03 18:23:22',	'2021-09-03 18:23:22'),
(625,	118,	'b74194b9b230b9cd94940626b6fc4176',	NULL,	1,	'2021-09-03 18:46:25',	'2021-09-03 18:46:25'),
(626,	118,	'880d8aa713e958043afdaccc0e616642',	NULL,	1,	'2021-09-03 18:47:45',	'2021-09-03 18:47:45'),
(627,	117,	'104e35f347efda7f476881bc04ad6354',	NULL,	1,	'2021-09-03 18:50:27',	'2021-09-03 18:50:27'),
(628,	117,	'e2503b1055c1e366f32f5cff8f11f1c3',	NULL,	1,	'2021-09-03 18:52:07',	'2021-09-03 18:52:07'),
(629,	119,	'73d137b1ff82af6f28fcecfee9f206ab',	NULL,	1,	'2021-09-03 19:18:44',	'2021-09-03 19:18:44'),
(630,	119,	'dcdbaa88e29e3ea962208cf2043accaf',	NULL,	1,	'2021-09-03 19:18:52',	'2021-09-03 19:18:52'),
(631,	119,	'71a3a025b811e678ab550a2a90c9cb55',	NULL,	1,	'2021-09-03 19:54:43',	'2021-09-03 19:54:43'),
(632,	118,	'b17c8c19ecf8bd14c5048300b9d4614d',	NULL,	1,	'2021-09-03 20:05:38',	'2021-09-03 20:05:38'),
(633,	119,	'82bf0cc7978f7a87c1d784279fff6191',	NULL,	1,	'2021-09-03 20:06:16',	'2021-09-03 20:06:16'),
(634,	118,	'0b8648869933042672c2e769b20369b0',	NULL,	1,	'2021-09-03 20:14:40',	'2021-09-03 20:14:40'),
(635,	7,	'0a907b7c9db6552d1f78fcc284d2d968',	NULL,	1,	'2021-09-06 10:28:58',	'2021-09-06 10:28:58'),
(636,	7,	'e3fbae1b8c0c4bdf4ec96717cb6698ff',	NULL,	1,	'2021-09-06 14:06:34',	'2021-09-06 14:06:34'),
(637,	7,	'381fa1fb28623edd37c653cbf35c16cc',	NULL,	1,	'2021-09-06 14:09:05',	'2021-09-06 14:09:05'),
(638,	2,	'6d1f890a3880c6af5f5b26a6884b7dc3',	NULL,	1,	'2021-09-07 10:32:23',	'2021-09-07 10:32:23'),
(639,	7,	'2470c01cfdf3373557f1ad3d8f294ecf',	NULL,	1,	'2021-09-07 10:41:32',	'2021-09-07 10:41:32'),
(640,	2,	'2063729f129d2866aea172ce4d8d921c',	NULL,	1,	'2021-09-07 11:02:25',	'2021-09-07 11:02:25'),
(641,	2,	'd1f8d4a19a716bd6e37733aa6a3200c6',	NULL,	1,	'2021-09-07 12:00:43',	'2021-09-07 12:00:43'),
(642,	2,	'35070220073014c83869e1668bd9c1a5',	NULL,	1,	'2021-09-09 11:33:46',	'2021-09-09 11:33:46'),
(643,	7,	'f905a668e2629d0b805c11071b623e96',	NULL,	1,	'2021-09-09 11:34:37',	'2021-09-09 11:34:37'),
(644,	2,	'66aeb091f9dd1a671b1d595efff6c7bb',	NULL,	1,	'2021-09-09 11:40:55',	'2021-09-09 11:40:55'),
(645,	7,	'cc534c2e6412f9885e545d4d585141d8',	NULL,	1,	'2021-09-09 11:44:13',	'2021-09-09 11:44:13'),
(646,	2,	'731bcbf3c3d36e0eb78c89c9c550b988',	NULL,	1,	'2021-09-13 08:47:24',	'2021-09-13 08:47:24'),
(647,	7,	'4252a740ba001c1d18670ee5d9acdaaa',	NULL,	1,	'2021-09-13 08:47:40',	'2021-09-13 08:47:40'),
(648,	2,	'a226cb75bdd2b481ec738dc4c83c256a',	NULL,	1,	'2021-09-13 08:52:25',	'2021-09-13 08:52:25'),
(649,	7,	'f6f06cc66f4b9a3745b336f65849b821',	NULL,	1,	'2021-09-13 09:09:27',	'2021-09-13 09:09:27'),
(650,	7,	'4136a026f4af1504dc8eef3db57cf7ba',	NULL,	1,	'2021-09-13 10:19:31',	'2021-09-13 10:19:31'),
(651,	2,	'198cf558312dcefd8e48ff7f45dbc576',	NULL,	1,	'2021-09-13 10:28:29',	'2021-09-13 10:28:29'),
(652,	3,	'ed9fbc7214888b87e578312465487917',	NULL,	1,	'2021-09-13 10:29:10',	'2021-09-13 10:29:10'),
(653,	3,	'b0d9389bfc5e3f1da7d653118389523f',	NULL,	1,	'2021-09-13 10:29:30',	'2021-09-13 10:29:30'),
(654,	3,	'1d4d1aa66798701834040e464b881cd9',	NULL,	1,	'2021-09-13 10:30:33',	'2021-09-13 10:30:33'),
(655,	120,	'c7d70c0ad3e4e6a25ed37deb5fc56dfa',	NULL,	1,	'2021-09-13 10:35:39',	'2021-09-13 10:35:39'),
(656,	120,	'8551392552f8c5d92f70726b250692e2',	NULL,	1,	'2021-09-13 10:36:01',	'2021-09-13 10:36:01'),
(657,	3,	'348be129581bc8060e405eb517d75ae0',	NULL,	1,	'2021-09-13 10:45:39',	'2021-09-13 10:45:39'),
(658,	7,	'bd1c289add69198499ea098b43a870c3',	NULL,	1,	'2021-09-13 10:46:46',	'2021-09-13 10:46:46'),
(659,	7,	'a9d8285ea6bae6621a608cf0661bafb3',	NULL,	1,	'2021-09-14 10:05:10',	'2021-09-14 10:05:10'),
(660,	120,	'25382d39ca6da8d02f780b612d00a110',	NULL,	1,	'2021-09-14 12:24:47',	'2021-09-14 12:24:47'),
(661,	2,	'c15310d3448c0b25df2d08291d3a5639',	NULL,	1,	'2021-09-14 12:31:45',	'2021-09-14 12:31:45'),
(662,	120,	'506d769a0f0c1360f9a91f4cb6963e40',	NULL,	1,	'2021-09-14 12:35:41',	'2021-09-14 12:35:41'),
(663,	2,	'be0c12edce56aa47f8e8cef019dda732',	NULL,	1,	'2021-09-14 12:37:49',	'2021-09-14 12:37:49'),
(664,	7,	'4fc29bbd83480cb724c15c41db8f3dc0',	NULL,	1,	'2021-09-17 09:05:02',	'2021-09-17 09:05:02'),
(665,	7,	'06658e831b1d0344330fa349aa2ed384',	NULL,	1,	'2021-09-17 10:26:12',	'2021-09-17 10:26:12'),
(666,	7,	'b920a779739b2b92acdfc089b602c616',	NULL,	1,	'2021-09-17 10:27:51',	'2021-09-17 10:27:51'),
(667,	121,	'10d2ac411fc9fdc5068acd4572eb3458',	NULL,	1,	'2021-09-17 12:06:25',	'2021-09-17 12:06:25'),
(668,	122,	'84d0a02d02c84091eecf14cd0bb9290a',	NULL,	1,	'2021-09-17 12:17:47',	'2021-09-17 12:17:47'),
(669,	122,	'ab729846b68c803095cc20eb08931bd8',	NULL,	1,	'2021-09-17 12:19:01',	'2021-09-17 12:19:01'),
(670,	7,	'8154706072fd401ec33ff3a5146bd993',	NULL,	1,	'2021-09-17 13:33:09',	'2021-09-17 13:33:09'),
(671,	123,	'd3415ad3ccbe880e8547de50e85039ec',	NULL,	1,	'2021-09-17 13:34:06',	'2021-09-17 13:34:06'),
(672,	123,	'6061c9122fb0a318deafa8248e55c633',	NULL,	1,	'2021-09-17 13:34:43',	'2021-09-17 13:34:43'),
(673,	7,	'3ba8d064d5a112516e560d9f8bcd88bd',	NULL,	1,	'2021-09-17 13:35:33',	'2021-09-17 13:35:33');

DROP TABLE IF EXISTS `question`;
CREATE TABLE `question` (
  `id` bigint(20) unsigned NOT NULL AUTO_INCREMENT,
  `service_id` int(10) unsigned NOT NULL,
  `question` varchar(255) COLLATE utf8mb4_unicode_ci DEFAULT NULL,
  `info_text` varchar(255) COLLATE utf8mb4_unicode_ci DEFAULT NULL,
  `multi_select` tinyint(1) NOT NULL DEFAULT 0,
  `status` tinyint(1) NOT NULL DEFAULT 1,
  `created_at` timestamp NULL DEFAULT NULL,
  `updated_at` timestamp NULL DEFAULT NULL,
  PRIMARY KEY (`id`)
) ENGINE=InnoDB DEFAULT CHARSET=utf8mb4 COLLATE=utf8mb4_unicode_ci;

INSERT INTO `question` (`id`, `service_id`, `question`, `info_text`, `multi_select`, `status`, `created_at`, `updated_at`) VALUES
(2,	4,	'What problems are you having with your drain(s)?',	'I need to replace/repair my drain(s)',	0,	1,	'2021-03-29 07:14:36',	'2021-03-29 07:14:36'),
(3,	4,	'What is wrong with your toilet?',	'I need to repair/replace my toilet(s)',	0,	1,	'2021-03-29 07:14:36',	'2021-03-29 07:14:36'),
(4,	4,	'What is wrong with your sink?',	'I need to repair/replace my sink',	0,	1,	'2021-03-29 07:14:36',	'2021-03-29 07:14:36'),
(5,	4,	'What is wrong with your bathtub?',	'I need to repair/replace my bathtub',	0,	1,	'2021-03-29 07:14:36',	'2021-03-29 07:14:36'),
(6,	4,	'What is wrong with your tap?',	'I need to repair/replace my tap(s)',	0,	1,	'2021-03-29 07:14:36',	'2021-03-29 07:14:36'),
(7,	4,	'What appliance is leaking?',	'What appliance is leaking',	0,	1,	'2021-03-29 07:14:36',	'2021-06-07 13:38:18'),
(8,	4,	'What is wrong with your geyser?',	'What is wrong with your geyser',	0,	1,	'2021-03-29 07:14:36',	'2021-06-07 13:43:16'),
(9,	4,	'In what room is the leak?',	'I have a leak but I dont know the origin',	0,	1,	'2021-03-29 07:14:36',	'2021-03-29 07:14:36'),
(10,	4,	'What is wrong with your tap?',	'I need to repair/replace my shower(s)',	0,	1,	'2021-03-29 07:14:36',	'2021-03-29 07:14:36'),
(11,	4,	'What is wrong with your tap?',	'I need to repair/replace my shower(s)',	0,	1,	'2021-03-29 07:14:36',	'2021-06-07 14:12:49'),
(13,	5,	'What do you need the Electrician for?',	'What do you need the Electrician for',	0,	1,	'2021-06-07 10:15:28',	'2021-06-07 10:22:29'),
(14,	19,	'What furniture do you need repaired?',	'What furniture do you need repaired',	0,	1,	'2021-06-07 10:52:08',	'2021-06-07 10:52:08'),
(15,	9,	'What appliance do you need repaired?',	'What appliance do you need repaired',	0,	1,	'2021-06-07 11:26:34',	'2021-06-07 11:26:34'),
(16,	8,	'What do you need the handyman for ?',	'What do you need the handyman for',	0,	1,	'2021-06-07 14:11:00',	'2021-06-07 14:11:00'),
(19,	22,	'test question text22',	'test option text22',	0,	1,	'2021-06-07 14:28:10',	'2021-06-07 14:29:32'),
(20,	20,	'What would you like to renovate?',	'What would you like to renovate',	0,	1,	'2021-06-07 14:42:11',	'2021-06-07 14:42:11'),
(21,	20,	'Select number of rooms?',	'Select number of rooms',	0,	1,	'2021-06-07 14:42:51',	'2021-06-07 14:42:51'),
(22,	11,	'What would you like to paint?',	'What would you like to paint',	0,	1,	'2021-06-07 14:43:49',	'2021-06-07 14:43:49'),
(23,	11,	'Select number of bedrooms?',	'Select number of bedrooms',	0,	1,	'2021-06-07 14:44:07',	'2021-06-07 14:44:07'),
(24,	12,	'From what type of home would you like to move?',	'From what type of home would you like to move',	0,	1,	'2021-06-07 14:44:48',	'2021-06-07 14:44:48'),
(25,	12,	'Select number of bedrooms?',	'Select number of bedrooms',	0,	1,	'2021-06-07 14:45:05',	'2021-06-07 14:45:05'),
(26,	13,	'What would you like to paint?',	'What would you like to paint',	0,	1,	'2021-06-07 14:45:59',	'2021-06-07 14:45:59'),
(27,	13,	'Select number of bedrooms?',	'Select number of bedrooms',	0,	1,	'2021-06-07 14:46:23',	'2021-06-07 14:46:23'),
(28,	13,	'Optional Specified-risks cover?',	'Optional Specified-risks cover',	0,	1,	'2021-06-07 14:46:44',	'2021-06-07 14:46:44');

DROP TABLE IF EXISTS `question_options`;
CREATE TABLE `question_options` (
  `id` bigint(20) unsigned NOT NULL AUTO_INCREMENT,
  `service_id` int(10) unsigned NOT NULL,
  `q_id` int(10) unsigned NOT NULL,
  `time_in_hrs` int(11) NOT NULL DEFAULT 0,
  `base_price` varchar(255) COLLATE utf8mb4_unicode_ci NOT NULL DEFAULT '0',
  `option_text` varchar(255) COLLATE utf8mb4_unicode_ci DEFAULT NULL,
  `customer_price` varchar(255) COLLATE utf8mb4_unicode_ci NOT NULL DEFAULT '0',
  `retail_product` varchar(255) COLLATE utf8mb4_unicode_ci NOT NULL DEFAULT '0',
  `product_pricing` varchar(255) COLLATE utf8mb4_unicode_ci NOT NULL DEFAULT '0',
  `total_price` varchar(255) COLLATE utf8mb4_unicode_ci NOT NULL DEFAULT '0',
  `status` tinyint(1) NOT NULL DEFAULT 1,
  `created_at` timestamp NULL DEFAULT NULL,
  `updated_at` timestamp NULL DEFAULT NULL,
  PRIMARY KEY (`id`)
) ENGINE=InnoDB DEFAULT CHARSET=utf8mb4 COLLATE=utf8mb4_unicode_ci;

INSERT INTO `question_options` (`id`, `service_id`, `q_id`, `time_in_hrs`, `base_price`, `option_text`, `customer_price`, `retail_product`, `product_pricing`, `total_price`, `status`, `created_at`, `updated_at`) VALUES
(7,	5,	13,	1,	'525',	'Fix a short circuit',	'525',	'Ups systems',	'525',	'525',	1,	'2021-06-07 10:19:01',	'2021-06-07 10:19:01'),
(8,	5,	13,	1,	'525',	'Fix tripping lights',	'525',	'Ups systems, lights',	'525',	'525',	1,	'2021-06-07 10:24:53',	'2021-06-07 10:24:53'),
(9,	5,	13,	1,	'525',	'Fix grounding',	'525',	'Ups systems',	'525',	'525',	1,	'2021-06-07 10:29:07',	'2021-06-07 10:29:07'),
(10,	5,	13,	1,	'525',	'Single socket - New installation',	'525',	'Sockets, switches',	'525',	'525',	1,	'2021-06-07 10:30:14',	'2021-06-07 10:30:14'),
(11,	5,	13,	1,	'525',	'Single socket - Replacement installation',	'525',	'Sockets, switches',	'525',	'525',	1,	'2021-06-07 10:33:30',	'2021-06-07 10:33:30'),
(12,	5,	13,	3,	'525',	'Double socket - New installation',	'1575',	'Sockets, switches',	'575',	'1575',	1,	'2021-06-07 10:35:32',	'2021-06-07 10:35:32'),
(13,	5,	13,	1,	'525',	'Double socket - Replacement installation',	'525',	'Sockets, switches',	'525',	'525',	1,	'2021-06-07 10:36:44',	'2021-06-07 10:36:44'),
(14,	5,	13,	4,	'525',	'Install chandelier - New installation',	'2100',	'Chandelliers, Lights, Switches, UPS systems',	'525',	'2100',	1,	'2021-06-07 10:40:19',	'2021-06-07 10:40:19'),
(15,	5,	13,	1,	'525',	'Install chandelier - Replacement installation',	'525',	'Chandelliers, Lights, Switches, UPS systems',	'525',	'525',	1,	'2021-06-07 10:41:36',	'2021-06-07 10:41:36'),
(16,	5,	13,	1,	'525',	'Install wall / ceiling lamps - Replacement installation',	'525',	'Lamps',	'525',	'525',	1,	'2021-06-07 10:43:08',	'2021-06-07 10:43:08'),
(17,	5,	13,	4,	'525',	'Install wall / ceiling lamps - New installation',	'2100',	'Lamps',	'525',	'2100',	1,	'2021-06-07 10:44:22',	'2021-06-07 10:44:22'),
(18,	5,	13,	4,	'525',	'Install garage/ Gate motor',	'2100',	'Motors, Railings, Garage Doors, Gates',	'525',	'2100',	1,	'2021-06-07 10:45:43',	'2021-06-07 10:45:43'),
(19,	5,	13,	2,	'525',	'Repair garage motor/Gate',	'1050',	'Motors, Railings, Garage Doors, Gates',	'525',	'1050',	1,	'2021-06-07 10:47:57',	'2021-06-07 10:47:57'),
(20,	5,	13,	1,	'750',	'Certificate of Compliance',	'750',	'Regulatory Certification',	'750',	'750',	1,	'2021-06-07 10:49:31',	'2021-06-07 10:49:31'),
(21,	19,	14,	2,	'750',	'Shelf',	'1500',	'Shelves, wood, metal, glue, paint, vanish, tools, power tools, leather, cloth, sundries',	'750',	'1500',	1,	'2021-06-07 10:53:50',	'2021-06-07 10:53:50'),
(22,	19,	14,	2,	'750',	'Bookcase',	'1500',	'BookCases, wood, metal, glue, paint, vanish, tools, power tools, leather, cloth, sundries',	'750',	'1500',	1,	'2021-06-07 10:56:43',	'2021-06-07 10:56:43'),
(23,	19,	14,	2,	'750',	'Bed',	'1500',	'Beds, wood, metal, glue, paint, vanish, tools, power tools, leather, cloth, sundries',	'750',	'1500',	1,	'2021-06-07 10:58:42',	'2021-06-07 10:58:42'),
(24,	19,	14,	2,	'750',	'Chair',	'1500',	'Chairs, wood, metal, glue, paint, vanish, tools, power tools, leather, cloth, sundries',	'750',	'1500',	1,	'2021-06-07 10:59:44',	'2021-06-07 10:59:44'),
(25,	19,	14,	2,	'750',	'Coffee table',	'1500',	'Tables, wood, metal, glue, paint, vanish, tools, power tools, leather, cloth, sundries',	'750',	'1500',	1,	'2021-06-07 11:00:40',	'2021-06-07 11:00:40'),
(26,	19,	14,	2,	'750',	'Dining table',	'1500',	'Tables, wood, metal, glue, paint, vanish, tools, power tools, leather, cloth, sundries',	'750',	'1500',	1,	'2021-06-07 11:02:35',	'2021-06-07 11:02:35'),
(27,	19,	14,	2,	'750',	'Desk',	'1500',	'Desks, wood, metal, glue, paint, vanish, tools, power tools, leather, cloth, sundries',	'750',	'1500',	1,	'2021-06-07 11:05:04',	'2021-06-07 11:05:04'),
(28,	19,	14,	5,	'750',	'Couch',	'3750',	'Couches, wood, metal, glue, paint, vanish, tools, power tools, leather, cloth, sundries',	'750',	'3750',	1,	'2021-06-07 11:06:19',	'2021-06-07 11:06:19'),
(29,	19,	14,	3,	'750',	'Sofa chair',	'2250',	'Sofas, wood, metal, glue, paint, vanish, tools, power tools, leather, cloth, sundries',	'750',	'2250',	1,	'2021-06-07 11:08:36',	'2021-06-07 11:08:36'),
(30,	19,	14,	2,	'750',	'Cabinets',	'1500',	'Cabinets, wood, metal, glue, paint, vanish, tools, power tools, leather, cloth, sundries',	'750',	'1500',	1,	'2021-06-07 11:09:57',	'2021-06-07 11:09:57'),
(31,	19,	14,	2,	'750',	'Dresser',	'1500',	'Desks, wood, metal, glue, paint, vanish, tools, power tools, leather, cloth, sundries',	'750',	'1500',	1,	'2021-06-07 11:10:55',	'2021-06-07 11:10:55'),
(32,	19,	14,	2,	'750',	'Chest of drawers',	'1500',	'Chests, wood, metal, glue, paint, vanish, tools, power tools, leather, cloth, sundries',	'750',	'1500',	1,	'2021-06-07 11:12:00',	'2021-06-07 11:12:00'),
(33,	19,	14,	3,	'750',	'Wardrobe',	'2250',	'Wardrobes, wood, metal, glue, paint, vanish, tools, power tools, leather, cloth, sundries',	'750',	'2250',	1,	'2021-06-07 11:13:11',	'2021-06-07 11:13:11'),
(34,	4,	1,	2,	'450',	'My pipes are leaking - Indoor',	'900',	'pipes, sundries',	'450',	'900',	1,	'2021-06-07 11:35:24',	'2021-06-07 11:35:24'),
(35,	4,	1,	4,	'450',	'My pipes are leaking - Outdoor',	'1800',	'pipes, sundries',	'450',	'1800',	1,	'2021-06-07 11:36:59',	'2021-06-07 11:36:59'),
(36,	4,	1,	2,	'450',	'My pipes are burst - Indoor',	'900',	'pipes, sundries',	'450',	'900',	1,	'2021-06-07 11:39:00',	'2021-06-07 11:39:00'),
(37,	4,	1,	4,	'450',	'My pipes are burst - Outdoor',	'1800',	'pipes, sundries',	'450',	'1800',	1,	'2021-06-07 11:41:27',	'2021-06-07 11:41:27'),
(38,	4,	1,	2,	'450',	'My pipes are clogged/blocked - Indoor',	'900',	'plungers, drain-cleaners,',	'450',	'900',	1,	'2021-06-07 11:43:47',	'2021-06-07 11:43:47'),
(39,	4,	1,	4,	'450',	'My pipes are clogged/blocked - Outdoor',	'1800',	'pipes, sundries',	'450',	'1800',	1,	'2021-06-07 11:44:37',	'2021-06-07 11:44:37'),
(40,	4,	1,	2,	'450',	'Other problem with my pipes - Indoor',	'900',	'pipes, sundries',	'450',	'900',	1,	'2021-06-07 11:45:52',	'2021-06-07 11:45:52'),
(41,	4,	1,	4,	'450',	'Other problem with my pipes - Outdoor',	'1800',	'pipes, sundries',	'450',	'1800',	1,	'2021-06-07 11:47:02',	'2021-06-07 11:47:02'),
(42,	4,	1,	2,	'450',	'I dont know what is wrong with my pipes - Indoor',	'900',	'pipes, sundries',	'450',	'900',	1,	'2021-06-07 11:48:03',	'2021-06-07 11:48:03'),
(43,	4,	1,	4,	'450',	'I dont know what is wrong with my pipes - Outdoor',	'1800',	'pipes, sundries',	'450',	'1800',	1,	'2021-06-07 11:49:27',	'2021-06-07 11:49:27'),
(44,	4,	2,	1,	'450.50',	'My drain is clogged/blocked - Indoor',	'450.50',	'plungers, drain-cleaners,',	'450.50',	'450.50',	1,	'2021-06-07 11:52:20',	'2021-08-27 17:13:48'),
(45,	4,	2,	4,	'450',	'My drain is clogged/blocked - Outdoor',	'1800',	'plungers, drain-cleaners,',	'450',	'1800',	1,	'2021-06-07 11:53:57',	'2021-06-07 11:53:57'),
(46,	4,	2,	1,	'450',	'My drain drains slowly - Indoor',	'450',	'plungers, drain-cleaners,',	'450',	'450',	1,	'2021-06-07 11:55:22',	'2021-06-07 11:55:22'),
(47,	4,	2,	4,	'450',	'My drain drains slowly - Outdoor',	'1800',	'plungers, drain-cleaners,',	'450',	'1800',	1,	'2021-06-07 11:57:33',	'2021-06-07 11:57:33'),
(48,	4,	2,	1,	'450',	'My drain is leaking - Indoor',	'450',	'pipes, sundries',	'450',	'450',	1,	'2021-06-07 12:02:39',	'2021-06-07 12:05:33'),
(49,	4,	2,	4,	'450',	'My drain is leaking - Outdoor',	'1800',	'pipes, sundries',	'450',	'1800',	1,	'2021-06-07 12:03:31',	'2021-06-07 12:05:54'),
(50,	4,	2,	1,	'450',	'My drain makes sounds - Indoor',	'450',	'pipes, sundries',	'450',	'450',	1,	'2021-06-07 12:04:28',	'2021-06-07 12:06:25'),
(51,	4,	2,	4,	'450',	'My drain makes sounds - Outdoor',	'1800',	'pipes, sundries',	'450',	'1800',	1,	'2021-06-07 12:08:53',	'2021-06-07 12:18:16'),
(52,	4,	2,	1,	'450',	'There is a bad smell coming from the drain - Indoor',	'450',	'chemicals,',	'450',	'450',	1,	'2021-06-07 12:10:28',	'2021-06-07 12:17:53'),
(53,	4,	2,	4,	'450',	'There is a bad smell coming from the drain - Outdoor',	'1800',	'chemicals,',	'450',	'1850',	1,	'2021-06-07 12:11:47',	'2021-06-07 12:17:25'),
(54,	4,	2,	1,	'450',	'Other drain problem - Indoor',	'450',	'chemicals,',	'450',	'450',	1,	'2021-06-07 12:13:08',	'2021-06-07 12:16:56'),
(55,	4,	2,	4,	'450',	'Other drain problem - Outdoor',	'1800',	'chemicals,',	'450',	'1800',	1,	'2021-06-07 12:14:08',	'2021-06-07 12:16:35'),
(56,	4,	2,	1,	'450',	'I dont know what is wrong with my drain - Indoor',	'450',	'chemicals,',	'450',	'450',	1,	'2021-06-07 12:15:12',	'2021-06-07 12:16:15'),
(57,	4,	2,	4,	'450',	'I dont know what is wrong with my drain - Outdoor',	'1800',	'chemicals,',	'450',	'1800',	1,	'2021-06-07 12:19:32',	'2021-06-07 12:20:20'),
(58,	4,	3,	1,	'450',	'My toilet is clogged/blocked.',	'450',	'plungers, drain-cleaners, chemicals',	'450',	'450',	1,	'2021-06-07 12:21:44',	'2021-06-07 12:22:11'),
(59,	4,	3,	1,	'450',	'My toilet is overflowing.',	'450',	'plungers, drain-cleaners, chemicals',	'450',	'450',	1,	'2021-06-07 12:23:38',	'2021-06-07 12:23:38'),
(60,	4,	3,	1,	'450',	'My toilet is leaking.',	'450',	'parts, sundries',	'450',	'450',	1,	'2021-06-07 12:25:51',	'2021-06-07 12:26:31'),
(61,	4,	3,	1,	'450',	'There is a bad smell coming from my toilet.',	'450',	'parts, sundries',	'450',	'450',	1,	'2021-06-07 12:28:29',	'2021-06-07 12:28:29'),
(62,	4,	3,	1,	'450',	'Other problem with my toilet.',	'450',	'parts, sundries',	'450',	'450',	1,	'2021-06-07 12:30:04',	'2021-06-07 12:30:04'),
(63,	4,	4,	1,	'450',	'There is a leak in my sink.',	'450',	'pipes, sundries',	'450',	'450',	1,	'2021-06-07 12:31:46',	'2021-06-07 12:31:46'),
(64,	4,	4,	1,	'450',	'My sink is broken.',	'450',	'sinks, pipes, parts, sundries',	'450',	'450',	1,	'2021-06-07 12:33:00',	'2021-06-07 12:33:00'),
(65,	4,	4,	1,	'450',	'Other problem with my sink.',	'450',	'sinks, pipes, parts, sundries',	'450',	'450',	1,	'2021-06-07 12:33:55',	'2021-06-07 12:33:55'),
(66,	4,	5,	1,	'450',	'There is a leak in my bathtub.',	'450',	'pipes, sundries',	'450',	'450',	1,	'2021-06-07 13:24:25',	'2021-06-07 13:24:25'),
(67,	4,	5,	4,	'450',	'My bathtub is broken.',	'1800',	'bathtubs, pipes, parts, sundries',	'450',	'1800',	1,	'2021-06-07 13:25:37',	'2021-06-07 13:25:37'),
(68,	4,	5,	1,	'450',	'Other problem with my bathtub.',	'450',	'bathtubs, pipes, parts, sundries',	'450',	'450',	1,	'2021-06-07 13:27:50',	'2021-06-07 13:27:50'),
(69,	4,	6,	1,	'450',	'My tap is leaking',	'450',	'taps, parts, sundries',	'450',	'450',	1,	'2021-06-07 13:30:26',	'2021-06-07 13:30:26'),
(70,	4,	6,	1,	'450',	'My tap drips',	'450',	'taps, parts, sundries',	'450',	'450',	1,	'2021-06-07 13:31:35',	'2021-06-07 13:31:35'),
(71,	4,	6,	1,	'450',	'There is no pressure in my tap',	'450',	'taps, parts, sundries',	'450',	'450',	1,	'2021-06-07 13:32:43',	'2021-06-07 13:33:14'),
(72,	4,	6,	1,	'450',	'My tap is broken',	'450',	'taps, parts, sundries',	'450',	'450',	1,	'2021-06-07 13:34:36',	'2021-06-07 13:34:36'),
(73,	4,	6,	1,	'450',	'Other problem with my tap',	'450',	'taps, parts, sundries',	'450',	'450',	1,	'2021-06-07 13:35:27',	'2021-06-07 13:37:13'),
(74,	4,	6,	1,	'450',	'I dont know whats wrong with my tap',	'450',	'taps, parts, sundries',	'450',	'450',	1,	'2021-06-07 13:36:34',	'2021-06-07 13:36:34'),
(75,	4,	7,	1,	'450',	'My washer/dryer is leaking.',	'450',	'washers/dryers, pipes, parts, sundries',	'450',	'450',	1,	'2021-06-07 13:39:51',	'2021-06-07 13:39:51'),
(76,	4,	7,	1,	'450',	'My dishwasher is leaking.',	'450',	'dishwashers, pipes, parts, sundries',	'450',	'450',	1,	'2021-06-07 13:41:04',	'2021-06-07 13:41:04'),
(77,	4,	7,	1,	'450',	'Other appliance is leaking',	'450',	'dishwashers, pipes, parts, sundries',	'450',	'450',	1,	'2021-06-07 13:42:00',	'2021-06-07 13:42:00'),
(78,	4,	8,	2,	'450',	'There is no hot water',	'900',	'Geysers, elements, cables, plugs',	'450',	'900',	1,	'2021-06-07 13:45:52',	'2021-06-07 13:45:52'),
(79,	4,	8,	2,	'450',	'My geyser is leaking',	'900',	'Geysers, elements, cables, plugs',	'450',	'900',	1,	'2021-06-07 13:48:04',	'2021-06-07 13:48:04'),
(80,	4,	8,	1,	'450',	'My geyser is making noise',	'900',	'Geysers, elements, cables, plugs',	'450',	'900',	1,	'2021-06-07 13:49:04',	'2021-06-07 13:55:07'),
(81,	4,	8,	2,	'450',	'The hot water is discoloured (e.g. rust) or smells funny',	'900',	'Geysers, elements, cables, plugs',	'450',	'900',	1,	'2021-06-07 13:50:20',	'2021-06-07 13:50:20'),
(82,	4,	8,	2,	'450',	'The water is warm but not hot',	'900',	'The water is warm but not hot',	'450',	'450',	1,	'2021-06-07 13:52:57',	'2021-06-07 13:55:37'),
(83,	4,	8,	2,	'450',	'Other problem with my geyser',	'900',	'Geysers, elements, cables, plugs',	'450',	'900',	1,	'2021-06-07 13:53:39',	'2021-06-07 13:56:03'),
(84,	4,	8,	2,	'450',	'I don\'t know what is wrong with my geyser',	'900',	'Geysers, elements, cables, plugs',	'450',	'900',	1,	'2021-06-07 13:54:38',	'2021-06-07 13:54:38'),
(85,	4,	9,	1,	'Ceiling boards, plastering, paint',	'The leak is in the kitchen.',	'450',	'450',	'450',	'450',	1,	'2021-06-07 13:58:21',	'2021-06-07 13:58:21'),
(86,	4,	9,	1,	'450',	'The leak is in the bathroom.',	'450',	'Ceiling boards, plastering, paint',	'450',	'450',	1,	'2021-06-07 13:59:10',	'2021-06-07 13:59:10'),
(87,	4,	9,	1,	'450',	'The leak is in the laundry room.',	'450',	'Ceiling boards, plastering, paint',	'450',	'450',	1,	'2021-06-07 14:00:06',	'2021-06-07 14:04:38'),
(88,	4,	9,	1,	'450',	'The leak is in the maid\'s room.',	'450',	'Ceiling boards, plastering, paint',	'450',	'450',	1,	'2021-06-07 14:01:10',	'2021-06-07 14:01:10'),
(89,	4,	9,	1,	'450',	'The leak is in the garage.',	'450',	'The leak is in the laundry room.',	'450',	'450',	1,	'2021-06-07 14:02:14',	'2021-06-07 14:02:14'),
(90,	4,	9,	1,	'450',	'The leak is in another room.',	'450',	'Ceiling boards, plastering, paint',	'450',	'450',	1,	'2021-06-07 14:03:03',	'2021-06-07 14:03:03'),
(91,	4,	9,	1,	'Ceiling boards, plastering, paint',	'I don\'t know what room the leak is coming from.',	'450',	'450',	'450',	'450',	1,	'2021-06-07 14:04:10',	'2021-06-07 14:04:10'),
(92,	8,	16,	2,	'450',	'TV Mounting',	'900',	'TV\'s, Mountings, TV Stands',	'450',	'900',	1,	'2021-06-07 14:12:27',	'2021-06-07 14:12:27'),
(93,	8,	16,	5,	'450',	'Curtain - New Installation',	'2250',	'Curtains, Parts',	'450',	'2250',	1,	'2021-06-07 14:13:42',	'2021-06-07 14:13:42'),
(94,	8,	16,	3,	'450',	'Curtain - Hanging only',	'1350',	'Curtains, Parts',	'450',	'1350',	1,	'2021-06-07 14:14:38',	'2021-06-07 14:14:38'),
(95,	8,	16,	1,	'450',	'Putting up picture frames',	'450',	'Picture frames, Digital art services,',	'450',	'450',	1,	'2021-06-07 14:15:29',	'2021-06-07 14:15:29'),
(96,	8,	16,	4,	'450',	'Putting up shelves - New installation',	'1800',	'Shelves, wood, parts, tools, ornaments',	'450',	'1800',	1,	'2021-06-07 14:16:37',	'2021-06-07 14:16:37'),
(97,	8,	16,	2,	'450',	'Putting up shelves - Fixing',	'900',	'Shelves, wood, parts, tools, ornaments',	'450',	'900',	1,	'2021-06-07 14:17:47',	'2021-06-07 14:17:47'),
(98,	8,	16,	1,	'450',	'Putting up mirrors',	'450',	'Mirrors, Glass repair services',	'450',	'450',	1,	'2021-06-07 14:18:38',	'2021-06-07 14:18:38'),
(99,	8,	16,	2,	'450',	'Furniture Assembly',	'900',	'Furniture, sundries',	'450',	'900',	1,	'2021-06-07 14:19:41',	'2021-06-07 14:19:41'),
(100,	9,	15,	4,	'450',	'Washing machine',	'1800',	'Washing machine',	'450',	'1800',	1,	'2021-06-07 14:25:38',	'2021-06-07 14:25:38'),
(101,	9,	15,	2,	'450',	'Dryer',	'900',	'Dryer',	'450',	'900',	1,	'2021-06-07 14:26:54',	'2021-06-07 14:26:54'),
(102,	9,	15,	2,	'450',	'Refrigerator',	'Refrigerator',	'900',	'450',	'900',	1,	'2021-06-07 14:27:55',	'2021-06-07 14:27:55'),
(103,	9,	15,	2,	'450',	'Oven',	'900',	'Oven',	'450',	'900',	1,	'2021-06-07 14:29:16',	'2021-06-07 14:29:16'),
(104,	9,	15,	2,	'450',	'Cooker',	'900',	'Cooker',	'450',	'900',	1,	'2021-06-07 14:30:06',	'2021-06-07 14:30:06'),
(105,	22,	18,	4,	'4.1',	'what is the issue....',	'4.1',	'test retail product',	'4.1',	'4.1',	1,	'2021-06-07 14:30:33',	'2021-06-08 10:20:17'),
(106,	9,	15,	2,	'450',	'Microwave',	'900',	'Microwave',	'450',	'900',	1,	'2021-06-07 14:31:29',	'2021-06-07 14:31:29'),
(107,	9,	15,	4,	'450',	'Dishwasher',	'1800',	'Dishwasher',	'450',	'1800',	1,	'2021-06-07 14:32:32',	'2021-06-07 14:32:32'),
(108,	9,	15,	2,	'450',	'Stove',	'900',	'Stove',	'450',	'900',	1,	'2021-06-07 14:33:16',	'2021-06-07 14:33:16'),
(109,	9,	15,	2,	'450',	'Stove hood',	'900',	'Stove hood',	'450',	'900',	1,	'2021-06-07 14:39:00',	'2021-06-07 14:39:00');

DROP TABLE IF EXISTS `retail_product_offered`;
CREATE TABLE `retail_product_offered` (
  `id` bigint(20) unsigned NOT NULL AUTO_INCREMENT,
  `name` varchar(255) COLLATE utf8mb4_unicode_ci NOT NULL,
  `status` tinyint(1) NOT NULL DEFAULT 1,
  `created_at` timestamp NULL DEFAULT NULL,
  `updated_at` timestamp NULL DEFAULT NULL,
  PRIMARY KEY (`id`)
) ENGINE=InnoDB DEFAULT CHARSET=utf8mb4 COLLATE=utf8mb4_unicode_ci;


DROP TABLE IF EXISTS `services`;
CREATE TABLE `services` (
  `id` bigint(20) unsigned NOT NULL AUTO_INCREMENT,
  `name` varchar(255) COLLATE utf8mb4_unicode_ci NOT NULL,
  `image` varchar(255) COLLATE utf8mb4_unicode_ci DEFAULT NULL,
  `status` tinyint(1) NOT NULL DEFAULT 1,
  `created_at` timestamp NULL DEFAULT NULL,
  `updated_at` timestamp NULL DEFAULT NULL,
  PRIMARY KEY (`id`)
) ENGINE=InnoDB DEFAULT CHARSET=utf8mb4 COLLATE=utf8mb4_unicode_ci;

INSERT INTO `services` (`id`, `name`, `image`, `status`, `created_at`, `updated_at`) VALUES
(4,	'Plumbing',	'serviceImages/category20210510-052534.png',	1,	'2021-03-29 07:14:36',	'2021-09-23 09:40:50'),
(5,	'Electrical',	'serviceImages/category20210510-052559.png',	0,	'2021-03-29 07:14:36',	'2021-06-07 18:45:32'),
(8,	'Handyman',	'serviceImages/category20210510-052619.png',	1,	'2021-03-29 07:14:36',	'2021-05-10 09:26:19'),
(9,	'Appliance Repairs',	'serviceImages/category20210510-052636.png',	1,	'2021-03-29 07:14:36',	'2021-05-10 09:26:36'),
(11,	'Painting',	'serviceImages/category20210510-052718.png',	1,	'2021-03-29 07:14:36',	'2021-05-10 09:27:18'),
(12,	'Moving',	'serviceImages/category20210510-052739.png',	1,	'2021-03-29 07:14:36',	'2021-05-10 09:27:39'),
(13,	'Home Insurance',	'serviceImages/category20210510-052752.png',	1,	'2021-03-29 07:14:36',	'2021-05-10 09:27:52'),
(14,	'Home Cleaning',	'serviceImages/category20210510-052804.png',	1,	'2021-03-29 07:14:36',	'2021-05-10 09:28:04'),
(16,	'Storage',	'serviceImages/category20210510-052816.png',	1,	'2021-04-19 09:23:02',	'2021-05-10 09:28:16'),
(17,	'Interior Decor',	'serviceImages/category20210510-052829.png',	1,	'2021-04-19 09:23:41',	'2021-05-10 09:28:29'),
(18,	'Custom Made Furniture',	'serviceImages/category20210510-052844.png',	1,	'2021-04-19 09:25:43',	'2021-05-10 09:28:44'),
(19,	'Carpentry',	'serviceImages/category20210510-052859.png',	1,	'2021-04-19 09:26:04',	'2021-05-10 09:28:59'),
(20,	'Home Renovations',	'serviceImages/category20210510-052911.png',	1,	'2021-04-19 09:26:27',	'2021-05-10 09:29:11'),
(22,	'Test service',	'serviceImages/category20210607-102700.jpg',	1,	'2021-06-07 14:23:39',	'2021-06-07 14:27:00');

DROP TABLE IF EXISTS `userroles`;
CREATE TABLE `userroles` (
  `id` bigint(20) unsigned NOT NULL AUTO_INCREMENT,
  `role_name` varchar(255) COLLATE utf8mb4_unicode_ci NOT NULL,
  `status` tinyint(1) NOT NULL DEFAULT 1,
  `created_at` timestamp NULL DEFAULT NULL,
  `updated_at` timestamp NULL DEFAULT NULL,
  PRIMARY KEY (`id`)
) ENGINE=InnoDB DEFAULT CHARSET=utf8mb4 COLLATE=utf8mb4_unicode_ci;

INSERT INTO `userroles` (`id`, `role_name`, `status`, `created_at`, `updated_at`) VALUES
(1,	'superadmin',	1,	'2021-03-29 07:14:36',	'2021-03-29 07:14:36'),
(2,	'user',	1,	'2021-03-29 07:14:36',	'2021-03-29 07:14:36'),
(3,	'merchant',	1,	'2021-03-29 07:14:36',	'2021-03-29 07:14:36'),
(4,	'organization',	1,	'2021-04-09 06:48:18',	'2021-04-09 06:48:18');

DROP TABLE IF EXISTS `users`;
CREATE TABLE `users` (
  `id` int(10) unsigned NOT NULL AUTO_INCREMENT,
  `email` varchar(255) COLLATE utf8mb4_unicode_ci NOT NULL,
  `phone` varchar(255) COLLATE utf8mb4_unicode_ci DEFAULT NULL,
  `username` varchar(255) COLLATE utf8mb4_unicode_ci NOT NULL,
  `role_id` int(10) unsigned NOT NULL,
  `status` tinyint(1) NOT NULL DEFAULT 1,
  `email_verified_at` timestamp NULL DEFAULT NULL,
  `password` varchar(255) COLLATE utf8mb4_unicode_ci NOT NULL,
  `organization` int(11) DEFAULT NULL,
  `remember_token` varchar(100) COLLATE utf8mb4_unicode_ci DEFAULT NULL,
  `created_at` timestamp NULL DEFAULT NULL,
  `updated_at` timestamp NULL DEFAULT NULL,
  PRIMARY KEY (`id`)
) ENGINE=InnoDB DEFAULT CHARSET=utf8mb4 COLLATE=utf8mb4_unicode_ci;

INSERT INTO `users` (`id`, `email`, `phone`, `username`, `role_id`, `status`, `email_verified_at`, `password`, `organization`, `remember_token`, `created_at`, `updated_at`) VALUES
(1,	'admin@admin.com',	NULL,	'admin',	1,	1,	NULL,	'$2y$10$dJEfFaVZEPwvyLvM5dOGXuT7aj.wTEYRs9su7tPkUqHCpozsqu5Om',	NULL,	NULL,	'2021-03-29 07:14:36',	'2021-03-29 07:14:36'),
(2,	'sp@groom.com',	'+92-3426853425',	'serviceprovider',	3,	1,	NULL,	'$2y$10$YlJKJksIxXRMn0KVn1/K9e95EHW15CwR/ybkOxda4LRarTdeZY9nm',	NULL,	NULL,	'2021-03-31 05:21:21',	'2021-09-13 09:07:18'),
(3,	'sp1@groom.com',	'+355-5555552222',	'serviceprovider1',	3,	1,	NULL,	'$2y$10$eCo34lYalQ2i/mOjX14l7u/vGAhS2xN/sIHdjjWXdq.wzd6y5MZSe',	NULL,	NULL,	'2021-03-31 05:23:52',	'2021-09-13 10:29:43'),
(4,	'organization@groom.com',	'0300123454232321',	'organization',	4,	1,	NULL,	'$2y$10$Ku62HhAFFGy.QEvFWUOk6.XdHkPuB7NgEdhUM/eey5mvAjToYadjm',	NULL,	NULL,	'2021-04-08 10:17:18',	'2021-04-08 10:17:18'),
(5,	'org_sp1@groom.com',	'03145000',	'org_sp1',	3,	1,	NULL,	'$2y$10$XFID8UW6RugNUrBlpcv69ukl3PPacmw0LFRmlOzpj1yIcZnxLkmX6',	4,	NULL,	'2021-04-08 10:17:18',	'2021-04-08 10:24:56'),
(6,	'usertest@groom.com',	'03001',	'firstuser',	2,	1,	NULL,	'$2y$10$h18YoCKRVtkECS170zIIfe90iqvzNp6DGG74ZbIePUgFGRWJrzb/e',	NULL,	NULL,	'2021-04-08 10:18:15',	'2021-04-08 10:18:15'),
(7,	'user@groom.com',	'+92-3015049608',	'User',	2,	1,	NULL,	'$2y$10$j.eEredbqxVg9J5MODytrOB00P6nj3Kyj6wRG24/iqoWuTpLJ5AuS',	NULL,	NULL,	'2021-04-08 11:34:27',	'2021-09-13 09:10:48'),
(8,	'spd@groom.com',	'030016576',	'Service Provider',	3,	1,	NULL,	'$2y$10$teE8mHTCrXeQhlFOY/yV0.wZ1pmvDmJkifsa1dDDgAfHkPm4ZFfBK',	NULL,	NULL,	'2021-04-08 13:39:31',	'2021-04-08 13:39:31'),
(9,	'arham@gmail.com',	'03018877221',	'Arham',	3,	1,	NULL,	'$2y$10$EIPvjCDcJGhgwNQJ4wY4iOx6WbRN.OoGMeB9qACB8asrC/IS7yWEK',	NULL,	NULL,	'2021-04-09 10:26:10',	'2021-04-12 15:46:33'),
(10,	'ashfaq@gmail.com',	'0301112233445',	'Ashfaq',	3,	1,	NULL,	'$2y$10$Ngt.6bawlDyKbTA4NC6FxuQN6z8U5yOYWce2rglVoks18BxlS1ROC',	NULL,	NULL,	'2021-04-09 14:30:45',	'2021-04-09 14:30:45'),
(11,	'lkajfakljshd@gmail.com',	'432141234',	'Sfasdfas',	4,	1,	NULL,	'$2y$10$j359EWv0fSvIlL7A6lwy5OVLbsAi5vDPWZ9cbo16j1HXJzEkryv52',	NULL,	NULL,	'2021-04-09 14:36:24',	'2021-04-09 14:36:24'),
(12,	'ashfaq00000@gmail.com',	'32432432442',	'Asdfdasf',	4,	1,	NULL,	'$2y$10$/NJaAEBKeNeMXVxwTYv3eeHgrtE62qR4MtOFhz3HrSKWUkuCvPsgq',	NULL,	NULL,	'2021-04-09 14:38:19',	'2021-04-09 14:38:19'),
(13,	'usertest344234@groom.com',	'03001342143',	'firstuserdfasfas',	4,	1,	NULL,	'$2y$10$w6G1v/4daV8y5vJd/S/tSe6AkonHATcj07srncW81bOqjOWtc.Kka',	NULL,	NULL,	'2021-04-09 14:39:47',	'2021-04-09 14:39:47'),
(15,	'ashfaq0045234@gmail.com',	'435234',	'Rqewrwrqewr',	4,	1,	NULL,	'$2y$10$sjt82ZaBSTmOZ2v5oppQ6OV4SlYAEg2tbOSSWWXjqjMXeqxknLS.y',	NULL,	NULL,	'2021-04-09 14:40:37',	'2021-04-09 14:40:37'),
(16,	'usertest3434234@groom.com',	'03001342144',	'firstuserdfasfas32r',	4,	1,	NULL,	'$2y$10$ZsDzLgJ1ocvYLjM.HSkln.Pbq0R7dWOkr3F1VxZnr9iu7kAwp9Ghi',	NULL,	NULL,	'2021-04-09 14:41:21',	'2021-04-09 14:41:21'),
(17,	'ashfaq004543@gmail.com',	'34242342',	'Asdfadsf',	4,	1,	NULL,	'$2y$10$/R5eoD/n5VEMQZO82g3IkOROOj76ditEgWx/FzBmLQZQUwDUYDLOG',	NULL,	NULL,	'2021-04-09 15:29:56',	'2021-04-09 15:29:56'),
(18,	'ashfaq0045423@gmail.com',	'342423424234',	'343434',	4,	1,	NULL,	'$2y$10$Ta7y65KOQGpqJR9w/Nno6u81x.epxYvt6/28aZZZ7nArZScXg/.Xy',	NULL,	NULL,	'2021-04-09 15:32:14',	'2021-04-09 15:32:14'),
(19,	'ashfaq224@gmail.com',	'03019933235',	'muhammad_ashfaq',	4,	1,	NULL,	'$2y$10$YKGh0wTCZjcxEPdJ6YuVpucGZv4Ob06ilAcl1yr61sLyirm1bfQXK',	NULL,	NULL,	'2021-04-09 15:40:28',	'2021-04-09 15:40:28'),
(20,	'ashfaq2244@gmail.com',	'03019933235',	'muhammad_ashfaq112',	4,	1,	NULL,	'$2y$10$87.0TdWSG3n.P2buSFhXxuZm4z6eEM/9LphZoKYsvZJ1J1/rBlTKK',	NULL,	NULL,	'2021-04-09 15:41:10',	'2021-04-09 16:30:10'),
(21,	'org_sp1@groom.com',	'123654789121212',	'org_sp1',	3,	1,	NULL,	'$2y$10$O87M5HF1.LD/8wuOxSlmruh0wONtyBeFP0QmRBRmJEUaS.6P9CjZq',	NULL,	NULL,	'2021-04-09 15:41:10',	'2021-04-09 15:41:10'),
(22,	'usertest@groom.com1',	'030011',	'firstuser1',	4,	1,	NULL,	'$2y$10$ZDcU/lqavunBE0FR9QDijO6D/zzatOjYqvKdntvn/SrrahHr.N.Km',	NULL,	NULL,	'2021-04-12 09:44:06',	'2021-04-12 09:44:06'),
(23,	'usertest@groom.com12',	'0300112',	'firstuser12',	4,	1,	NULL,	'$2y$10$tBQv5aEk4YypqqQaYyI8UuB9.9huWvMNRC/Tujs7tlEycuKcVaj0y',	NULL,	NULL,	'2021-04-12 09:44:24',	'2021-04-12 09:44:24'),
(25,	'devtestuser@groom.com',	'03001123',	'devtestuser',	2,	1,	NULL,	'$2y$10$67vsz9XkRD7vJlD44FyiyeD.SNAvM8alDZWTDtZRi2gSekZzR4KDm',	NULL,	NULL,	'2021-04-12 09:47:54',	'2021-04-12 09:47:54'),
(26,	'org2@groom.com',	'0300112343231',	'org2',	4,	1,	NULL,	'$2y$10$SWsetg7E.QHqBHNsAnUkQO3LXoUpJyXlSne9jbAcicCE3IGnUabtm',	NULL,	NULL,	'2021-04-12 10:21:37',	'2021-04-12 10:21:37'),
(27,	'org3@groom.com',	'03001123432312',	'org3',	4,	1,	NULL,	'$2y$10$ro5WyRd.M6ij1hvtr5zdiuD76W78LpWxTvHzg.tvLXgcaoJRoNrGy',	NULL,	NULL,	'2021-04-12 10:23:38',	'2021-04-12 10:23:38'),
(28,	'orgsp1@groom.com',	'12',	'orgsp1',	3,	1,	NULL,	'$2y$10$2ezQR8D6ipKsQUVog0Utt.7AfYccnV8.vYG8/f4iMeXESt0cGrJrS',	27,	NULL,	'2021-04-12 10:23:38',	'2021-04-12 10:23:38'),
(29,	'orgsp2@groom.com',	'0215456',	'orgsp2',	3,	1,	NULL,	'$2y$10$qdbxHzUsd7nu.7bbZwjT3eDgnflYoP23.KTaG8DByTqvOk2vKpGiy',	27,	NULL,	'2021-04-12 10:23:38',	'2021-04-12 10:23:38'),
(30,	'sp4@groom.com',	'786543',	'sp4',	3,	1,	NULL,	'$2y$10$v9G5WPezj6F6PuilIIp6E.9LkEAKFPLStTuHknEWVd9Ss9Y2ej1RG',	27,	NULL,	'2021-04-12 10:44:16',	'2021-04-12 10:44:16'),
(31,	'sp41@groom.com',	'7865431',	'sp41',	3,	1,	NULL,	'$2y$10$xdpHb9AjRTC2cE/ZKEAle.fRys5Amo3WM5Cq884eUj6VvpGDtG/ia',	27,	NULL,	'2021-04-12 10:46:07',	'2021-04-12 10:46:07'),
(32,	'sp412@groom.com',	'786543143',	'sp412',	3,	1,	NULL,	'$2y$10$8CyA7f3vSXdcmUbaoeisSOGvrOoEWjGb4KiRSeNQH2/aQRXwvuLtK',	27,	NULL,	'2021-04-12 10:47:31',	'2021-04-12 10:47:31'),
(33,	'org@groom.com',	'03019090234',	'Organization1234',	4,	1,	NULL,	'$2y$10$6cL8m3yHUEG/r49koruoh.ymyNSdy245DgQS3DGBIc9EmAHvUPZtW',	NULL,	NULL,	'2021-04-12 15:49:54',	'2021-04-12 15:49:54'),
(34,	'org4@groom.com4',	'030011234323124',	'org34',	4,	1,	NULL,	'$2y$10$mrcWyOaCoJPkCeBgi6aVu.DDppJD/1C1fEYcYO8OPgJ8LcaSno5Xa',	NULL,	NULL,	'2021-04-12 15:53:17',	'2021-04-12 15:53:17'),
(35,	'org45@groom.com4',	'0300112343231245',	'org345',	3,	1,	NULL,	'$2y$10$zMSwz.N3dmH6MSLz/YQIWO6XaLeWUHfSsn5V4i0KgQUKLVWbdjZMu',	NULL,	NULL,	'2021-04-12 16:00:52',	'2021-04-12 16:00:52'),
(36,	'ashfaq224455@gmail.com',	'03019933233',	'muhammad_ashfaq1122',	4,	1,	NULL,	'$2y$10$OEwFpRDSAL.GsJvwiRnNYO8xCihBuBuc4zGVY9m6Uk1hvH3HDzSaa',	NULL,	NULL,	'2021-04-12 16:07:30',	'2021-04-12 16:07:30'),
(37,	'org123@groom.com',	'030145678672',	'Organization1245',	4,	1,	NULL,	'$2y$10$O97zg4oubh8DQC2XJrMjl.6sCnZHVrvAG6o9naz53VrEiKHkFUfbm',	NULL,	NULL,	'2021-04-12 16:19:45',	'2021-04-12 16:19:45'),
(38,	'subOrdinate1@groom.com',	'030190231312',	'sub_ordinate_1',	3,	1,	NULL,	'$2y$10$YvnjLEBa0XyPiuEmcDtBgOYl5KxcYDec8gRlbNLVfOLUPTLKM1uoS',	37,	NULL,	'2021-04-12 16:30:12',	'2021-04-12 16:30:12'),
(39,	'subOrdinate2@groom.com',	'030190231323',	'sub_ordinate_2',	3,	1,	NULL,	'$2y$10$zK.DujMm3Lgbq4LU2sgdrOlZJ3ZByvJjAupMitvnAQzwoBEfndS..',	37,	NULL,	'2021-04-12 16:31:13',	'2021-04-12 16:31:13'),
(40,	'adfasfas@gmail.com',	'safasdfas',	'dfasdfsadfasdf',	3,	1,	NULL,	'$2y$10$vfPiwmDGsP3FXJ/OcwyTMOX.JsWFa28F4JXluzVqYcBWUjPfi4/3W',	37,	NULL,	'2021-04-12 17:49:32',	'2021-04-12 17:49:32'),
(41,	'subordinate3@gmail.com',	'03019898777',	'sub_prdinate_3',	3,	1,	NULL,	'$2y$10$XAnZ2//7BbJM0PQmyfsOveek73AWe8NxzA8ywYEFb/g6Qu0flk3Gy',	37,	NULL,	'2021-04-12 17:53:19',	'2021-04-12 17:53:19'),
(42,	'subordinate4@gmail.com',	'030188883223',	'subordinate_4',	3,	1,	NULL,	'$2y$10$CQMbK.hQMaThieyYoh0mROFvOwLHKTo8nZ/V9ijZCPNfP9mEQz2Oq',	37,	NULL,	'2021-04-12 18:00:43',	'2021-04-12 18:00:43'),
(43,	'subordinate5@gmail.com',	'03018888354',	'subordinate_5',	3,	1,	NULL,	'$2y$10$JSJsUU1SURJRpElAQnMK1.zwrwy7yBmfhx7jhXSCKntTP.konsQDa',	37,	NULL,	'2021-04-12 18:02:08',	'2021-04-12 18:02:08'),
(44,	'subordinate6@gmail.com',	'030132423434',	'Sub ordinate 6',	3,	1,	NULL,	'$2y$10$OuAorH4f8oD1hiBdFNJD/el3sxWGeLdGNpgceR8UjJNCgRxtsRvnS',	37,	NULL,	'2021-04-12 18:04:39',	'2021-04-12 18:04:39'),
(45,	'usertester@gmail.com',	'12345678',	'Userr',	2,	1,	NULL,	'$2y$10$ROiQNzhxFrfFkgf5eImVhOa8P6ocwa0V/JxO7vQmYuxkNQAE83xD.',	NULL,	NULL,	'2021-04-16 09:54:59',	'2021-04-16 09:54:59'),
(46,	'abc@gmail.com',	'12345678876',	'Userwork',	3,	1,	NULL,	'$2y$10$0Y4tfPa7WhIzu2zdRNCaKupoeCGN5GKvQFU5tAP5OL7wBWL5CtbMi',	NULL,	NULL,	'2021-04-16 09:58:30',	'2021-04-16 09:58:30'),
(47,	'email@gmail.com',	'123457272',	'72727282828',	3,	1,	NULL,	'$2y$10$E0WIPdgEgUDWvx90LXvKo.TpqXp.UaFda3RgBsv6XJ1qI9LMwYRai',	33,	NULL,	'2021-04-16 13:07:24',	'2021-04-16 13:07:24'),
(48,	'k.dido@tryngo-services.com',	'447956659217',	'Dido',	2,	1,	NULL,	'$2y$10$wjruNhRK2fcQw3VeIaCEE.RjyhZSn5luPt/HE8.oR42HJT6Jfo.Ca',	NULL,	NULL,	'2021-04-16 13:50:57',	'2021-04-16 13:50:57'),
(49,	'bernkhumalo@yp.co.za',	'27730620253',	'Bernard',	2,	1,	NULL,	'$2y$10$xPrMziS5NGb1I2f7jO4ZgunEq3QdXw.ePmpwWA.Q7d4J49sC5A8Ty',	NULL,	NULL,	'2021-04-19 15:54:33',	'2021-04-19 15:54:33'),
(50,	'bernkhumalo@groom.com',	'0730620253',	'Bruce',	4,	1,	NULL,	'$2y$10$EonC6jPTJTuXDEvVf9hDne0VUkDMhKjhXHm2QLRBrJj1KZzD3rLX2',	NULL,	NULL,	'2021-04-19 16:10:04',	'2021-04-19 16:10:04'),
(51,	'bernard.khumalo@yp.co.za',	'0027796974588',	'Bernardk',	2,	1,	NULL,	'$2y$10$PJKIs8YpUZmjGuT6fN.I9uVak8zSe919nQaK4XdeX7k0zIT3qBivW',	NULL,	NULL,	'2021-04-19 16:18:30',	'2021-04-19 16:18:30'),
(52,	'mohsintariq.11@gmail.com',	'03335977477',	'mohsi',	2,	1,	NULL,	'$2y$10$kp0WX2s2KammInZTxS9Bt.uYWw.qTQsLfMAlKeQc7yQcMxyLwKaiO',	NULL,	NULL,	'2021-04-26 18:25:38',	'2021-09-03 17:32:31'),
(53,	'mohsin@plumber.com',	'03335977478',	'moh',	4,	1,	NULL,	'$2y$10$mbzqnpb2241iDIs4Gf6xtO2.VFPzK5CSaGVdWBL5T9esJpEdKlHrW',	NULL,	NULL,	'2021-04-26 20:22:22',	'2021-04-26 20:22:22'),
(54,	'ashfaq@groom.com',	'03015957224',	'Muhammad Ashfaq',	2,	1,	NULL,	'$2y$10$I7iAnZgjNWbaIIT7jbRea.Fuf6j0zGbJ4U2sTGttyoFsyCIQQwa0.',	NULL,	NULL,	'2021-04-27 12:20:37',	'2021-04-27 12:20:37'),
(55,	'abbc@gmail.com',	'12344321',	'Mirzaa',	2,	1,	NULL,	'$2y$10$IxFMpOxUwdUMhQd.T5gR0.PguEhuSXrxzwjPH1uRtG3du5ALvihYS',	NULL,	NULL,	'2021-04-28 10:47:11',	'2021-04-28 10:47:11'),
(56,	'aassdd@gmail.com',	'+923015049608',	'Kaman',	2,	1,	NULL,	'$2y$10$IybDU7CQShUuXyLTX.vCce9/KDDExnUp.VwsS5bnnbVWih1d6SlBa',	NULL,	NULL,	'2021-04-28 15:13:34',	'2021-04-28 15:13:34'),
(57,	'spdfr@groom.com',	'030016576231',	'Service 4r34',	2,	1,	NULL,	'$2y$10$bf1CYUg/57Vagw4BZsxsHe1db3n4kuQN.3yeSsOanXuuFDZzVVXj2',	NULL,	NULL,	'2021-04-28 15:16:15',	'2021-04-28 15:16:15'),
(58,	'org45@groom.com41',	'03001123432312451',	'org3451',	3,	1,	NULL,	'$2y$10$NZsxchYOvQaJR/rPyMzbFOP8U9JK7L9KP2ZyPU057D4xniHspzlRK',	NULL,	NULL,	'2021-05-03 15:00:24',	'2021-05-03 15:00:24'),
(59,	'org45@groom.com412',	'030011234323124512',	'org34512',	2,	1,	NULL,	'$2y$10$rS0r2lXuSPyi4LewxXSIDOUi5Gxl9dlu9dMBhk.7Z7yIQS1ux.Bka',	NULL,	NULL,	'2021-05-03 15:03:47',	'2021-05-03 15:03:47'),
(60,	'spdfyr@groom.com',	'030016576287',	'Servic4r34',	2,	1,	NULL,	'$2y$10$pPcQoJm8jtdKudL1IjniMO5q/RYq4zPi1H2gGIDaLPfkMmiKeIU.e',	NULL,	NULL,	'2021-05-04 10:01:56',	'2021-05-04 10:01:56'),
(61,	'aliya@gmail.com',	'+923005203434',	'Aliya',	2,	1,	NULL,	'$2y$10$U0eTfexOsHQa7zbqLon38Of8fr/IopegKxRc90yTrCVRu1L6BfMIy',	NULL,	NULL,	'2021-05-04 10:05:50',	'2021-05-04 10:05:50'),
(62,	'hajr@gmail.com',	'+923002020451',	'Hajra',	2,	1,	NULL,	'$2y$10$cyhtP9edM4dyiGCPk.0ej.X85xwccMUIfXX0ZtdxdJmneLqXzMfaG',	NULL,	NULL,	'2021-05-04 10:09:16',	'2021-05-04 10:09:16'),
(63,	'org45@groom.com4123',	'0300112343231245123',	'org345123',	2,	1,	NULL,	'$2y$10$yr/k2NMylUagAKyfbn7zT.PVmJIEPr8rTlL5Ijc68mN7v0Ul/qleW',	NULL,	NULL,	'2021-05-04 10:12:43',	'2021-05-04 10:12:43'),
(64,	'yiloko2680@animex98.com',	'03001123432312451234',	'testuser4321',	3,	1,	NULL,	'$2y$10$ZFlNVtTdVuahHFRvWxyqDOlCpG/pykg4Gs/QsI.AaKQid0f5Yi2Je',	NULL,	NULL,	'2021-05-04 10:14:00',	'2021-05-04 10:14:00'),
(65,	'tempuser@gmail.com',	'+9230012341231',	'Tempuser',	2,	1,	NULL,	'$2y$10$QBgb8WZkdGvBjZgOt70mOemZwM8ve5Ol2aseptfvLyky3LY.YIrQW',	NULL,	NULL,	'2021-05-04 10:20:38',	'2021-05-04 10:20:38'),
(66,	'mirzaea@gmail.com',	'+1510413',	'Mizasqw',	2,	1,	NULL,	'$2y$10$RH1jUsFsKYxeax8v0dGszOfMZ84P2E.Ncg/XYr3s9WVgdf6mtzNZi',	NULL,	NULL,	'2021-05-04 10:32:16',	'2021-05-04 10:32:16'),
(67,	'hamida@gmail.com',	'+14137028',	'Hamid',	2,	1,	NULL,	'$2y$10$Sb8.MTkJj74BkfXUgjZiWuHNymRldlsxvkbqd4lcDElcuIdNhhNHm',	NULL,	NULL,	'2021-05-04 10:38:42',	'2021-05-04 10:38:42'),
(68,	'usertest@gmail.com',	'+14182416',	'Kamla',	2,	1,	NULL,	'$2y$10$Jx.vfJKJcLa/t.Mq7PHFxOhrgaB/KO6oEYAUsejrqylHqQ64xFS7W',	NULL,	NULL,	'2021-05-04 10:46:08',	'2021-05-04 10:46:08'),
(69,	'didoka5@hotmail.com',	'+16178188385',	'Didokany',	2,	1,	NULL,	'$2y$10$nh3z./CAiWQqZ21u06o6a.oP3ixhQyvDAz.4dd.yI6kSq.3M3xuF6',	NULL,	NULL,	'2021-05-21 17:05:30',	'2021-05-21 17:05:30'),
(70,	'mt@mt.com',	'+92+333597747',	'Mohsin',	2,	1,	NULL,	'$2y$10$exWtVWUaq2IQqc4IbyPYSe6./QiWrTxe1hwnV.eGR7RwaIixHFsxq',	NULL,	NULL,	'2021-06-01 17:40:43',	'2021-06-01 17:40:43'),
(71,	'mmm@m.com',	'+923335555555',	'mm',	4,	1,	NULL,	'$2y$10$v8Ze8MoSYG69skc2TyoZ0u12aJMgVRGP7s.3nR4cph4Y5l/2kVN7.',	NULL,	NULL,	'2021-06-02 12:07:50',	'2021-06-02 12:07:50'),
(72,	'ass@gmail.com',	'3015049608',	'Cxdw',	2,	1,	NULL,	'$2y$10$qBPTcvqITKbpVQ7eXMdfLOaFA8mRK8bR8HX2FvTWdm0qeevaiYAZK',	NULL,	NULL,	'2021-06-02 16:43:54',	'2021-06-02 16:43:54'),
(73,	'org4325@groom.com4',	'03001123432',	'org345213',	3,	1,	NULL,	'$2y$10$fIYMO58iOST7gM8oT1rwsuwsLWgW6.BLBGf.XJ6z0idBUsI3vNoNC',	NULL,	NULL,	'2021-06-02 16:48:33',	'2021-06-02 16:48:33'),
(74,	'org432wq5@groom.com4',	'0300112343223',	'org34521323e',	2,	1,	NULL,	'$2y$10$4GH6AMxgc.qFdGZk9j/SCeOMEzAgVwZ0boh5c0CwhuvbtnYNQW60e',	NULL,	NULL,	'2021-06-02 16:55:54',	'2021-06-02 16:55:54'),
(75,	'asdaas@gmail.com',	'30150496947',	'Tester',	2,	1,	NULL,	'$2y$10$VC0YpaJSL/M8uXnMZlTAVebXL/igxjaMqRdIHVdARbIuJeCvPrNIi',	NULL,	NULL,	'2021-06-02 17:02:25',	'2021-06-02 17:02:25'),
(76,	'testersulman@gmail.com',	'30150496214',	'Testerrew',	2,	1,	NULL,	'$2y$10$llVUAYtA7H405P8P2xoBnOj0JG6GnfpH.XIxDDbS.wkf.k2BTRg..',	NULL,	NULL,	'2021-06-02 17:37:03',	'2021-06-02 17:37:03'),
(77,	'qwerty@gmail.com',	'1122331121',	'Uuttrr',	2,	1,	NULL,	'$2y$10$OWXO5C5SRdJD05/o.L0l2Ot6ITqT7tiFDvpcaYjX3me6QD6NS9ZoG',	NULL,	NULL,	'2021-06-02 17:43:50',	'2021-06-02 17:43:50'),
(78,	'asdas@gmail.com',	'12340987',	'Qwweqa',	2,	1,	NULL,	'$2y$10$OHRfS2knqYy0JukJuQ2RyuW9zy7ggBoL/2VrSM9jLFvHE22MwfBSa',	NULL,	NULL,	'2021-06-02 17:46:45',	'2021-06-02 17:46:45'),
(79,	'qwe@gmail.com',	'6409021345',	'Mirz',	2,	1,	NULL,	'$2y$10$vNvcpO.wtNMo96tjkDEC0e7ca9nQ.UKyzqUBBjXuTjG5J0OS9bUr6',	NULL,	NULL,	'2021-06-03 09:12:51',	'2021-06-03 09:12:51'),
(80,	'org4a32wq5@groom.com',	'+92300112343223',	'org34521323ef',	2,	1,	NULL,	'$2y$10$eE2ADLQeO.pg61RXR7ZuWONneyNMW02ca.6Ycpk7vN9B1QQd.ScXK',	NULL,	NULL,	'2021-06-03 10:04:06',	'2021-06-03 10:04:06'),
(81,	'qwerty432@gmail.com',	'+933025664725',	'Mirza',	2,	1,	NULL,	'$2y$10$tzCA4ByvGgcmH2FNLeTgAOyqLn52gkwM2xGBr4LLQB2nMbitYzNXu',	NULL,	NULL,	'2021-06-03 10:27:32',	'2021-06-03 10:27:32'),
(82,	'gzgsye@gmail.com',	'+16754572645',	'Hdhdhdy',	2,	1,	NULL,	'$2y$10$i0yHgslm3Sq06Fvbni9Xce6JkqSQe4p1QGtam1pqRcMxgeaIXTOXy',	NULL,	NULL,	'2021-06-04 17:23:04',	'2021-06-04 17:23:04'),
(83,	'm1@m1.com',	'+923335741741',	'Mohwin',	4,	1,	NULL,	'$2y$10$8wXOZTq6KvC4ul7zQim/0OaozVlVV0Wqe5rtCVl7yxOJYZ3K/NnQ.',	NULL,	NULL,	'2021-06-14 17:03:23',	'2021-06-14 17:03:23'),
(84,	'm1@mm1.com',	'+920333574174',	'm1',	4,	1,	NULL,	'$2y$10$whwy/JMk45VJOlLFFoxljuWnvYyyaTAQWnkZdTNWmTkcI1iKmNTZO',	NULL,	NULL,	'2021-06-14 17:07:49',	'2021-06-14 17:07:49'),
(85,	'momo@momo.com',	'+9233351471471',	'mohmoh',	2,	1,	NULL,	'$2y$10$cPyYgtwnbFRxZt3vJkI0DeBCgtou4s7HZ4dX7XQhVdWXyI/MNZF7u',	NULL,	NULL,	'2021-06-14 17:19:24',	'2021-06-14 17:19:24'),
(86,	'usergroom@gmail.com',	'+9230089547125',	'Groom',	2,	1,	NULL,	'$2y$10$HIgEoF.cA8ZceUlPAfeHH.uhJTmLYx5MB/03BfQbhuuDSGbEJ/tGq',	NULL,	NULL,	'2021-06-14 17:27:39',	'2021-06-14 17:27:39'),
(87,	'umarplumber@groom.com',	'+923002376194',	'Umarplumber',	2,	1,	NULL,	'$2y$10$Qcb6Yas9ko15fXsNRXMc5.jPo1KdSTUQ3.D65KgO.MhLxTaDhxJRq',	NULL,	NULL,	'2021-06-14 17:31:46',	'2021-06-14 17:31:46'),
(88,	'16-june@user.com',	'+923335959595',	'16june wo',	4,	1,	NULL,	'$2y$10$epOzhi3gyz03wWZFaKQqoOqBrFUy.V8K3b5Q6ahmSwI0649U5vIfe',	NULL,	NULL,	'2021-06-16 17:28:00',	'2021-06-16 17:28:00'),
(89,	'16-june@use.com',	'gjbvjj3335959595',	'16june_u',	2,	1,	NULL,	'$2y$10$IetFg2HD3rtfDM28U7ijQukkComCKv8o3WBhUCGMMMh88eT3EmlDG',	NULL,	NULL,	'2021-06-16 17:46:44',	'2021-06-16 20:37:41'),
(90,	'mohsintariqaa1.11@gmail.com',	'+92333597747433',	'Usercv',	2,	1,	NULL,	'$2y$10$UHII92yNqX8nGm/ypJoqfObTJj.Es5BMy67x7Mi4alSWpH4j4igAG',	NULL,	NULL,	'2021-06-16 17:55:46',	'2021-06-16 17:55:46'),
(91,	'mohsintariqaa1.1144@gmail.com',	'+13335977474334',	'Usercvqwd',	2,	1,	NULL,	'$2y$10$cXStDcj/k5IW4tp44uXg2enKpcTR430P58PMTPqPXelcxuEFFEelG',	NULL,	NULL,	'2021-06-16 18:04:12',	'2021-06-16 18:04:12'),
(92,	'113dfgg@gmail.com',	'+1333597443',	'Usercvqwd1e',	2,	1,	NULL,	'$2y$10$du8c7/JJ9DipBMFqQvgRae77D0Ci4iDRdr.S243MpXa2t4qizPnYq',	NULL,	NULL,	'2021-06-16 18:09:26',	'2021-06-16 18:09:26'),
(93,	'mmm@mmm.com',	'+92-333',	'm',	2,	1,	NULL,	'$2y$10$06OqVtygfJ4qxV8MSV5EQewtxRaIRoHLq36gStS7WpWECtLQYna3m',	NULL,	NULL,	'2021-06-17 19:22:54',	'2021-06-17 19:22:54'),
(94,	'mo@sp.com',	'+92-333636',	'mmm',	4,	1,	NULL,	'$2y$10$26rztTcfdznrXNHgqyqtWuBNaQYl6YmY1DZ8PuSJ5XU.1ubzjMcf.',	NULL,	NULL,	'2021-06-17 19:41:31',	'2021-06-17 19:41:31'),
(95,	'umar@groom.com',	'+92-852147654',	'Umar',	2,	1,	NULL,	'$2y$10$5.ZNN89Y2F8e1c/ZxhkhSOC6TrCBV0d2SySEtrsavQg15kGh4bCbq',	NULL,	NULL,	'2021-06-18 15:40:15',	'2021-06-18 15:40:15'),
(96,	'umar1@groom.com',	'+92-159357498',	'Umar1',	3,	1,	NULL,	'$2y$10$ANWC9hbTB9n6MjTHXcaNm.zzns.ov5NgjVuHKqJ69PNrzgcdbxirq',	NULL,	NULL,	'2021-06-18 15:40:17',	'2021-06-18 15:40:17'),
(97,	'21june@sp.com',	'+9203335977411',	'21junesp',	4,	1,	NULL,	'$2y$10$RDGQ3vo.dEZYRkzz.QXtmeoexvoGXmaaCF3/I7JsA2BUyjom48zB6',	NULL,	NULL,	'2021-06-21 17:46:10',	'2021-06-21 17:46:10'),
(98,	'21june@user.com',	'+92-03333333',	'21juneus',	2,	1,	NULL,	'$2y$10$mLIW2AAsIZWSIqTrlOmCruCAe8/T5gXUcGrx8fkdCfssY8dV95Yji',	NULL,	NULL,	'2021-06-21 17:53:04',	'2021-06-21 17:53:04'),
(99,	'spsp@sp.com',	'+92-333699',	'Eee',	4,	1,	NULL,	'$2y$10$CIR3nWH.B.d7x8PTc8mggeKeN8vccSjRIw2ghubPwyTTFvL5w1k9e',	NULL,	NULL,	'2021-06-21 20:01:57',	'2021-06-21 20:01:57'),
(100,	'sub@sp.com',	'bjh',	'sub sp',	3,	1,	NULL,	'$2y$10$r1eJd4Lac4shp2W5OvLKbugbA1DSWRm8WUjvBiGi9nb7eUcdDNjmm',	99,	NULL,	'2021-06-21 20:10:43',	'2021-06-21 20:10:43'),
(101,	'sub@sp2.com',	'jhhhb',	'sub sp2',	3,	1,	NULL,	'$2y$10$EcboBtl63vqqgnHySHc21e6gvW9yTymngOtI4Wm2bfvbyYUAu1qfy',	99,	NULL,	'2021-06-21 20:11:35',	'2021-06-21 20:11:35'),
(102,	'sss@sss.com',	'+92-896',	'Ssss',	4,	1,	NULL,	'$2y$10$Wsjj5DvWk125Qb8btJjHtOUawS8MuKYDLsjbyoMiolVq2GqIfM4sS',	NULL,	NULL,	'2021-06-21 20:46:19',	'2021-06-21 20:46:19'),
(103,	'supersp@groom.com',	'+1-12345678',	'Supersp',	3,	1,	NULL,	'$2y$10$0INP0oXy0kJGUAydQkY/h.ANIkcO0hAdIV.LzI6Dg0U2hW1A0HLEa',	NULL,	NULL,	'2021-06-21 20:46:26',	'2021-06-21 20:46:26'),
(104,	'testplumber@groom.com',	'+1-34521310',	'Plumber',	4,	1,	NULL,	'$2y$10$QEDe3ukrTUZzucngr/JhRORh.gpYQzz.RqjE8b0MlloG1O1nJzFC2',	NULL,	NULL,	'2021-06-22 10:07:44',	'2021-06-22 10:07:44'),
(105,	'qzaid797@gmail.com',	'+1-3839839483',	'Zaid Qureshi',	3,	1,	NULL,	'$2y$10$Rs3j4zil312nspakpevcUOoUtJpODYjojDcytnTvk2JfEN4T7yt.m',	NULL,	NULL,	'2021-08-16 11:30:04',	'2021-08-16 11:30:04'),
(106,	'm@mm.com',	'+92-3335977477',	'm4mohsin',	2,	1,	NULL,	'$2y$10$B0QkRI/dSH6Tq1FHaVqaoOxP6Wv/Q5y45WufR.JJJXx1WNgfSINNW',	NULL,	NULL,	'2021-08-27 17:05:43',	'2021-08-27 17:05:43'),
(107,	'mo@mo.com',	'+92-03335977477',	'Ta',	2,	1,	NULL,	'$2y$10$x9oEiz0hnvhLRjBBowO.yufNLBCwPiu89QPOWayGfGqZTXBE6XQyK',	NULL,	NULL,	'2021-08-30 17:35:59',	'2021-08-30 17:35:59'),
(108,	'pl@tryngo.com',	'+27-3333',	'Work',	4,	1,	NULL,	'$2y$10$fnSRPIdQyt80rvTXae1pUujpRhKvZlYhxgX0qTTQ/SUOs4TxFxKl2',	NULL,	NULL,	'2021-09-02 18:42:13',	'2021-09-02 18:42:13'),
(109,	'salmantest@gmail.com',	'+1-123456789',	'Salmanali',	2,	1,	NULL,	'$2y$10$EcMbKnDJeiH5v93STBUyoOBGjhy5RoypcdqATZV0C1AcACvzAdoWK',	NULL,	NULL,	'2021-09-02 18:55:17',	'2021-09-02 18:55:17'),
(110,	'salmantest123@gmail.com',	'+1-123123123',	'Testsal',	3,	1,	NULL,	'$2y$10$DxIvVgaUWpPDxJ6FnoLb9OIYQURwCqNSjwNBPGjJ6rX0SQKCqra2S',	NULL,	NULL,	'2021-09-02 19:00:49',	'2021-09-02 19:00:49'),
(111,	'pl2@tryngo.com',	'+27-323',	'Userpl',	4,	1,	NULL,	'$2y$10$Ziodo4RW6OE6XoLvOR5HBOfMbl7f8Z/FXzZsPadiTPeKge1e6hjAW',	NULL,	NULL,	'2021-09-02 19:01:10',	'2021-09-02 19:01:10'),
(112,	'Service@gmail.com',	'+1-90909090',	'Test Use',	3,	1,	NULL,	'$2y$10$.l8m0BlX9tt4mqia7Q6c/.P7g1n2BgNjJqY2vMDqz/OwizVbjbGam',	NULL,	NULL,	'2021-09-02 19:07:35',	'2021-09-02 19:07:35'),
(113,	'sing@tryngo.com',	'+27-333',	'Sin',	3,	1,	NULL,	'$2y$10$os5m4cjH/jHPS.NaS7vZWOCYclAzRUHEkTEr2mSU.HCFt9M0FKkWC',	NULL,	NULL,	'2021-09-02 19:25:01',	'2021-09-02 19:25:01'),
(114,	'testSalman@gmail.com',	'+1-1111222',	'Test User',	2,	1,	NULL,	'$2y$10$xNVMidYY1dUt6pPPzFRNXejwDHSebvxmoAm6.jgHmD31r.nbEPn2m',	NULL,	NULL,	'2021-09-02 21:11:24',	'2021-09-02 21:11:24'),
(115,	'testabc@gmail.com',	'+1-11223344',	'Salman',	4,	1,	NULL,	'$2y$10$iXSVWJtMjv46KQXFdSZP2O4CzahwuqV1OkxJP8LqC4jSnsg8els7u',	NULL,	NULL,	'2021-09-02 22:22:32',	'2021-09-02 22:22:32'),
(116,	'arslan@groom.com',	'123123123',	'arslan',	3,	1,	NULL,	'$2y$10$i02YST1XpMqIpO3qrZfWtOepoG542x/6drHYd3qaZEFFmSlgxMW.y',	115,	NULL,	'2021-09-02 22:23:38',	'2021-09-02 22:23:38'),
(117,	'm@m.com',	'+1-96,,,',	'jjj',	2,	1,	NULL,	'$2y$10$vQbzsVF0WaHYmOsoaqG/Tecqu5GYl2P1FFtg5d4Iy8VQUGeynC4ii',	NULL,	NULL,	'2021-09-03 18:11:23',	'2021-09-03 18:11:23'),
(118,	'mom@tryngo1.com',	'+1-66',	'kiu',	2,	1,	NULL,	'$2y$10$5A/oJuxw21nEfVSzwvyDH.m0RFkvINhUcnBYwrr7XB/./1r6O.c16',	NULL,	NULL,	'2021-09-03 18:22:58',	'2021-09-03 18:36:45'),
(119,	'sp@sp.com',	'+1-3',	'sps',	3,	1,	NULL,	'$2y$10$SXTCVvLNF2ZxlyZUrCs7WOwYkRfluFd1bvORSwVwAi/GPe65L0po.',	NULL,	NULL,	'2021-09-03 19:18:44',	'2021-09-03 19:18:44'),
(120,	'umarorg@groom.com',	'+92-3026686329',	'Orgnizer',	4,	1,	NULL,	'$2y$10$xx/ujApyVSMmKUijpqI/quo/LNtJuZ0heIsEUmiQFtUAehLXoEZGi',	NULL,	NULL,	'2021-09-13 10:35:39',	'2021-09-13 10:35:39'),
(121,	'testmailer@mail.com',	'+92-3002342695',	'Group',	2,	1,	NULL,	'$2y$10$jUu/K9pvwVs0yO78ppudK.VbKP66g.PfPPIeBHIUZkJVXoN0GKz2K',	NULL,	NULL,	'2021-09-17 12:06:25',	'2021-09-17 12:06:25'),
(122,	'qwertywdcasfasf@gmail.com',	'+1-5104137028',	'Asdvfsdvwr',	2,	1,	NULL,	'$2y$10$dKX/WGFOwE6D56.mbwuK7.SCTsuj3NZlEH0kbefuEmFOLIsSCYBkO',	NULL,	NULL,	'2021-09-17 12:17:47',	'2021-09-17 12:17:47'),
(123,	'sdnbvcjhdvajh@mailer.com',	'+1-5104132020',	'Jghvjchgsd',	2,	1,	NULL,	'$2y$10$3PhH735QrLpEpxWwh1xXlOTyRiOc/f5YyB3M2B2Bt0nsEv0DaDwg.',	NULL,	NULL,	'2021-09-17 13:34:06',	'2021-09-17 13:34:06');

DROP TABLE IF EXISTS `user_addresses`;
CREATE TABLE `user_addresses` (
  `id` bigint(20) unsigned NOT NULL AUTO_INCREMENT,
  `user_id` int(10) unsigned NOT NULL,
  `address` varchar(255) COLLATE utf8mb4_unicode_ci NOT NULL,
  `created_at` timestamp NULL DEFAULT NULL,
  `updated_at` timestamp NULL DEFAULT NULL,
  PRIMARY KEY (`id`)
) ENGINE=InnoDB DEFAULT CHARSET=utf8mb4 COLLATE=utf8mb4_unicode_ci;

INSERT INTO `user_addresses` (`id`, `user_id`, `address`, `created_at`, `updated_at`) VALUES
(5,	3,	'Address',	'2021-04-27 13:13:30',	'2021-04-27 13:13:30'),
(6,	3,	'Address123',	'2021-04-27 13:13:37',	'2021-04-27 13:13:37'),
(12,	54,	'Lahore Smart City, Grand Trunk Road, Kala Shah Kaku, Pakistan',	'2021-04-27 14:44:01',	'2021-04-28 09:32:43'),
(17,	54,	'Hyderabad, Telangana, India',	'2021-04-28 09:32:56',	'2021-04-28 09:32:56'),
(23,	82,	'Hythe, UK',	'2021-06-04 17:26:16',	'2021-06-04 17:26:16'),
(24,	82,	'Chiefy\'s Bits & Bobs, Towyn, Abergele, UK',	'2021-06-04 17:43:14',	'2021-06-04 17:43:14'),
(26,	85,	'Islamabad, Pakistan',	'2021-06-14 17:24:19',	'2021-06-14 17:24:19'),
(29,	93,	'Islamabad, Pakistan',	'2021-06-17 19:26:39',	'2021-06-17 19:26:39'),
(30,	69,	'Johannesburg, South Africa',	'2021-06-18 14:10:31',	'2021-06-18 14:10:31'),
(31,	52,	'Islamabad, Pakistan',	'2021-06-18 18:58:37',	'2021-06-18 18:58:37'),
(33,	48,	'Johannesburg, South Africa',	'2021-06-21 16:55:10',	'2021-06-21 16:55:10'),
(34,	98,	'Rawalpindi, Pakistan',	'2021-06-21 17:59:29',	'2021-06-21 17:59:29'),
(35,	98,	'Islamabad, Pakistan',	'2021-06-21 18:24:23',	'2021-06-21 18:24:23'),
(37,	7,	'Lahore, Pakistan',	'2021-07-01 10:56:05',	'2021-07-01 10:56:05'),
(38,	7,	'Al Hafeez Heights, Block D1 Block D 1 Gulberg III, Lahore, Pakistan',	'2021-07-01 11:27:37',	'2021-07-01 11:27:37'),
(39,	7,	'Imdaad Manzali camp. - Dubai - United Arab Emirates',	'2021-08-12 15:09:34',	'2021-08-12 15:09:34'),
(41,	107,	'Rawalpindi, Pakistan',	'2021-08-30 17:37:35',	'2021-08-30 17:37:35'),
(42,	7,	'56 Katherine Street, Barlow Park, Sandton, South Africa',	'2021-09-02 16:04:08',	'2021-09-02 16:04:08'),
(43,	106,	'Islamabad, Pakistan',	'2021-09-02 18:38:22',	'2021-09-02 18:38:22'),
(44,	106,	'Figueres, Spain',	'2021-09-02 18:38:39',	'2021-09-02 18:38:39'),
(45,	106,	'Ghaziabad Railway Station, Railway Station Road, Sarai Nazar Ali, Madhopura, Ghaziabad, Uttar Pradesh, India',	'2021-09-02 19:03:45',	'2021-09-02 19:03:45'),
(46,	7,	'Plot 57, Ahmed Block Garden Town, Lahore, Pakistan',	'2021-09-02 20:49:06',	'2021-09-02 20:49:06'),
(47,	114,	'Katherine Street, Sandown, Sandton, South Africa',	'2021-09-02 21:21:10',	'2021-09-02 21:21:10'),
(48,	118,	'I-8, Islamabad, Pakistan',	'2021-09-03 18:31:01',	'2021-09-03 18:31:01'),
(49,	7,	'302 Long Avenue, Ferndale, Randburg, South Africa',	'2021-09-06 19:53:00',	'2021-09-06 19:53:00');

DROP TABLE IF EXISTS `user_credit_card`;
CREATE TABLE `user_credit_card` (
  `id` bigint(20) unsigned NOT NULL AUTO_INCREMENT,
  `user_id` int(10) unsigned NOT NULL,
  `card_holder` varchar(255) COLLATE utf8mb4_unicode_ci NOT NULL,
  `card_type` varchar(255) COLLATE utf8mb4_unicode_ci DEFAULT NULL,
  `card_number` varchar(255) COLLATE utf8mb4_unicode_ci NOT NULL,
  `card_cvv` varchar(255) COLLATE utf8mb4_unicode_ci NOT NULL,
  `card_expiry_date` varchar(255) COLLATE utf8mb4_unicode_ci NOT NULL,
  `created_at` timestamp NULL DEFAULT NULL,
  `updated_at` timestamp NULL DEFAULT NULL,
  PRIMARY KEY (`id`)
) ENGINE=InnoDB DEFAULT CHARSET=utf8mb4 COLLATE=utf8mb4_unicode_ci;

INSERT INTO `user_credit_card` (`id`, `user_id`, `card_holder`, `card_type`, `card_number`, `card_cvv`, `card_expiry_date`, `created_at`, `updated_at`) VALUES
(2,	3,	'Test Holder Update',	'visa',	'4321567845453535',	'123',	'2023-08-25',	'2021-04-27 11:08:08',	'2021-05-03 14:55:18'),
(12,	54,	'Muhammd Ashfaq',	NULL,	'4242 4242 4242 4242',	'undefined',	'12/23',	'2021-04-28 13:27:37',	'2021-04-28 13:27:37'),
(13,	54,	'Salman',	NULL,	'4000 0566 5566 5556',	'undefined',	'02/30',	'2021-04-28 13:57:20',	'2021-04-28 13:57:20'),
(14,	54,	'Umar Hayat',	NULL,	'3714 496353 98431',	'undefined',	'12/23',	'2021-04-28 13:58:50',	'2021-04-28 13:58:50'),
(16,	3,	'Test Holder Update',	'visa',	'4321567845453535',	'123',	'2023-08-25',	'2021-05-03 14:52:07',	'2021-05-03 14:52:07'),
(17,	3,	'Test Holder Update',	'visa',	'4321567845453535',	'123',	'2023-08-25',	'2021-05-03 14:56:05',	'2021-05-03 14:56:05'),
(18,	3,	'Test Holder Update',	'visa',	'4321567845453535',	'123',	'2023-08-25',	'2021-05-04 11:19:44',	'2021-05-04 11:19:44'),
(23,	7,	'Miza Hayat',	'visa',	'4242424242424242',	'242',	'04/24',	'2021-05-04 11:57:37',	'2021-05-04 11:57:37'),
(25,	7,	'Ashfaq',	'visa',	'4242424242424242',	'242',	'04/24',	'2021-05-21 08:29:31',	'2021-05-21 08:29:31'),
(26,	7,	'Ahsan',	'visa',	'4242424242424242',	'242',	'04/24',	'2021-06-07 12:30:14',	'2021-06-07 12:30:14'),
(27,	89,	'test',	'visa',	'4242424242424242',	'123',	'12/25',	'2021-06-16 19:59:35',	'2021-06-16 19:59:35'),
(28,	7,	'User test card',	'visa',	'4242424242424242',	'242',	'04/24',	'2021-06-17 17:49:22',	'2021-06-17 17:49:22'),
(29,	69,	'Dido KANYANDEKWE',	'visa',	'4743350005830115',	'420',	'01/23',	'2021-06-19 13:21:06',	'2021-06-19 13:21:06'),
(30,	48,	'Dido kanyandekwe',	'visa',	'4743350005830115',	'450',	'01/23',	'2021-06-21 16:57:54',	'2021-06-21 16:57:54');

DROP TABLE IF EXISTS `user_details`;
CREATE TABLE `user_details` (
  `id` bigint(20) unsigned NOT NULL AUTO_INCREMENT,
  `user_id` int(10) unsigned NOT NULL,
  `first_name` varchar(255) COLLATE utf8mb4_unicode_ci DEFAULT NULL,
  `last_name` varchar(255) COLLATE utf8mb4_unicode_ci DEFAULT NULL,
  `profile_image` varchar(255) COLLATE utf8mb4_unicode_ci DEFAULT NULL,
  `birthday` varchar(255) COLLATE utf8mb4_unicode_ci DEFAULT NULL,
  `gender` varchar(255) COLLATE utf8mb4_unicode_ci DEFAULT NULL,
  `location` varchar(255) COLLATE utf8mb4_unicode_ci DEFAULT NULL,
  `phone` varchar(255) COLLATE utf8mb4_unicode_ci DEFAULT NULL,
  `phone_verified` tinyint(1) NOT NULL DEFAULT 0,
  `email_verified` tinyint(1) NOT NULL DEFAULT 0,
  `language` varchar(255) COLLATE utf8mb4_unicode_ci DEFAULT NULL,
  `country_id` int(11) DEFAULT NULL,
  `status` tinyint(1) NOT NULL DEFAULT 1,
  `remember_token` varchar(100) COLLATE utf8mb4_unicode_ci DEFAULT NULL,
  `created_at` timestamp NULL DEFAULT NULL,
  `updated_at` timestamp NULL DEFAULT NULL,
  PRIMARY KEY (`id`)
) ENGINE=InnoDB DEFAULT CHARSET=utf8mb4 COLLATE=utf8mb4_unicode_ci;

INSERT INTO `user_details` (`id`, `user_id`, `first_name`, `last_name`, `profile_image`, `birthday`, `gender`, `location`, `phone`, `phone_verified`, `email_verified`, `language`, `country_id`, `status`, `remember_token`, `created_at`, `updated_at`) VALUES
(1,	1,	'Super',	'Admin',	NULL,	NULL,	NULL,	NULL,	NULL,	0,	0,	NULL,	92,	1,	NULL,	'2021-03-29 07:14:36',	'2021-03-29 07:14:36'),
(2,	2,	'Services Provider',	NULL,	NULL,	NULL,	NULL,	NULL,	NULL,	0,	0,	NULL,	NULL,	1,	NULL,	'2021-03-31 05:21:21',	'2021-09-13 08:55:00'),
(3,	3,	'Service Provider Latest',	NULL,	'userImage20210414-080926am614.png',	NULL,	NULL,	NULL,	NULL,	0,	0,	NULL,	NULL,	1,	NULL,	'2021-03-31 05:23:52',	'2021-04-14 12:09:26'),
(4,	4,	'Organization Test',	NULL,	NULL,	NULL,	NULL,	NULL,	NULL,	0,	0,	NULL,	NULL,	1,	NULL,	'2021-04-08 10:17:18',	'2021-04-08 10:17:18'),
(5,	5,	'Service Provider Latest Test',	NULL,	'userImage20210408-063328am814.png',	NULL,	NULL,	NULL,	NULL,	0,	0,	NULL,	NULL,	1,	NULL,	'2021-04-08 10:17:18',	'2021-04-08 10:33:28'),
(6,	6,	'First User',	NULL,	NULL,	NULL,	NULL,	NULL,	NULL,	0,	0,	NULL,	NULL,	1,	NULL,	'2021-04-08 10:18:15',	'2021-04-08 10:18:15'),
(7,	7,	'User',	'Test',	'userImage20210520-052752am345.jpg',	'1995-01-02',	NULL,	'lahore',	'03013212321',	0,	0,	NULL,	NULL,	1,	NULL,	'2021-04-08 11:34:27',	'2021-06-07 15:59:41'),
(8,	8,	'First User',	'1',	NULL,	'1997-02-06',	NULL,	'Pakistan',	'03031232120',	0,	0,	NULL,	NULL,	1,	NULL,	'2021-04-08 13:39:31',	'2021-06-08 13:58:10'),
(9,	9,	'Arham',	NULL,	'userImage20210412-114810am766.jpg',	NULL,	NULL,	NULL,	NULL,	0,	0,	NULL,	NULL,	1,	NULL,	'2021-04-09 10:26:10',	'2021-04-12 15:48:14'),
(10,	10,	'Ashfaq',	NULL,	NULL,	NULL,	NULL,	NULL,	NULL,	0,	0,	NULL,	NULL,	1,	NULL,	'2021-04-09 14:30:45',	'2021-04-09 14:30:45'),
(11,	11,	'Kjadflasfh',	NULL,	NULL,	NULL,	NULL,	NULL,	NULL,	0,	0,	NULL,	NULL,	1,	NULL,	'2021-04-09 14:36:24',	'2021-04-09 14:36:24'),
(12,	12,	'Ashfaq9999',	NULL,	NULL,	NULL,	NULL,	NULL,	NULL,	0,	0,	NULL,	NULL,	1,	NULL,	'2021-04-09 14:38:19',	'2021-04-09 14:38:19'),
(13,	13,	'First User',	NULL,	NULL,	NULL,	NULL,	NULL,	NULL,	0,	0,	NULL,	NULL,	1,	NULL,	'2021-04-09 14:39:47',	'2021-04-09 14:39:47'),
(14,	14,	'org_sp1',	NULL,	NULL,	NULL,	NULL,	NULL,	NULL,	0,	0,	NULL,	NULL,	1,	NULL,	'2021-04-09 14:39:48',	'2021-04-09 14:39:48'),
(15,	15,	'Sadfasdfads',	NULL,	NULL,	NULL,	NULL,	NULL,	NULL,	0,	0,	NULL,	NULL,	1,	NULL,	'2021-04-09 14:40:37',	'2021-04-09 14:40:37'),
(16,	16,	'First User',	NULL,	NULL,	NULL,	NULL,	NULL,	NULL,	0,	0,	NULL,	NULL,	1,	NULL,	'2021-04-09 14:41:21',	'2021-04-09 14:41:21'),
(17,	17,	'Adfhkasfasdf',	NULL,	NULL,	NULL,	NULL,	NULL,	NULL,	0,	0,	NULL,	NULL,	1,	NULL,	'2021-04-09 15:29:56',	'2021-04-09 15:29:56'),
(18,	18,	'Fdfsasdfas',	NULL,	NULL,	NULL,	NULL,	NULL,	NULL,	0,	0,	NULL,	NULL,	1,	NULL,	'2021-04-09 15:32:14',	'2021-04-09 15:32:14'),
(19,	19,	'Muhammad Ashfaq',	NULL,	NULL,	NULL,	NULL,	NULL,	NULL,	0,	0,	NULL,	NULL,	1,	NULL,	'2021-04-09 15:40:28',	'2021-04-09 15:40:28'),
(20,	20,	'M Ashfaq',	NULL,	'userImage20210607-110300am201.jpg',	NULL,	NULL,	NULL,	NULL,	0,	0,	NULL,	NULL,	1,	NULL,	'2021-04-09 15:41:10',	'2021-06-07 15:03:03'),
(21,	21,	'org_sp1',	NULL,	NULL,	NULL,	NULL,	NULL,	NULL,	0,	0,	NULL,	NULL,	1,	NULL,	'2021-04-09 15:41:10',	'2021-04-09 15:41:10'),
(22,	22,	'First User',	NULL,	NULL,	NULL,	NULL,	NULL,	NULL,	0,	0,	NULL,	NULL,	1,	NULL,	'2021-04-12 09:44:06',	'2021-04-12 09:44:06'),
(23,	23,	'First User',	NULL,	NULL,	NULL,	NULL,	NULL,	NULL,	0,	0,	NULL,	NULL,	1,	NULL,	'2021-04-12 09:44:24',	'2021-04-12 09:44:24'),
(24,	24,	'org_sp1',	NULL,	NULL,	NULL,	NULL,	NULL,	NULL,	0,	0,	NULL,	NULL,	1,	NULL,	'2021-04-12 09:44:24',	'2021-04-12 09:44:24'),
(25,	25,	'First User',	NULL,	NULL,	NULL,	NULL,	NULL,	NULL,	0,	0,	NULL,	NULL,	1,	NULL,	'2021-04-12 09:47:54',	'2021-04-12 09:47:54'),
(26,	26,	'First User',	NULL,	NULL,	NULL,	NULL,	NULL,	NULL,	0,	0,	NULL,	NULL,	1,	NULL,	'2021-04-12 10:21:37',	'2021-04-12 10:21:37'),
(27,	27,	'Organization Admin',	NULL,	NULL,	NULL,	NULL,	NULL,	NULL,	0,	0,	NULL,	NULL,	1,	NULL,	'2021-04-12 10:23:38',	'2021-04-12 10:23:38'),
(28,	28,	'Org SP 1',	NULL,	NULL,	NULL,	NULL,	NULL,	NULL,	0,	0,	NULL,	NULL,	1,	NULL,	'2021-04-12 10:23:38',	'2021-04-12 10:23:38'),
(29,	29,	'ORG SP 2',	NULL,	NULL,	NULL,	NULL,	NULL,	NULL,	0,	0,	NULL,	NULL,	1,	NULL,	'2021-04-12 10:23:38',	'2021-04-12 10:23:38'),
(30,	30,	'SP 4',	NULL,	NULL,	NULL,	NULL,	NULL,	NULL,	0,	0,	NULL,	NULL,	1,	NULL,	'2021-04-12 10:44:16',	'2021-04-12 10:44:16'),
(31,	31,	'SP 41',	NULL,	NULL,	NULL,	NULL,	NULL,	NULL,	0,	0,	NULL,	NULL,	1,	NULL,	'2021-04-12 10:46:07',	'2021-04-12 10:46:07'),
(32,	32,	'SP 412',	NULL,	NULL,	NULL,	NULL,	NULL,	NULL,	0,	0,	NULL,	NULL,	1,	NULL,	'2021-04-12 10:47:31',	'2021-04-12 10:47:31'),
(33,	33,	'Test Organization',	NULL,	'userImage20210416-092501am153.png',	NULL,	NULL,	NULL,	NULL,	0,	0,	NULL,	NULL,	1,	NULL,	'2021-04-12 15:49:54',	'2021-04-16 13:25:01'),
(34,	34,	'Organization Admin',	NULL,	NULL,	NULL,	NULL,	NULL,	NULL,	0,	0,	NULL,	NULL,	1,	NULL,	'2021-04-12 15:53:17',	'2021-04-12 15:53:17'),
(35,	35,	'Organization Admin',	NULL,	NULL,	NULL,	NULL,	NULL,	NULL,	0,	0,	NULL,	NULL,	1,	NULL,	'2021-04-12 16:00:52',	'2021-04-12 16:00:52'),
(36,	36,	'Muhammad Ashfaq',	NULL,	NULL,	NULL,	NULL,	NULL,	NULL,	0,	0,	NULL,	NULL,	1,	NULL,	'2021-04-12 16:07:30',	'2021-04-12 16:07:30'),
(37,	37,	'Test Organization',	NULL,	'userImage20210412-122334pm595.jpg',	NULL,	NULL,	NULL,	NULL,	0,	0,	NULL,	NULL,	1,	NULL,	'2021-04-12 16:19:45',	'2021-04-12 16:24:08'),
(38,	38,	'Sub Ordinate 1',	NULL,	NULL,	NULL,	NULL,	NULL,	NULL,	0,	0,	NULL,	NULL,	1,	NULL,	'2021-04-12 16:30:12',	'2021-04-12 16:30:12'),
(39,	39,	'Sub Ordinate 2',	NULL,	NULL,	NULL,	NULL,	NULL,	NULL,	0,	0,	NULL,	NULL,	1,	NULL,	'2021-04-12 16:31:13',	'2021-04-12 16:31:13'),
(40,	40,	'asdfafs',	NULL,	NULL,	NULL,	NULL,	NULL,	NULL,	0,	0,	NULL,	NULL,	1,	NULL,	'2021-04-12 17:49:32',	'2021-04-12 17:49:32'),
(41,	41,	'Sub Ordinate 3',	NULL,	NULL,	NULL,	NULL,	NULL,	NULL,	0,	0,	NULL,	NULL,	1,	NULL,	'2021-04-12 17:53:19',	'2021-04-12 17:53:19'),
(42,	42,	'Sub Ordinate 4',	NULL,	NULL,	NULL,	NULL,	NULL,	NULL,	0,	0,	NULL,	NULL,	1,	NULL,	'2021-04-12 18:00:43',	'2021-04-12 18:00:43'),
(43,	43,	'Sub Ordinate 5',	NULL,	NULL,	NULL,	NULL,	NULL,	NULL,	0,	0,	NULL,	NULL,	1,	NULL,	'2021-04-12 18:02:08',	'2021-04-12 18:02:08'),
(44,	44,	'SubOrdinate 6',	NULL,	NULL,	NULL,	NULL,	NULL,	NULL,	0,	0,	NULL,	NULL,	1,	NULL,	'2021-04-12 18:04:39',	'2021-04-12 18:04:39'),
(45,	45,	'Tester',	NULL,	'userImage20210416-055640am328.png',	NULL,	NULL,	NULL,	NULL,	0,	0,	NULL,	NULL,	1,	NULL,	'2021-04-16 09:54:59',	'2021-04-16 09:56:40'),
(46,	46,	'Worker',	NULL,	'userImage20210416-060400am856.jpg',	NULL,	NULL,	NULL,	NULL,	0,	0,	NULL,	NULL,	1,	NULL,	'2021-04-16 09:58:30',	'2021-04-16 10:04:04'),
(47,	47,	'Sub ordinate 1',	NULL,	NULL,	NULL,	NULL,	NULL,	NULL,	0,	0,	NULL,	NULL,	1,	NULL,	'2021-04-16 13:07:24',	'2021-04-16 13:07:24'),
(48,	48,	'Dido Kan',	NULL,	NULL,	NULL,	NULL,	NULL,	NULL,	0,	0,	NULL,	NULL,	1,	NULL,	'2021-04-16 13:50:57',	'2021-04-16 13:50:57'),
(49,	49,	'Bernard Khumalo',	NULL,	NULL,	NULL,	NULL,	NULL,	NULL,	0,	0,	NULL,	NULL,	1,	NULL,	'2021-04-19 15:54:33',	'2021-04-19 15:54:33'),
(50,	50,	'Bernard',	NULL,	NULL,	NULL,	NULL,	NULL,	NULL,	0,	0,	NULL,	NULL,	1,	NULL,	'2021-04-19 16:10:04',	'2021-04-19 16:10:04'),
(51,	51,	'Bernard B Khumalo',	NULL,	NULL,	NULL,	NULL,	NULL,	NULL,	0,	0,	NULL,	NULL,	1,	NULL,	'2021-04-19 16:18:30',	'2021-04-19 16:18:30'),
(52,	52,	'Mohsin Tariq',	NULL,	NULL,	NULL,	NULL,	NULL,	NULL,	0,	0,	NULL,	NULL,	1,	NULL,	'2021-04-26 18:25:38',	'2021-04-26 18:25:38'),
(53,	53,	'mohsin',	NULL,	NULL,	NULL,	NULL,	NULL,	NULL,	0,	0,	NULL,	NULL,	1,	NULL,	'2021-04-26 20:22:22',	'2021-04-26 20:22:22'),
(54,	54,	'Muhammad Ashfaq',	NULL,	'userImage20210427-082130am733.jpg',	NULL,	NULL,	NULL,	NULL,	0,	0,	NULL,	NULL,	1,	NULL,	'2021-04-27 12:20:37',	'2021-04-27 12:21:36'),
(55,	55,	'MirzaHayat',	NULL,	NULL,	NULL,	NULL,	NULL,	NULL,	0,	0,	NULL,	NULL,	1,	NULL,	'2021-04-28 10:47:11',	'2021-04-28 10:47:11'),
(56,	56,	'Mirza',	NULL,	NULL,	NULL,	NULL,	NULL,	NULL,	0,	0,	NULL,	NULL,	1,	NULL,	'2021-04-28 15:13:34',	'2021-04-28 15:13:34'),
(57,	57,	'First User',	NULL,	NULL,	NULL,	NULL,	NULL,	NULL,	0,	0,	NULL,	NULL,	1,	NULL,	'2021-04-28 15:16:15',	'2021-04-28 15:16:15'),
(58,	58,	'Organization Admin1',	NULL,	NULL,	NULL,	NULL,	NULL,	NULL,	0,	0,	NULL,	NULL,	1,	NULL,	'2021-05-03 15:00:24',	'2021-05-03 15:00:24'),
(59,	59,	'Organization Admin1',	NULL,	NULL,	NULL,	NULL,	NULL,	NULL,	0,	0,	NULL,	NULL,	1,	NULL,	'2021-05-03 15:03:47',	'2021-05-03 15:03:47'),
(60,	60,	'First User',	NULL,	NULL,	NULL,	NULL,	NULL,	NULL,	0,	0,	NULL,	NULL,	1,	NULL,	'2021-05-04 10:01:56',	'2021-05-04 10:01:56'),
(61,	61,	'Aliya',	NULL,	NULL,	NULL,	NULL,	NULL,	NULL,	0,	0,	NULL,	NULL,	1,	NULL,	'2021-05-04 10:05:50',	'2021-05-04 10:05:50'),
(62,	62,	'Hajra',	NULL,	NULL,	NULL,	NULL,	NULL,	NULL,	0,	0,	NULL,	NULL,	1,	NULL,	'2021-05-04 10:09:16',	'2021-05-04 10:09:16'),
(63,	63,	'Organization Admin1',	NULL,	NULL,	NULL,	NULL,	NULL,	NULL,	0,	0,	NULL,	NULL,	1,	NULL,	'2021-05-04 10:12:43',	'2021-05-04 10:12:43'),
(64,	64,	'TestUser1234',	NULL,	NULL,	NULL,	NULL,	NULL,	NULL,	0,	0,	NULL,	NULL,	1,	NULL,	'2021-05-04 10:14:00',	'2021-05-04 10:14:00'),
(65,	65,	'Temer',	NULL,	NULL,	NULL,	NULL,	NULL,	NULL,	0,	0,	NULL,	NULL,	1,	NULL,	'2021-05-04 10:20:38',	'2021-05-04 10:20:38'),
(66,	66,	'Mirzas',	NULL,	NULL,	NULL,	NULL,	NULL,	NULL,	0,	0,	NULL,	NULL,	1,	NULL,	'2021-05-04 10:32:16',	'2021-05-04 10:32:16'),
(67,	67,	'Hama',	NULL,	NULL,	NULL,	NULL,	NULL,	NULL,	0,	0,	NULL,	NULL,	1,	NULL,	'2021-05-04 10:38:42',	'2021-05-04 10:38:42'),
(68,	68,	'Kamla',	NULL,	NULL,	NULL,	NULL,	NULL,	NULL,	0,	0,	NULL,	NULL,	1,	NULL,	'2021-05-04 10:46:08',	'2021-05-04 10:46:08'),
(69,	69,	'Dido',	NULL,	NULL,	NULL,	NULL,	NULL,	NULL,	0,	0,	NULL,	NULL,	1,	NULL,	'2021-05-21 17:05:30',	'2021-05-21 17:05:30'),
(70,	70,	'Mohsin 11',	NULL,	NULL,	NULL,	NULL,	NULL,	NULL,	0,	0,	NULL,	NULL,	1,	NULL,	'2021-06-01 17:40:43',	'2021-06-01 17:40:43'),
(71,	71,	'mmm',	NULL,	NULL,	NULL,	NULL,	NULL,	NULL,	0,	0,	NULL,	NULL,	1,	NULL,	'2021-06-02 12:07:50',	'2021-06-02 12:07:50'),
(72,	72,	'Mirza',	NULL,	NULL,	NULL,	NULL,	NULL,	NULL,	0,	0,	NULL,	NULL,	1,	NULL,	'2021-06-02 16:43:54',	'2021-06-02 16:43:54'),
(73,	73,	'Organization Admin',	NULL,	NULL,	NULL,	NULL,	NULL,	NULL,	0,	0,	NULL,	NULL,	1,	NULL,	'2021-06-02 16:48:33',	'2021-06-02 16:48:33'),
(74,	74,	'Organization Admin',	NULL,	NULL,	NULL,	NULL,	NULL,	NULL,	0,	0,	NULL,	NULL,	1,	NULL,	'2021-06-02 16:55:54',	'2021-06-02 16:55:54'),
(75,	75,	'Mirza',	NULL,	NULL,	NULL,	NULL,	NULL,	NULL,	0,	0,	NULL,	NULL,	1,	NULL,	'2021-06-02 17:02:25',	'2021-06-02 17:02:25'),
(76,	76,	'Mirza',	NULL,	NULL,	NULL,	NULL,	NULL,	NULL,	0,	0,	NULL,	NULL,	1,	NULL,	'2021-06-02 17:37:03',	'2021-06-02 17:37:03'),
(77,	77,	'Qwerty',	NULL,	NULL,	NULL,	NULL,	NULL,	NULL,	0,	0,	NULL,	NULL,	1,	NULL,	'2021-06-02 17:43:50',	'2021-06-02 17:43:50'),
(78,	78,	'Tryhe',	NULL,	NULL,	NULL,	NULL,	NULL,	NULL,	0,	0,	NULL,	NULL,	1,	NULL,	'2021-06-02 17:46:45',	'2021-06-02 17:46:45'),
(79,	79,	'Asaad',	NULL,	NULL,	NULL,	NULL,	NULL,	NULL,	0,	0,	NULL,	NULL,	1,	NULL,	'2021-06-03 09:12:51',	'2021-06-03 09:12:51'),
(80,	80,	'Organization Admin',	NULL,	NULL,	NULL,	NULL,	NULL,	NULL,	0,	0,	NULL,	NULL,	1,	NULL,	'2021-06-03 10:04:06',	'2021-06-03 10:04:06'),
(81,	81,	'Qwerty',	NULL,	NULL,	NULL,	NULL,	NULL,	NULL,	0,	0,	NULL,	NULL,	1,	NULL,	'2021-06-03 10:27:32',	'2021-06-03 10:27:32'),
(82,	82,	'Jfhdy',	NULL,	NULL,	NULL,	NULL,	NULL,	NULL,	0,	0,	NULL,	NULL,	1,	NULL,	'2021-06-04 17:23:04',	'2021-06-04 17:23:04'),
(83,	83,	'm1',	NULL,	NULL,	NULL,	NULL,	NULL,	NULL,	0,	0,	NULL,	NULL,	1,	NULL,	'2021-06-14 17:03:23',	'2021-06-14 17:03:23'),
(84,	84,	'M work',	NULL,	NULL,	NULL,	NULL,	NULL,	NULL,	0,	0,	NULL,	NULL,	1,	NULL,	'2021-06-14 17:07:49',	'2021-06-14 17:47:59'),
(85,	85,	'12',	NULL,	NULL,	NULL,	NULL,	NULL,	NULL,	0,	0,	NULL,	NULL,	1,	NULL,	'2021-06-14 17:19:24',	'2021-06-14 17:19:24'),
(86,	86,	'User',	NULL,	NULL,	NULL,	NULL,	NULL,	NULL,	0,	0,	NULL,	NULL,	1,	NULL,	'2021-06-14 17:27:39',	'2021-06-14 17:27:39'),
(87,	87,	'Umar Plumber',	NULL,	NULL,	NULL,	NULL,	NULL,	NULL,	0,	0,	NULL,	NULL,	1,	NULL,	'2021-06-14 17:31:46',	'2021-06-14 17:31:46'),
(88,	88,	'16 june',	NULL,	NULL,	NULL,	NULL,	NULL,	NULL,	0,	0,	NULL,	NULL,	1,	NULL,	'2021-06-16 17:28:00',	'2021-06-16 17:28:00'),
(89,	89,	'Mohsin',	NULL,	'userImage20210616-043616pm708.jpg',	NULL,	NULL,	NULL,	NULL,	0,	0,	NULL,	NULL,	1,	NULL,	'2021-06-16 17:46:44',	'2021-06-16 20:36:16'),
(90,	90,	'TTTTEE',	NULL,	NULL,	NULL,	NULL,	NULL,	NULL,	0,	0,	NULL,	NULL,	1,	NULL,	'2021-06-16 17:55:46',	'2021-06-16 17:55:46'),
(91,	91,	'Qwefw',	NULL,	NULL,	NULL,	NULL,	NULL,	NULL,	0,	0,	NULL,	NULL,	1,	NULL,	'2021-06-16 18:04:12',	'2021-06-16 18:04:12'),
(92,	92,	'Wefwe',	NULL,	NULL,	NULL,	NULL,	NULL,	NULL,	0,	0,	NULL,	NULL,	1,	NULL,	'2021-06-16 18:09:26',	'2021-06-16 18:09:26'),
(93,	93,	'm',	NULL,	NULL,	NULL,	NULL,	NULL,	NULL,	0,	0,	NULL,	NULL,	1,	NULL,	'2021-06-17 19:22:54',	'2021-06-17 19:22:54'),
(94,	94,	'mmmm',	NULL,	NULL,	NULL,	NULL,	NULL,	NULL,	0,	0,	NULL,	NULL,	1,	NULL,	'2021-06-17 19:41:31',	'2021-06-17 19:41:31'),
(95,	95,	'umar',	NULL,	NULL,	NULL,	NULL,	NULL,	NULL,	0,	0,	NULL,	NULL,	1,	NULL,	'2021-06-18 15:40:15',	'2021-06-18 15:40:15'),
(96,	96,	'Umar one',	NULL,	NULL,	NULL,	NULL,	NULL,	NULL,	0,	0,	NULL,	NULL,	1,	NULL,	'2021-06-18 15:40:17',	'2021-06-18 15:40:17'),
(97,	97,	'16june sp',	NULL,	NULL,	NULL,	NULL,	NULL,	NULL,	0,	0,	NULL,	NULL,	1,	NULL,	'2021-06-21 17:46:10',	'2021-06-21 17:46:10'),
(98,	98,	'Mohsin tariq',	NULL,	NULL,	NULL,	NULL,	NULL,	NULL,	0,	0,	NULL,	NULL,	1,	NULL,	'2021-06-21 17:53:04',	'2021-06-21 17:53:04'),
(99,	99,	'Sp',	NULL,	NULL,	NULL,	NULL,	NULL,	NULL,	0,	0,	NULL,	NULL,	1,	NULL,	'2021-06-21 20:01:57',	'2021-06-21 20:01:57'),
(100,	100,	'sub user',	NULL,	NULL,	NULL,	NULL,	NULL,	NULL,	0,	0,	NULL,	NULL,	1,	NULL,	'2021-06-21 20:10:43',	'2021-06-21 20:10:43'),
(101,	101,	'sub',	NULL,	NULL,	NULL,	NULL,	NULL,	NULL,	0,	0,	NULL,	NULL,	1,	NULL,	'2021-06-21 20:11:35',	'2021-06-21 20:11:35'),
(102,	102,	'Qq',	NULL,	NULL,	NULL,	NULL,	NULL,	NULL,	0,	0,	NULL,	NULL,	1,	NULL,	'2021-06-21 20:46:19',	'2021-06-21 20:46:19'),
(103,	103,	'Spspsp',	NULL,	NULL,	NULL,	NULL,	NULL,	NULL,	0,	0,	NULL,	NULL,	1,	NULL,	'2021-06-21 20:46:26',	'2021-06-21 20:46:26'),
(104,	104,	'Plumber',	NULL,	'userImage20210622-070559am519.jpg',	NULL,	NULL,	NULL,	NULL,	0,	0,	NULL,	NULL,	1,	NULL,	'2021-06-22 10:07:44',	'2021-06-22 11:06:02'),
(105,	105,	'Muhammad Zaid Qureshi',	NULL,	NULL,	NULL,	NULL,	NULL,	NULL,	0,	0,	NULL,	NULL,	1,	NULL,	'2021-08-16 11:30:04',	'2021-08-16 11:30:04'),
(106,	106,	'mohsin',	NULL,	NULL,	NULL,	NULL,	NULL,	NULL,	0,	0,	NULL,	NULL,	1,	NULL,	'2021-08-27 17:05:43',	'2021-08-27 17:05:43'),
(107,	107,	'H',	NULL,	NULL,	NULL,	NULL,	NULL,	NULL,	0,	0,	NULL,	NULL,	1,	NULL,	'2021-08-30 17:35:59',	'2021-08-30 17:35:59'),
(108,	108,	'Mohsin Tariq',	NULL,	NULL,	NULL,	NULL,	NULL,	NULL,	0,	0,	NULL,	NULL,	1,	NULL,	'2021-09-02 18:42:13',	'2021-09-02 18:42:13'),
(109,	109,	'Salman',	NULL,	NULL,	NULL,	NULL,	NULL,	NULL,	0,	0,	NULL,	NULL,	1,	NULL,	'2021-09-02 18:55:17',	'2021-09-02 18:55:17'),
(110,	110,	'Qwer',	NULL,	NULL,	NULL,	NULL,	NULL,	NULL,	0,	0,	NULL,	NULL,	1,	NULL,	'2021-09-02 19:00:49',	'2021-09-02 19:00:49'),
(111,	111,	'123',	NULL,	NULL,	NULL,	NULL,	NULL,	NULL,	0,	0,	NULL,	NULL,	1,	NULL,	'2021-09-02 19:01:10',	'2021-09-02 19:01:10'),
(112,	112,	'test provider',	NULL,	NULL,	NULL,	NULL,	NULL,	NULL,	0,	0,	NULL,	NULL,	1,	NULL,	'2021-09-02 19:07:35',	'2021-09-02 19:07:35'),
(113,	113,	'Sing',	NULL,	NULL,	NULL,	NULL,	NULL,	NULL,	0,	0,	NULL,	NULL,	1,	NULL,	'2021-09-02 19:25:01',	'2021-09-02 19:25:01'),
(114,	114,	'Salman Test',	NULL,	NULL,	NULL,	NULL,	NULL,	NULL,	0,	0,	NULL,	NULL,	1,	NULL,	'2021-09-02 21:11:24',	'2021-09-02 21:11:24'),
(115,	115,	'Sulama',	NULL,	NULL,	NULL,	NULL,	NULL,	NULL,	0,	0,	NULL,	NULL,	1,	NULL,	'2021-09-02 22:22:32',	'2021-09-02 22:22:32'),
(116,	116,	'arslan',	NULL,	NULL,	NULL,	NULL,	NULL,	NULL,	0,	0,	NULL,	NULL,	1,	NULL,	'2021-09-02 22:23:38',	'2021-09-02 22:23:38'),
(117,	117,	'vh',	NULL,	NULL,	NULL,	NULL,	NULL,	NULL,	0,	0,	NULL,	NULL,	1,	NULL,	'2021-09-03 18:11:23',	'2021-09-03 18:11:23'),
(118,	118,	'undefined',	NULL,	NULL,	NULL,	NULL,	NULL,	NULL,	0,	0,	NULL,	NULL,	1,	NULL,	'2021-09-03 18:22:58',	'2021-09-03 18:43:23'),
(119,	119,	'sp',	NULL,	NULL,	NULL,	NULL,	NULL,	NULL,	0,	0,	NULL,	NULL,	1,	NULL,	'2021-09-03 19:18:44',	'2021-09-03 19:18:44'),
(120,	120,	'TestOrg',	NULL,	NULL,	NULL,	NULL,	NULL,	NULL,	0,	0,	NULL,	NULL,	1,	NULL,	'2021-09-13 10:35:39',	'2021-09-13 10:35:39'),
(121,	121,	'Test',	NULL,	NULL,	NULL,	NULL,	NULL,	NULL,	0,	0,	NULL,	NULL,	1,	NULL,	'2021-09-17 12:06:25',	'2021-09-17 12:06:25'),
(122,	122,	'Wqferg',	NULL,	NULL,	NULL,	NULL,	NULL,	NULL,	0,	0,	NULL,	NULL,	1,	NULL,	'2021-09-17 12:17:47',	'2021-09-17 12:17:47'),
(123,	123,	'Test',	NULL,	NULL,	NULL,	NULL,	NULL,	NULL,	0,	0,	NULL,	NULL,	1,	NULL,	'2021-09-17 13:34:06',	'2021-09-17 13:34:06');

DROP TABLE IF EXISTS `user_location`;
CREATE TABLE `user_location` (
  `id` bigint(20) unsigned NOT NULL AUTO_INCREMENT,
  `user_id` int(11) NOT NULL,
  `job_id` bigint(20) unsigned NOT NULL,
  `latitude` varchar(255) COLLATE utf8mb4_unicode_ci NOT NULL,
  `longitude` varchar(255) COLLATE utf8mb4_unicode_ci NOT NULL,
  `created_at` timestamp NULL DEFAULT NULL,
  `updated_at` timestamp NULL DEFAULT NULL,
  PRIMARY KEY (`id`),
  KEY `job_id` (`job_id`),
  CONSTRAINT `user_location_ibfk_1` FOREIGN KEY (`job_id`) REFERENCES `jobs` (`id`) ON DELETE CASCADE
) ENGINE=InnoDB DEFAULT CHARSET=utf8mb4 COLLATE=utf8mb4_unicode_ci;

INSERT INTO `user_location` (`id`, `user_id`, `job_id`, `latitude`, `longitude`, `created_at`, `updated_at`) VALUES
(104,	108,	231,	'31.5203696',	'74.35874729999999',	'2021-09-02 18:43:48',	'2021-09-02 18:43:48'),
(105,	108,	232,	'33.6834522',	'72.9886954',	'2021-09-02 18:48:27',	'2021-09-02 18:48:27'),
(106,	108,	233,	'33.6834243',	'72.9887272',	'2021-09-02 18:51:51',	'2021-09-02 18:51:51'),
(107,	108,	235,	'33.6834348',	'72.9887167',	'2021-09-02 18:57:25',	'2021-09-02 18:57:25'),
(108,	110,	235,	'31.4955504',	'74.4067685',	'2021-09-02 19:01:18',	'2021-09-02 19:01:18'),
(109,	111,	234,	'33.683451',	'72.9887303',	'2021-09-02 19:01:34',	'2021-09-02 19:01:34'),
(110,	111,	233,	'33.6834094',	'72.9887211',	'2021-09-02 19:02:21',	'2021-09-02 19:02:21'),
(111,	112,	236,	'31.495551',	'74.4067665',	'2021-09-02 19:08:22',	'2021-09-02 19:08:22'),
(112,	113,	237,	'33.6834173',	'72.9887128',	'2021-09-02 19:26:17',	'2021-09-02 19:26:17'),
(113,	2,	242,	'37.33233141',	'-122.0312186',	'2021-09-02 21:25:46',	'2021-09-02 21:25:46'),
(114,	2,	239,	'31.4955464',	'74.4067683',	'2021-09-02 22:18:58',	'2021-09-02 22:18:58'),
(115,	119,	244,	'31.5203696',	'74.35874729999999',	'2021-09-03 19:19:17',	'2021-09-03 19:19:17'),
(116,	119,	243,	'31.5203696',	'74.35874729999999',	'2021-09-03 20:06:22',	'2021-09-03 20:06:22'),
(117,	2,	247,	'37.33233141',	'-122.0312186',	'2021-09-07 10:32:38',	'2021-09-07 10:32:38'),
(118,	2,	245,	'31.5144166',	'74.344761',	'2021-09-07 11:03:09',	'2021-09-07 11:03:09'),
(119,	2,	248,	'37.33233141',	'-122.0312186',	'2021-09-09 11:43:05',	'2021-09-09 11:43:05'),
(120,	2,	240,	'37.33233141',	'-122.0312186',	'2021-09-09 11:43:25',	'2021-09-09 11:43:25'),
(121,	120,	238,	'37.33233141',	'-122.0312186',	'2021-09-13 10:36:39',	'2021-09-13 10:36:39'),
(122,	3,	240,	'31.5150679',	'74.3436568',	'2021-09-13 10:45:54',	'2021-09-13 10:45:54'),
(123,	3,	248,	'31.5144173',	'74.3447547',	'2021-09-13 10:47:25',	'2021-09-13 10:47:25');

DROP TABLE IF EXISTS `user_ratings`;
CREATE TABLE `user_ratings` (
  `id` bigint(20) unsigned NOT NULL AUTO_INCREMENT,
  `user_id` int(11) NOT NULL,
  `rating_user_id` int(11) NOT NULL,
  `job_id` int(11) NOT NULL,
  `rating` varchar(255) COLLATE utf8mb4_unicode_ci DEFAULT NULL,
  `title` varchar(255) COLLATE utf8mb4_unicode_ci DEFAULT NULL,
  `description` varchar(255) COLLATE utf8mb4_unicode_ci DEFAULT NULL,
  `created_at` timestamp NULL DEFAULT NULL,
  `updated_at` timestamp NULL DEFAULT NULL,
  PRIMARY KEY (`id`)
) ENGINE=InnoDB DEFAULT CHARSET=utf8mb4 COLLATE=utf8mb4_unicode_ci;

INSERT INTO `user_ratings` (`id`, `user_id`, `rating_user_id`, `job_id`, `rating`, `title`, `description`, `created_at`, `updated_at`) VALUES
(1,	5,	6,	4,	'4',	'Test',	'Test Description',	'2021-04-08 10:39:38',	'2021-04-08 10:39:38'),
(2,	5,	6,	4,	'4',	'Test',	'Test Description',	'2021-04-08 10:39:52',	'2021-04-08 10:39:52'),
(3,	5,	6,	4,	'4',	NULL,	NULL,	'2021-04-08 10:40:44',	'2021-04-08 10:40:44'),
(4,	5,	6,	4,	'4',	'Test',	'Test Description',	'2021-04-08 10:40:50',	'2021-04-08 10:40:50'),
(5,	5,	6,	4,	'4',	NULL,	NULL,	'2021-04-08 17:59:57',	'2021-04-08 17:59:57'),
(6,	7,	3,	9,	'5',	NULL,	NULL,	'2021-04-12 14:18:33',	'2021-04-12 14:18:33'),
(7,	7,	3,	9,	'5',	NULL,	NULL,	'2021-04-12 14:21:22',	'2021-04-12 14:21:22'),
(8,	7,	3,	12,	'0',	NULL,	NULL,	'2021-04-16 13:01:06',	'2021-04-16 13:01:06'),
(9,	7,	3,	22,	'5',	NULL,	NULL,	'2021-04-21 11:03:20',	'2021-04-21 11:03:20'),
(10,	7,	3,	49,	'5',	NULL,	NULL,	'2021-06-07 12:30:38',	'2021-06-07 12:30:38'),
(11,	7,	3,	45,	'5',	NULL,	NULL,	'2021-06-08 16:14:06',	'2021-06-08 16:14:06'),
(12,	7,	3,	52,	'5',	NULL,	NULL,	'2021-06-08 16:58:30',	'2021-06-08 16:58:30'),
(13,	3,	3,	47,	'4',	NULL,	NULL,	'2021-06-08 18:11:19',	'2021-06-08 18:11:19'),
(14,	3,	3,	20,	'5',	NULL,	NULL,	'2021-06-11 17:40:40',	'2021-06-11 17:40:40'),
(15,	3,	3,	70,	'0',	NULL,	NULL,	'2021-06-15 12:08:39',	'2021-06-15 12:08:39'),
(16,	3,	3,	73,	'0',	NULL,	NULL,	'2021-06-16 09:44:18',	'2021-06-16 09:44:18'),
(17,	3,	3,	74,	'0',	NULL,	NULL,	'2021-06-16 09:47:34',	'2021-06-16 09:47:34'),
(18,	3,	3,	84,	'0',	NULL,	NULL,	'2021-06-16 16:09:24',	'2021-06-16 16:09:24'),
(19,	2,	3,	88,	'0',	NULL,	NULL,	'2021-06-16 19:49:43',	'2021-06-16 19:49:43'),
(20,	3,	3,	86,	'5',	NULL,	NULL,	'2021-06-17 17:03:07',	'2021-06-17 17:03:07'),
(21,	3,	3,	95,	'0',	NULL,	NULL,	'2021-06-17 17:43:11',	'2021-06-17 17:43:11'),
(22,	7,	3,	70,	'5',	NULL,	NULL,	'2021-06-17 18:27:31',	'2021-06-17 18:27:31'),
(23,	3,	3,	70,	'0',	NULL,	NULL,	'2021-06-17 18:39:10',	'2021-06-17 18:39:10'),
(24,	7,	3,	70,	'0',	NULL,	NULL,	'2021-06-17 18:54:14',	'2021-06-17 18:54:14'),
(25,	7,	3,	70,	'5',	NULL,	NULL,	'2021-06-17 18:57:09',	'2021-06-17 18:57:09'),
(26,	3,	3,	70,	'5',	NULL,	NULL,	'2021-06-17 18:57:12',	'2021-06-17 18:57:12'),
(27,	3,	3,	70,	'0',	NULL,	NULL,	'2021-06-17 18:59:52',	'2021-06-17 18:59:52'),
(28,	7,	3,	70,	'0',	NULL,	NULL,	'2021-06-17 18:59:53',	'2021-06-17 18:59:53'),
(29,	7,	3,	107,	'0',	NULL,	NULL,	'2021-06-18 15:22:50',	'2021-06-18 15:22:50'),
(30,	3,	3,	107,	'0',	NULL,	NULL,	'2021-06-18 15:22:52',	'2021-06-18 15:22:52'),
(31,	96,	3,	108,	'0',	NULL,	NULL,	'2021-06-18 15:46:28',	'2021-06-18 15:46:28'),
(32,	95,	3,	108,	'0',	NULL,	NULL,	'2021-06-18 15:46:30',	'2021-06-18 15:46:30'),
(33,	7,	3,	109,	'0',	NULL,	NULL,	'2021-06-18 17:16:31',	'2021-06-18 17:16:31'),
(34,	3,	3,	109,	'0',	NULL,	NULL,	'2021-06-18 17:16:33',	'2021-06-18 17:16:33'),
(35,	3,	3,	135,	'0',	NULL,	NULL,	'2021-06-22 15:51:54',	'2021-06-22 15:51:54'),
(36,	7,	3,	135,	'0',	NULL,	NULL,	'2021-06-22 15:51:56',	'2021-06-22 15:51:56'),
(37,	3,	3,	131,	'0',	NULL,	NULL,	'2021-06-22 15:55:13',	'2021-06-22 15:55:13'),
(38,	7,	3,	136,	'0',	NULL,	NULL,	'2021-06-22 16:19:08',	'2021-06-22 16:19:08'),
(39,	3,	3,	136,	'0',	NULL,	NULL,	'2021-06-22 16:19:16',	'2021-06-22 16:19:16'),
(40,	7,	3,	119,	'0',	NULL,	NULL,	'2021-06-22 16:25:04',	'2021-06-22 16:25:04'),
(41,	7,	3,	119,	'0',	NULL,	NULL,	'2021-06-22 16:26:28',	'2021-06-22 16:26:28'),
(42,	3,	3,	119,	'0',	NULL,	NULL,	'2021-06-22 16:26:30',	'2021-06-22 16:26:30'),
(43,	7,	3,	138,	'0',	NULL,	NULL,	'2021-06-22 17:19:09',	'2021-06-22 17:19:09'),
(44,	3,	3,	138,	'0',	NULL,	NULL,	'2021-06-22 17:19:11',	'2021-06-22 17:19:11'),
(45,	7,	3,	119,	'0',	NULL,	NULL,	'2021-06-24 16:54:45',	'2021-06-24 16:54:45'),
(46,	7,	3,	188,	'5',	NULL,	NULL,	'2021-08-26 12:32:38',	'2021-08-26 12:32:38'),
(47,	2,	3,	188,	'5',	NULL,	NULL,	'2021-08-26 12:32:40',	'2021-08-26 12:32:40'),
(48,	112,	3,	236,	'5',	NULL,	NULL,	'2021-09-02 19:15:22',	'2021-09-02 19:15:22'),
(49,	113,	3,	237,	'0',	NULL,	NULL,	'2021-09-02 19:30:12',	'2021-09-02 19:30:12'),
(50,	2,	3,	242,	'5',	'Super se',	NULL,	'2021-09-02 21:40:25',	'2021-09-02 21:40:25'),
(51,	114,	3,	242,	'0',	NULL,	NULL,	'2021-09-02 21:40:31',	'2021-09-02 21:40:31'),
(52,	119,	3,	244,	'0',	NULL,	NULL,	'2021-09-03 19:22:52',	'2021-09-03 19:22:52'),
(53,	119,	3,	243,	'5',	NULL,	NULL,	'2021-09-03 20:14:12',	'2021-09-03 20:14:12'),
(54,	7,	3,	248,	'0',	NULL,	NULL,	'2021-09-13 10:55:38',	'2021-09-13 10:55:38'),
(55,	7,	3,	245,	'5',	NULL,	NULL,	'2021-09-14 10:02:39',	'2021-09-14 10:02:39'),
(56,	7,	3,	248,	'0',	NULL,	NULL,	'2021-09-14 10:38:32',	'2021-09-14 10:38:32'),
(57,	7,	3,	248,	'5',	'Remote job',	'Goo work',	'2021-09-14 11:14:05',	'2021-09-14 11:14:05');

-- 2021-09-23 05:54:20
