-- Adminer 4.7.3 MySQL dump

SET NAMES utf8;
SET time_zone = '+00:00';
SET foreign_key_checks = 0;
SET sql_mode = 'NO_AUTO_VALUE_ON_ZERO';

SET NAMES utf8mb4;

DROP TABLE IF EXISTS `activities`;
CREATE TABLE `activities` (
  `id` bigint(20) unsigned NOT NULL AUTO_INCREMENT,
  `name` varchar(255) COLLATE utf8mb4_unicode_ci NOT NULL,
  `status` tinyint(1) NOT NULL DEFAULT 1,
  `created_at` timestamp NULL DEFAULT NULL,
  `updated_at` timestamp NULL DEFAULT NULL,
  PRIMARY KEY (`id`)
) ENGINE=InnoDB DEFAULT CHARSET=utf8mb4 COLLATE=utf8mb4_unicode_ci;

INSERT INTO `activities` (`id`, `name`, `status`, `created_at`, `updated_at`) VALUES
(1,	'Detect',	0,	'2021-03-29 07:14:36',	'2021-06-08 15:42:06'),
(2,	'Surface',	1,	'2021-03-29 07:14:36',	'2021-03-29 07:14:36'),
(3,	'Below Ground',	1,	'2021-03-29 07:14:36',	'2021-03-29 07:14:36'),
(4,	'Plunge',	1,	'2021-03-29 07:14:36',	'2021-03-29 07:14:36'),
(5,	'Remove/Replace',	1,	'2021-03-29 07:14:36',	'2021-03-29 07:14:36'),
(6,	'Wire',	1,	'2021-03-29 07:14:36',	'2021-03-29 07:14:36'),
(7,	'Pressure Release Valves',	1,	'2021-03-29 07:14:36',	'2021-03-29 07:14:36'),
(8,	'S Trap P Trap',	1,	'2021-03-29 07:14:36',	'2021-03-29 07:14:36'),
(9,	'Tighten Water Fittings And Horses\n                    ',	1,	'2021-03-29 07:14:36',	'2021-03-29 07:14:36'),
(10,	'Element',	1,	'2021-03-29 07:14:36',	'2021-04-01 03:32:36'),
(11,	'Container Itself Or Galvanized Pipe',	1,	'2021-03-29 07:14:36',	'2021-03-29 07:14:36'),
(12,	'Element And Electrical',	1,	'2021-03-29 07:14:36',	'2021-03-29 07:14:36'),
(13,	'Earth',	1,	'2021-06-07 10:09:58',	'2021-06-07 10:09:58'),
(14,	'Identify Faulty Appliances',	1,	'2021-06-07 10:12:00',	'2021-06-07 10:12:00'),
(15,	'Investigative',	1,	'2021-06-07 10:12:37',	'2021-06-07 10:12:37'),
(16,	'Consultative',	1,	'2021-06-07 10:12:57',	'2021-06-07 10:12:57'),
(17,	'Advisory',	1,	'2021-06-07 10:13:20',	'2021-06-07 10:13:20'),
(18,	'Design',	1,	'2021-06-07 10:50:33',	'2021-06-07 10:50:33'),
(19,	'Measure',	1,	'2021-06-07 10:50:52',	'2021-06-07 10:50:52'),
(20,	'Cut',	1,	'2021-06-07 10:51:01',	'2021-06-07 10:51:01'),
(21,	'Assemble',	1,	'2021-06-07 10:51:20',	'2021-06-07 10:51:20'),
(22,	'Power Trip',	1,	'2021-06-07 11:23:54',	'2021-06-07 11:23:54'),
(23,	'Defy Source',	1,	'2021-06-07 11:24:15',	'2021-06-07 11:24:15'),
(24,	'Pc Board',	1,	'2021-06-07 11:24:43',	'2021-06-07 11:24:43'),
(25,	'Motor',	1,	'2021-06-07 11:25:06',	'2021-06-07 11:25:06'),
(26,	'Elements',	1,	'2021-06-07 11:25:25',	'2021-06-07 11:25:25'),
(27,	'Compressor',	1,	'2021-06-07 11:25:43',	'2021-06-07 11:25:43'),
(28,	'test',	0,	'2021-06-07 19:06:05',	'2021-06-07 19:06:11');

DROP TABLE IF EXISTS `activities_question_option`;
CREATE TABLE `activities_question_option` (
  `id` bigint(20) unsigned NOT NULL AUTO_INCREMENT,
  `activity_id` int(10) unsigned NOT NULL,
  `q_o_id` int(10) unsigned NOT NULL,
  `created_at` timestamp NULL DEFAULT NULL,
  `updated_at` timestamp NULL DEFAULT NULL,
  PRIMARY KEY (`id`)
) ENGINE=InnoDB DEFAULT CHARSET=utf8mb4 COLLATE=utf8mb4_unicode_ci;

INSERT INTO `activities_question_option` (`id`, `activity_id`, `q_o_id`, `created_at`, `updated_at`) VALUES
(28,	1,	4,	'2021-06-04 13:53:54',	'2021-06-04 13:53:54'),
(29,	6,	4,	'2021-06-04 13:53:54',	'2021-06-04 13:53:54'),
(30,	9,	4,	'2021-06-04 13:53:54',	'2021-06-04 13:53:54'),
(144,	2,	1,	'2021-06-04 17:23:48',	'2021-06-04 17:23:48'),
(145,	3,	1,	'2021-06-04 17:23:48',	'2021-06-04 17:23:48'),
(146,	4,	1,	'2021-06-04 17:23:48',	'2021-06-04 17:23:48'),
(147,	5,	1,	'2021-06-04 17:23:48',	'2021-06-04 17:23:48'),
(148,	7,	1,	'2021-06-04 17:23:48',	'2021-06-04 17:23:48'),
(149,	8,	1,	'2021-06-04 17:23:48',	'2021-06-04 17:23:48'),
(150,	9,	1,	'2021-06-04 17:23:48',	'2021-06-04 17:23:48'),
(151,	11,	1,	'2021-06-04 17:23:48',	'2021-06-04 17:23:48'),
(152,	12,	1,	'2021-06-04 17:23:48',	'2021-06-04 17:23:48'),
(194,	13,	8,	'2021-06-07 10:24:53',	'2021-06-07 10:24:53'),
(195,	14,	8,	'2021-06-07 10:24:53',	'2021-06-07 10:24:53'),
(196,	13,	7,	'2021-06-07 10:25:04',	'2021-06-07 10:25:04'),
(197,	14,	7,	'2021-06-07 10:25:04',	'2021-06-07 10:25:04'),
(198,	13,	9,	'2021-06-07 10:29:07',	'2021-06-07 10:29:07'),
(199,	14,	9,	'2021-06-07 10:29:07',	'2021-06-07 10:29:07'),
(200,	13,	10,	'2021-06-07 10:30:14',	'2021-06-07 10:30:14'),
(201,	14,	10,	'2021-06-07 10:30:14',	'2021-06-07 10:30:14'),
(202,	13,	11,	'2021-06-07 10:33:30',	'2021-06-07 10:33:30'),
(203,	14,	11,	'2021-06-07 10:33:30',	'2021-06-07 10:33:30'),
(204,	13,	12,	'2021-06-07 10:35:32',	'2021-06-07 10:35:32'),
(205,	14,	12,	'2021-06-07 10:35:32',	'2021-06-07 10:35:32'),
(206,	13,	13,	'2021-06-07 10:36:44',	'2021-06-07 10:36:44'),
(207,	14,	13,	'2021-06-07 10:36:44',	'2021-06-07 10:36:44'),
(208,	13,	14,	'2021-06-07 10:40:19',	'2021-06-07 10:40:19'),
(209,	14,	14,	'2021-06-07 10:40:19',	'2021-06-07 10:40:19'),
(210,	13,	15,	'2021-06-07 10:41:36',	'2021-06-07 10:41:36'),
(211,	14,	15,	'2021-06-07 10:41:36',	'2021-06-07 10:41:36'),
(212,	13,	16,	'2021-06-07 10:43:08',	'2021-06-07 10:43:08'),
(213,	14,	16,	'2021-06-07 10:43:08',	'2021-06-07 10:43:08'),
(214,	13,	17,	'2021-06-07 10:44:22',	'2021-06-07 10:44:22'),
(215,	14,	17,	'2021-06-07 10:44:22',	'2021-06-07 10:44:22'),
(216,	13,	18,	'2021-06-07 10:45:43',	'2021-06-07 10:45:43'),
(217,	14,	18,	'2021-06-07 10:45:43',	'2021-06-07 10:45:43'),
(218,	13,	19,	'2021-06-07 10:47:57',	'2021-06-07 10:47:57'),
(219,	14,	19,	'2021-06-07 10:47:57',	'2021-06-07 10:47:57'),
(220,	15,	20,	'2021-06-07 10:49:31',	'2021-06-07 10:49:31'),
(221,	16,	20,	'2021-06-07 10:49:31',	'2021-06-07 10:49:31'),
(222,	17,	20,	'2021-06-07 10:49:31',	'2021-06-07 10:49:31'),
(223,	18,	21,	'2021-06-07 10:53:50',	'2021-06-07 10:53:50'),
(224,	19,	21,	'2021-06-07 10:53:50',	'2021-06-07 10:53:50'),
(225,	20,	21,	'2021-06-07 10:53:50',	'2021-06-07 10:53:50'),
(226,	21,	21,	'2021-06-07 10:53:50',	'2021-06-07 10:53:50'),
(227,	18,	22,	'2021-06-07 10:56:43',	'2021-06-07 10:56:43'),
(228,	19,	22,	'2021-06-07 10:56:43',	'2021-06-07 10:56:43'),
(229,	20,	22,	'2021-06-07 10:56:43',	'2021-06-07 10:56:43'),
(230,	21,	22,	'2021-06-07 10:56:43',	'2021-06-07 10:56:43'),
(231,	18,	23,	'2021-06-07 10:58:42',	'2021-06-07 10:58:42'),
(232,	19,	23,	'2021-06-07 10:58:42',	'2021-06-07 10:58:42'),
(233,	20,	23,	'2021-06-07 10:58:42',	'2021-06-07 10:58:42'),
(234,	21,	23,	'2021-06-07 10:58:42',	'2021-06-07 10:58:42'),
(235,	18,	24,	'2021-06-07 10:59:44',	'2021-06-07 10:59:44'),
(236,	19,	24,	'2021-06-07 10:59:44',	'2021-06-07 10:59:44'),
(237,	20,	24,	'2021-06-07 10:59:44',	'2021-06-07 10:59:44'),
(238,	21,	24,	'2021-06-07 10:59:44',	'2021-06-07 10:59:44'),
(239,	18,	25,	'2021-06-07 11:00:40',	'2021-06-07 11:00:40'),
(240,	19,	25,	'2021-06-07 11:00:40',	'2021-06-07 11:00:40'),
(241,	20,	25,	'2021-06-07 11:00:40',	'2021-06-07 11:00:40'),
(242,	21,	25,	'2021-06-07 11:00:40',	'2021-06-07 11:00:40'),
(243,	18,	26,	'2021-06-07 11:02:35',	'2021-06-07 11:02:35'),
(244,	19,	26,	'2021-06-07 11:02:35',	'2021-06-07 11:02:35'),
(245,	20,	26,	'2021-06-07 11:02:35',	'2021-06-07 11:02:35'),
(246,	21,	26,	'2021-06-07 11:02:35',	'2021-06-07 11:02:35'),
(247,	18,	27,	'2021-06-07 11:05:04',	'2021-06-07 11:05:04'),
(248,	19,	27,	'2021-06-07 11:05:04',	'2021-06-07 11:05:04'),
(249,	20,	27,	'2021-06-07 11:05:04',	'2021-06-07 11:05:04'),
(250,	21,	27,	'2021-06-07 11:05:04',	'2021-06-07 11:05:04'),
(251,	18,	28,	'2021-06-07 11:06:19',	'2021-06-07 11:06:19'),
(252,	19,	28,	'2021-06-07 11:06:19',	'2021-06-07 11:06:19'),
(253,	20,	28,	'2021-06-07 11:06:19',	'2021-06-07 11:06:19'),
(254,	21,	28,	'2021-06-07 11:06:19',	'2021-06-07 11:06:19'),
(255,	18,	29,	'2021-06-07 11:08:36',	'2021-06-07 11:08:36'),
(256,	19,	29,	'2021-06-07 11:08:36',	'2021-06-07 11:08:36'),
(257,	20,	29,	'2021-06-07 11:08:36',	'2021-06-07 11:08:36'),
(258,	21,	29,	'2021-06-07 11:08:36',	'2021-06-07 11:08:36'),
(259,	18,	30,	'2021-06-07 11:09:57',	'2021-06-07 11:09:57'),
(260,	19,	30,	'2021-06-07 11:09:57',	'2021-06-07 11:09:57'),
(261,	20,	30,	'2021-06-07 11:09:57',	'2021-06-07 11:09:57'),
(262,	21,	30,	'2021-06-07 11:09:57',	'2021-06-07 11:09:57'),
(263,	18,	31,	'2021-06-07 11:10:55',	'2021-06-07 11:10:55'),
(264,	19,	31,	'2021-06-07 11:10:55',	'2021-06-07 11:10:55'),
(265,	20,	31,	'2021-06-07 11:10:55',	'2021-06-07 11:10:55'),
(266,	21,	31,	'2021-06-07 11:10:55',	'2021-06-07 11:10:55'),
(267,	18,	32,	'2021-06-07 11:12:00',	'2021-06-07 11:12:00'),
(268,	19,	32,	'2021-06-07 11:12:00',	'2021-06-07 11:12:00'),
(269,	20,	32,	'2021-06-07 11:12:00',	'2021-06-07 11:12:00'),
(270,	21,	32,	'2021-06-07 11:12:00',	'2021-06-07 11:12:00'),
(271,	18,	33,	'2021-06-07 11:13:11',	'2021-06-07 11:13:11'),
(272,	19,	33,	'2021-06-07 11:13:11',	'2021-06-07 11:13:11'),
(273,	20,	33,	'2021-06-07 11:13:11',	'2021-06-07 11:13:11'),
(274,	21,	33,	'2021-06-07 11:13:11',	'2021-06-07 11:13:11'),
(275,	1,	34,	'2021-06-07 11:35:24',	'2021-06-07 11:35:24'),
(276,	2,	34,	'2021-06-07 11:35:24',	'2021-06-07 11:35:24'),
(279,	1,	36,	'2021-06-07 11:39:00',	'2021-06-07 11:39:00'),
(280,	2,	36,	'2021-06-07 11:39:00',	'2021-06-07 11:39:00'),
(281,	1,	35,	'2021-06-07 11:39:26',	'2021-06-07 11:39:26'),
(282,	3,	35,	'2021-06-07 11:39:26',	'2021-06-07 11:39:26'),
(283,	1,	37,	'2021-06-07 11:41:27',	'2021-06-07 11:41:27'),
(284,	3,	37,	'2021-06-07 11:41:27',	'2021-06-07 11:41:27'),
(285,	1,	38,	'2021-06-07 11:43:47',	'2021-06-07 11:43:47'),
(286,	2,	38,	'2021-06-07 11:43:47',	'2021-06-07 11:43:47'),
(287,	1,	39,	'2021-06-07 11:44:37',	'2021-06-07 11:44:37'),
(288,	3,	39,	'2021-06-07 11:44:37',	'2021-06-07 11:44:37'),
(289,	1,	40,	'2021-06-07 11:45:52',	'2021-06-07 11:45:52'),
(290,	2,	40,	'2021-06-07 11:45:52',	'2021-06-07 11:45:52'),
(291,	1,	41,	'2021-06-07 11:47:02',	'2021-06-07 11:47:02'),
(292,	3,	41,	'2021-06-07 11:47:02',	'2021-06-07 11:47:02'),
(293,	1,	42,	'2021-06-07 11:48:03',	'2021-06-07 11:48:03'),
(294,	2,	42,	'2021-06-07 11:48:03',	'2021-06-07 11:48:03'),
(295,	1,	43,	'2021-06-07 11:49:27',	'2021-06-07 11:49:27'),
(296,	3,	43,	'2021-06-07 11:49:27',	'2021-06-07 11:49:27'),
(300,	1,	45,	'2021-06-07 11:53:57',	'2021-06-07 11:53:57'),
(301,	5,	45,	'2021-06-07 11:53:57',	'2021-06-07 11:53:57'),
(302,	6,	45,	'2021-06-07 11:53:57',	'2021-06-07 11:53:57'),
(303,	4,	46,	'2021-06-07 11:55:22',	'2021-06-07 11:55:22'),
(304,	5,	46,	'2021-06-07 11:55:22',	'2021-06-07 11:55:22'),
(305,	6,	46,	'2021-06-07 11:55:22',	'2021-06-07 11:55:22'),
(306,	1,	47,	'2021-06-07 11:57:33',	'2021-06-07 11:57:33'),
(307,	5,	47,	'2021-06-07 11:57:33',	'2021-06-07 11:57:33'),
(308,	6,	47,	'2021-06-07 11:57:33',	'2021-06-07 11:57:33'),
(314,	1,	48,	'2021-06-07 12:05:33',	'2021-06-07 12:05:33'),
(315,	2,	48,	'2021-06-07 12:05:33',	'2021-06-07 12:05:33'),
(316,	1,	49,	'2021-06-07 12:05:54',	'2021-06-07 12:05:54'),
(317,	3,	49,	'2021-06-07 12:05:54',	'2021-06-07 12:05:54'),
(318,	6,	50,	'2021-06-07 12:06:25',	'2021-06-07 12:06:25'),
(334,	1,	56,	'2021-06-07 12:16:15',	'2021-06-07 12:16:15'),
(335,	5,	56,	'2021-06-07 12:16:15',	'2021-06-07 12:16:15'),
(336,	6,	56,	'2021-06-07 12:16:15',	'2021-06-07 12:16:15'),
(337,	1,	55,	'2021-06-07 12:16:35',	'2021-06-07 12:16:35'),
(338,	5,	55,	'2021-06-07 12:16:35',	'2021-06-07 12:16:35'),
(339,	1,	54,	'2021-06-07 12:16:56',	'2021-06-07 12:16:56'),
(340,	5,	54,	'2021-06-07 12:16:56',	'2021-06-07 12:16:56'),
(341,	6,	54,	'2021-06-07 12:16:56',	'2021-06-07 12:16:56'),
(342,	1,	53,	'2021-06-07 12:17:25',	'2021-06-07 12:17:25'),
(343,	5,	53,	'2021-06-07 12:17:25',	'2021-06-07 12:17:25'),
(344,	6,	53,	'2021-06-07 12:17:25',	'2021-06-07 12:17:25'),
(345,	8,	52,	'2021-06-07 12:17:53',	'2021-06-07 12:17:53'),
(346,	1,	51,	'2021-06-07 12:18:16',	'2021-06-07 12:18:16'),
(347,	5,	51,	'2021-06-07 12:18:16',	'2021-06-07 12:18:16'),
(348,	6,	51,	'2021-06-07 12:18:16',	'2021-06-07 12:18:16'),
(352,	1,	57,	'2021-06-07 12:20:20',	'2021-06-07 12:20:20'),
(353,	5,	57,	'2021-06-07 12:20:20',	'2021-06-07 12:20:20'),
(354,	6,	57,	'2021-06-07 12:20:20',	'2021-06-07 12:20:20'),
(358,	1,	58,	'2021-06-07 12:22:11',	'2021-06-07 12:22:11'),
(359,	4,	58,	'2021-06-07 12:22:11',	'2021-06-07 12:22:11'),
(360,	5,	58,	'2021-06-07 12:22:11',	'2021-06-07 12:22:11'),
(361,	1,	59,	'2021-06-07 12:23:38',	'2021-06-07 12:23:38'),
(362,	4,	59,	'2021-06-07 12:23:38',	'2021-06-07 12:23:38'),
(363,	5,	59,	'2021-06-07 12:23:38',	'2021-06-07 12:23:38'),
(367,	1,	60,	'2021-06-07 12:26:31',	'2021-06-07 12:26:31'),
(368,	5,	60,	'2021-06-07 12:26:31',	'2021-06-07 12:26:31'),
(369,	6,	60,	'2021-06-07 12:26:31',	'2021-06-07 12:26:31'),
(370,	7,	61,	'2021-06-07 12:28:29',	'2021-06-07 12:28:29'),
(371,	7,	62,	'2021-06-07 12:30:04',	'2021-06-07 12:30:04'),
(372,	1,	63,	'2021-06-07 12:31:46',	'2021-06-07 12:31:46'),
(373,	5,	63,	'2021-06-07 12:31:46',	'2021-06-07 12:31:46'),
(374,	6,	63,	'2021-06-07 12:31:46',	'2021-06-07 12:31:46'),
(375,	1,	64,	'2021-06-07 12:33:00',	'2021-06-07 12:33:00'),
(376,	5,	64,	'2021-06-07 12:33:00',	'2021-06-07 12:33:00'),
(377,	6,	64,	'2021-06-07 12:33:00',	'2021-06-07 12:33:00'),
(378,	1,	65,	'2021-06-07 12:33:55',	'2021-06-07 12:33:55'),
(379,	5,	65,	'2021-06-07 12:33:55',	'2021-06-07 12:33:55'),
(380,	6,	65,	'2021-06-07 12:33:55',	'2021-06-07 12:33:55'),
(381,	1,	66,	'2021-06-07 13:24:25',	'2021-06-07 13:24:25'),
(382,	4,	66,	'2021-06-07 13:24:25',	'2021-06-07 13:24:25'),
(383,	5,	66,	'2021-06-07 13:24:25',	'2021-06-07 13:24:25'),
(384,	1,	67,	'2021-06-07 13:25:37',	'2021-06-07 13:25:37'),
(385,	5,	67,	'2021-06-07 13:25:37',	'2021-06-07 13:25:37'),
(386,	6,	67,	'2021-06-07 13:25:37',	'2021-06-07 13:25:37'),
(387,	1,	68,	'2021-06-07 13:27:50',	'2021-06-07 13:27:50'),
(388,	4,	68,	'2021-06-07 13:27:50',	'2021-06-07 13:27:50'),
(389,	5,	68,	'2021-06-07 13:27:50',	'2021-06-07 13:27:50'),
(390,	1,	69,	'2021-06-07 13:30:26',	'2021-06-07 13:30:26'),
(391,	5,	69,	'2021-06-07 13:30:26',	'2021-06-07 13:30:26'),
(392,	6,	69,	'2021-06-07 13:30:26',	'2021-06-07 13:30:26'),
(393,	1,	70,	'2021-06-07 13:31:35',	'2021-06-07 13:31:35'),
(394,	5,	70,	'2021-06-07 13:31:35',	'2021-06-07 13:31:35'),
(395,	6,	70,	'2021-06-07 13:31:35',	'2021-06-07 13:31:35'),
(397,	6,	71,	'2021-06-07 13:33:14',	'2021-06-07 13:33:14'),
(398,	1,	72,	'2021-06-07 13:34:36',	'2021-06-07 13:34:36'),
(399,	5,	72,	'2021-06-07 13:34:36',	'2021-06-07 13:34:36'),
(400,	6,	72,	'2021-06-07 13:34:36',	'2021-06-07 13:34:36'),
(404,	1,	74,	'2021-06-07 13:36:34',	'2021-06-07 13:36:34'),
(405,	5,	74,	'2021-06-07 13:36:34',	'2021-06-07 13:36:34'),
(406,	6,	74,	'2021-06-07 13:36:34',	'2021-06-07 13:36:34'),
(407,	1,	73,	'2021-06-07 13:37:13',	'2021-06-07 13:37:13'),
(408,	5,	73,	'2021-06-07 13:37:13',	'2021-06-07 13:37:13'),
(409,	6,	73,	'2021-06-07 13:37:13',	'2021-06-07 13:37:13'),
(410,	9,	75,	'2021-06-07 13:39:51',	'2021-06-07 13:39:51'),
(411,	9,	76,	'2021-06-07 13:41:04',	'2021-06-07 13:41:04'),
(412,	9,	77,	'2021-06-07 13:42:00',	'2021-06-07 13:42:00'),
(413,	10,	78,	'2021-06-07 13:45:52',	'2021-06-07 13:45:52'),
(414,	1,	79,	'2021-06-07 13:48:04',	'2021-06-07 13:48:04'),
(415,	5,	79,	'2021-06-07 13:48:04',	'2021-06-07 13:48:04'),
(416,	6,	79,	'2021-06-07 13:48:04',	'2021-06-07 13:48:04'),
(418,	11,	81,	'2021-06-07 13:50:20',	'2021-06-07 13:50:20'),
(421,	12,	84,	'2021-06-07 13:54:38',	'2021-06-07 13:54:38'),
(422,	11,	80,	'2021-06-07 13:55:07',	'2021-06-07 13:55:07'),
(423,	12,	82,	'2021-06-07 13:55:37',	'2021-06-07 13:55:37'),
(424,	11,	83,	'2021-06-07 13:56:03',	'2021-06-07 13:56:03'),
(425,	1,	85,	'2021-06-07 13:58:21',	'2021-06-07 13:58:21'),
(426,	5,	85,	'2021-06-07 13:58:21',	'2021-06-07 13:58:21'),
(427,	1,	86,	'2021-06-07 13:59:10',	'2021-06-07 13:59:10'),
(428,	5,	86,	'2021-06-07 13:59:10',	'2021-06-07 13:59:10'),
(429,	6,	86,	'2021-06-07 13:59:10',	'2021-06-07 13:59:10'),
(433,	1,	88,	'2021-06-07 14:01:10',	'2021-06-07 14:01:10'),
(434,	5,	88,	'2021-06-07 14:01:10',	'2021-06-07 14:01:10'),
(435,	6,	88,	'2021-06-07 14:01:10',	'2021-06-07 14:01:10'),
(436,	1,	89,	'2021-06-07 14:02:14',	'2021-06-07 14:02:14'),
(437,	5,	89,	'2021-06-07 14:02:14',	'2021-06-07 14:02:14'),
(438,	6,	89,	'2021-06-07 14:02:14',	'2021-06-07 14:02:14'),
(439,	1,	90,	'2021-06-07 14:03:03',	'2021-06-07 14:03:03'),
(440,	5,	90,	'2021-06-07 14:03:03',	'2021-06-07 14:03:03'),
(441,	6,	90,	'2021-06-07 14:03:03',	'2021-06-07 14:03:03'),
(442,	1,	91,	'2021-06-07 14:04:10',	'2021-06-07 14:04:10'),
(443,	2,	91,	'2021-06-07 14:04:10',	'2021-06-07 14:04:10'),
(444,	5,	91,	'2021-06-07 14:04:10',	'2021-06-07 14:04:10'),
(445,	1,	87,	'2021-06-07 14:04:38',	'2021-06-07 14:04:38'),
(446,	5,	87,	'2021-06-07 14:04:38',	'2021-06-07 14:04:38'),
(447,	6,	87,	'2021-06-07 14:04:38',	'2021-06-07 14:04:38'),
(448,	1,	92,	'2021-06-07 14:12:27',	'2021-06-07 14:12:27'),
(449,	5,	92,	'2021-06-07 14:12:27',	'2021-06-07 14:12:27'),
(450,	1,	93,	'2021-06-07 14:13:42',	'2021-06-07 14:13:42'),
(451,	5,	93,	'2021-06-07 14:13:42',	'2021-06-07 14:13:42'),
(452,	1,	94,	'2021-06-07 14:14:38',	'2021-06-07 14:14:38'),
(453,	5,	94,	'2021-06-07 14:14:38',	'2021-06-07 14:14:38'),
(454,	1,	95,	'2021-06-07 14:15:29',	'2021-06-07 14:15:29'),
(455,	5,	95,	'2021-06-07 14:15:29',	'2021-06-07 14:15:29'),
(456,	1,	96,	'2021-06-07 14:16:37',	'2021-06-07 14:16:37'),
(457,	5,	96,	'2021-06-07 14:16:37',	'2021-06-07 14:16:37'),
(458,	1,	97,	'2021-06-07 14:17:47',	'2021-06-07 14:17:47'),
(459,	5,	97,	'2021-06-07 14:17:47',	'2021-06-07 14:17:47'),
(460,	1,	98,	'2021-06-07 14:18:38',	'2021-06-07 14:18:38'),
(461,	5,	98,	'2021-06-07 14:18:38',	'2021-06-07 14:18:38'),
(462,	1,	99,	'2021-06-07 14:19:41',	'2021-06-07 14:19:41'),
(463,	5,	99,	'2021-06-07 14:19:41',	'2021-06-07 14:19:41'),
(464,	22,	100,	'2021-06-07 14:25:38',	'2021-06-07 14:25:38'),
(465,	23,	100,	'2021-06-07 14:25:38',	'2021-06-07 14:25:38'),
(466,	24,	100,	'2021-06-07 14:25:38',	'2021-06-07 14:25:38'),
(467,	24,	101,	'2021-06-07 14:26:54',	'2021-06-07 14:26:54'),
(468,	25,	101,	'2021-06-07 14:26:54',	'2021-06-07 14:26:54'),
(469,	27,	102,	'2021-06-07 14:27:55',	'2021-06-07 14:27:55'),
(470,	26,	103,	'2021-06-07 14:29:16',	'2021-06-07 14:29:16'),
(471,	26,	104,	'2021-06-07 14:30:06',	'2021-06-07 14:30:06'),
(474,	25,	106,	'2021-06-07 14:31:29',	'2021-06-07 14:31:29'),
(475,	26,	107,	'2021-06-07 14:32:32',	'2021-06-07 14:32:32'),
(476,	26,	108,	'2021-06-07 14:33:16',	'2021-06-07 14:33:16'),
(479,	1,	109,	'2021-06-07 14:39:00',	'2021-06-07 14:39:00'),
(480,	5,	109,	'2021-06-07 14:39:00',	'2021-06-07 14:39:00'),
(483,	4,	105,	'2021-06-08 10:20:17',	'2021-06-08 10:20:17'),
(486,	4,	44,	'2021-08-27 17:13:48',	'2021-08-27 17:13:48'),
(487,	5,	44,	'2021-08-27 17:13:48',	'2021-08-27 17:13:48');

DROP TABLE IF EXISTS `classification`;
CREATE TABLE `classification` (
  `id` bigint(20) unsigned NOT NULL AUTO_INCREMENT,
  `name` varchar(255) COLLATE utf8mb4_unicode_ci NOT NULL,
  `status` tinyint(1) NOT NULL DEFAULT 1,
  `created_at` timestamp NULL DEFAULT NULL,
  `updated_at` timestamp NULL DEFAULT NULL,
  PRIMARY KEY (`id`)
) ENGINE=InnoDB DEFAULT CHARSET=utf8mb4 COLLATE=utf8mb4_unicode_ci;

INSERT INTO `classification` (`id`, `name`, `status`, `created_at`, `updated_at`) VALUES
(1,	'Simplex',	1,	'2021-03-29 07:14:36',	'2021-06-07 15:26:40'),
(2,	'Complex',	1,	'2021-03-29 07:14:36',	'2021-04-01 03:32:18');

DROP TABLE IF EXISTS `classification_question_option`;
CREATE TABLE `classification_question_option` (
  `id` bigint(20) unsigned NOT NULL AUTO_INCREMENT,
  `classification_id` int(10) unsigned NOT NULL,
  `q_o_id` int(10) unsigned NOT NULL,
  `created_at` timestamp NULL DEFAULT NULL,
  `updated_at` timestamp NULL DEFAULT NULL,
  PRIMARY KEY (`id`)
) ENGINE=InnoDB DEFAULT CHARSET=utf8mb4 COLLATE=utf8mb4_unicode_ci;

INSERT INTO `classification_question_option` (`id`, `classification_id`, `q_o_id`, `created_at`, `updated_at`) VALUES
(6,	1,	4,	'2021-06-04 13:53:54',	'2021-06-04 13:53:54'),
(22,	1,	1,	'2021-06-04 17:23:48',	'2021-06-04 17:23:48'),
(32,	1,	8,	'2021-06-07 10:24:53',	'2021-06-07 10:24:53'),
(33,	1,	7,	'2021-06-07 10:25:04',	'2021-06-07 10:25:04'),
(34,	1,	9,	'2021-06-07 10:29:07',	'2021-06-07 10:29:07'),
(35,	1,	10,	'2021-06-07 10:30:14',	'2021-06-07 10:30:14'),
(36,	1,	11,	'2021-06-07 10:33:30',	'2021-06-07 10:33:30'),
(37,	1,	12,	'2021-06-07 10:35:32',	'2021-06-07 10:35:32'),
(38,	1,	13,	'2021-06-07 10:36:44',	'2021-06-07 10:36:44'),
(39,	1,	14,	'2021-06-07 10:40:19',	'2021-06-07 10:40:19'),
(40,	1,	15,	'2021-06-07 10:41:36',	'2021-06-07 10:41:36'),
(41,	1,	16,	'2021-06-07 10:43:08',	'2021-06-07 10:43:08'),
(42,	1,	17,	'2021-06-07 10:44:22',	'2021-06-07 10:44:22'),
(43,	2,	18,	'2021-06-07 10:45:43',	'2021-06-07 10:45:43'),
(44,	1,	19,	'2021-06-07 10:47:57',	'2021-06-07 10:47:57'),
(45,	2,	20,	'2021-06-07 10:49:31',	'2021-06-07 10:49:31'),
(46,	1,	21,	'2021-06-07 10:53:50',	'2021-06-07 10:53:50'),
(47,	1,	22,	'2021-06-07 10:56:43',	'2021-06-07 10:56:43'),
(48,	1,	23,	'2021-06-07 10:58:42',	'2021-06-07 10:58:42'),
(49,	1,	24,	'2021-06-07 10:59:44',	'2021-06-07 10:59:44'),
(50,	1,	25,	'2021-06-07 11:00:40',	'2021-06-07 11:00:40'),
(51,	1,	26,	'2021-06-07 11:02:35',	'2021-06-07 11:02:35'),
(52,	1,	27,	'2021-06-07 11:05:04',	'2021-06-07 11:05:04'),
(53,	1,	28,	'2021-06-07 11:06:19',	'2021-06-07 11:06:19'),
(54,	1,	29,	'2021-06-07 11:08:36',	'2021-06-07 11:08:36'),
(55,	1,	30,	'2021-06-07 11:09:57',	'2021-06-07 11:09:57'),
(56,	1,	31,	'2021-06-07 11:10:55',	'2021-06-07 11:10:55'),
(57,	1,	32,	'2021-06-07 11:12:00',	'2021-06-07 11:12:00'),
(58,	1,	33,	'2021-06-07 11:13:11',	'2021-06-07 11:13:11'),
(59,	1,	34,	'2021-06-07 11:35:24',	'2021-06-07 11:35:24'),
(61,	1,	36,	'2021-06-07 11:39:00',	'2021-06-07 11:39:00'),
(62,	2,	35,	'2021-06-07 11:39:26',	'2021-06-07 11:39:26'),
(63,	2,	37,	'2021-06-07 11:41:27',	'2021-06-07 11:41:27'),
(64,	1,	38,	'2021-06-07 11:43:47',	'2021-06-07 11:43:47'),
(65,	2,	39,	'2021-06-07 11:44:37',	'2021-06-07 11:44:37'),
(66,	1,	40,	'2021-06-07 11:45:52',	'2021-06-07 11:45:52'),
(67,	2,	41,	'2021-06-07 11:47:02',	'2021-06-07 11:47:02'),
(68,	1,	42,	'2021-06-07 11:48:03',	'2021-06-07 11:48:03'),
(69,	2,	43,	'2021-06-07 11:49:27',	'2021-06-07 11:49:27'),
(71,	2,	45,	'2021-06-07 11:53:57',	'2021-06-07 11:53:57'),
(72,	1,	46,	'2021-06-07 11:55:22',	'2021-06-07 11:55:22'),
(73,	2,	47,	'2021-06-07 11:57:33',	'2021-06-07 11:57:33'),
(77,	1,	48,	'2021-06-07 12:05:33',	'2021-06-07 12:05:33'),
(78,	2,	49,	'2021-06-07 12:05:54',	'2021-06-07 12:05:54'),
(79,	1,	50,	'2021-06-07 12:06:25',	'2021-06-07 12:06:25'),
(86,	1,	56,	'2021-06-07 12:16:15',	'2021-06-07 12:16:15'),
(87,	2,	55,	'2021-06-07 12:16:35',	'2021-06-07 12:16:35'),
(88,	1,	54,	'2021-06-07 12:16:56',	'2021-06-07 12:16:56'),
(89,	2,	53,	'2021-06-07 12:17:25',	'2021-06-07 12:17:25'),
(90,	1,	52,	'2021-06-07 12:17:53',	'2021-06-07 12:17:53'),
(91,	2,	51,	'2021-06-07 12:18:16',	'2021-06-07 12:18:16'),
(93,	2,	57,	'2021-06-07 12:20:20',	'2021-06-07 12:20:20'),
(95,	1,	58,	'2021-06-07 12:22:11',	'2021-06-07 12:22:11'),
(96,	1,	59,	'2021-06-07 12:23:38',	'2021-06-07 12:23:38'),
(98,	1,	60,	'2021-06-07 12:26:31',	'2021-06-07 12:26:31'),
(99,	1,	61,	'2021-06-07 12:28:29',	'2021-06-07 12:28:29'),
(100,	1,	62,	'2021-06-07 12:30:04',	'2021-06-07 12:30:04'),
(101,	1,	63,	'2021-06-07 12:31:46',	'2021-06-07 12:31:46'),
(102,	1,	64,	'2021-06-07 12:33:00',	'2021-06-07 12:33:00'),
(103,	1,	65,	'2021-06-07 12:33:55',	'2021-06-07 12:33:55'),
(104,	1,	66,	'2021-06-07 13:24:25',	'2021-06-07 13:24:25'),
(105,	2,	67,	'2021-06-07 13:25:37',	'2021-06-07 13:25:37'),
(106,	1,	68,	'2021-06-07 13:27:50',	'2021-06-07 13:27:50'),
(107,	1,	69,	'2021-06-07 13:30:26',	'2021-06-07 13:30:26'),
(108,	1,	70,	'2021-06-07 13:31:35',	'2021-06-07 13:31:35'),
(110,	1,	71,	'2021-06-07 13:33:14',	'2021-06-07 13:33:14'),
(111,	1,	72,	'2021-06-07 13:34:36',	'2021-06-07 13:34:36'),
(113,	1,	74,	'2021-06-07 13:36:34',	'2021-06-07 13:36:34'),
(114,	1,	73,	'2021-06-07 13:37:13',	'2021-06-07 13:37:13'),
(115,	1,	75,	'2021-06-07 13:39:51',	'2021-06-07 13:39:51'),
(116,	1,	76,	'2021-06-07 13:41:04',	'2021-06-07 13:41:04'),
(117,	1,	77,	'2021-06-07 13:42:00',	'2021-06-07 13:42:00'),
(118,	2,	78,	'2021-06-07 13:45:52',	'2021-06-07 13:45:52'),
(119,	2,	79,	'2021-06-07 13:48:04',	'2021-06-07 13:48:04'),
(121,	2,	81,	'2021-06-07 13:50:20',	'2021-06-07 13:50:20'),
(124,	2,	84,	'2021-06-07 13:54:38',	'2021-06-07 13:54:38'),
(125,	2,	80,	'2021-06-07 13:55:07',	'2021-06-07 13:55:07'),
(126,	2,	82,	'2021-06-07 13:55:37',	'2021-06-07 13:55:37'),
(127,	2,	83,	'2021-06-07 13:56:03',	'2021-06-07 13:56:03'),
(128,	1,	85,	'2021-06-07 13:58:21',	'2021-06-07 13:58:21'),
(129,	1,	86,	'2021-06-07 13:59:10',	'2021-06-07 13:59:10'),
(131,	1,	88,	'2021-06-07 14:01:10',	'2021-06-07 14:01:10'),
(132,	1,	89,	'2021-06-07 14:02:14',	'2021-06-07 14:02:14'),
(133,	1,	90,	'2021-06-07 14:03:03',	'2021-06-07 14:03:03'),
(134,	1,	91,	'2021-06-07 14:04:10',	'2021-06-07 14:04:10'),
(135,	1,	87,	'2021-06-07 14:04:38',	'2021-06-07 14:04:38'),
(136,	1,	92,	'2021-06-07 14:12:27',	'2021-06-07 14:12:27'),
(137,	1,	93,	'2021-06-07 14:13:42',	'2021-06-07 14:13:42'),
(138,	1,	94,	'2021-06-07 14:14:38',	'2021-06-07 14:14:38'),
(139,	1,	95,	'2021-06-07 14:15:29',	'2021-06-07 14:15:29'),
(140,	2,	96,	'2021-06-07 14:16:37',	'2021-06-07 14:16:37'),
(141,	2,	97,	'2021-06-07 14:17:47',	'2021-06-07 14:17:47'),
(142,	1,	98,	'2021-06-07 14:18:38',	'2021-06-07 14:18:38'),
(143,	2,	99,	'2021-06-07 14:19:41',	'2021-06-07 14:19:41'),
(144,	2,	100,	'2021-06-07 14:25:38',	'2021-06-07 14:25:38'),
(145,	1,	101,	'2021-06-07 14:26:54',	'2021-06-07 14:26:54'),
(146,	1,	102,	'2021-06-07 14:27:55',	'2021-06-07 14:27:55'),
(147,	1,	103,	'2021-06-07 14:29:16',	'2021-06-07 14:29:16'),
(148,	1,	104,	'2021-06-07 14:30:06',	'2021-06-07 14:30:06'),
(151,	1,	106,	'2021-06-07 14:31:29',	'2021-06-07 14:31:29'),
(152,	1,	107,	'2021-06-07 14:32:32',	'2021-06-07 14:32:32'),
(153,	1,	108,	'2021-06-07 14:33:16',	'2021-06-07 14:33:16'),
(156,	1,	109,	'2021-06-07 14:39:00',	'2021-06-07 14:39:00'),
(161,	1,	105,	'2021-06-08 10:20:17',	'2021-06-08 10:20:17'),
(162,	2,	105,	'2021-06-08 10:20:17',	'2021-06-08 10:20:17'),
(164,	1,	44,	'2021-08-27 17:13:48',	'2021-08-27 17:13:48');

DROP TABLE IF EXISTS `country`;
CREATE TABLE `country` (
  `id` int(11) NOT NULL AUTO_INCREMENT,
  `name` longtext COLLATE utf8_unicode_ci NOT NULL,
  `status` tinyint(1) DEFAULT 1,
  `updated_at` datetime NOT NULL,
  `created_at` datetime NOT NULL,
  PRIMARY KEY (`id`)
) ENGINE=MyISAM DEFAULT CHARSET=utf8 COLLATE=utf8_unicode_ci;

INSERT INTO `country` (`id`, `name`, `status`, `updated_at`, `created_at`) VALUES
(1,	'Afghanistan',	1,	'0000-00-00 00:00:00',	'0000-00-00 00:00:00'),
(2,	'Albania',	1,	'0000-00-00 00:00:00',	'0000-00-00 00:00:00'),
(3,	'Algeria',	1,	'0000-00-00 00:00:00',	'0000-00-00 00:00:00'),
(4,	'Andorra',	1,	'0000-00-00 00:00:00',	'0000-00-00 00:00:00'),
(5,	'Angola',	1,	'0000-00-00 00:00:00',	'0000-00-00 00:00:00'),
(6,	'Antigua and Barbuda',	1,	'0000-00-00 00:00:00',	'0000-00-00 00:00:00'),
(7,	'Argentina',	1,	'0000-00-00 00:00:00',	'0000-00-00 00:00:00'),
(8,	'Armenia',	1,	'0000-00-00 00:00:00',	'0000-00-00 00:00:00'),
(9,	'Australia',	1,	'0000-00-00 00:00:00',	'0000-00-00 00:00:00'),
(10,	'Austria',	1,	'0000-00-00 00:00:00',	'0000-00-00 00:00:00'),
(11,	'Azerbaijan',	1,	'0000-00-00 00:00:00',	'0000-00-00 00:00:00'),
(12,	'Bahamas, The',	1,	'0000-00-00 00:00:00',	'0000-00-00 00:00:00'),
(13,	'Bahrain',	1,	'0000-00-00 00:00:00',	'0000-00-00 00:00:00'),
(14,	'Bangladesh',	1,	'0000-00-00 00:00:00',	'0000-00-00 00:00:00'),
(15,	'Barbados',	1,	'0000-00-00 00:00:00',	'0000-00-00 00:00:00'),
(16,	'Belarus',	1,	'0000-00-00 00:00:00',	'0000-00-00 00:00:00'),
(17,	'Belgium',	1,	'0000-00-00 00:00:00',	'0000-00-00 00:00:00'),
(18,	'Belize',	1,	'0000-00-00 00:00:00',	'0000-00-00 00:00:00'),
(19,	'Benin',	1,	'0000-00-00 00:00:00',	'0000-00-00 00:00:00'),
(20,	'Bhutan',	1,	'0000-00-00 00:00:00',	'0000-00-00 00:00:00'),
(21,	'Bolivia',	1,	'0000-00-00 00:00:00',	'0000-00-00 00:00:00'),
(22,	'Bosnia and Herzegovina',	1,	'0000-00-00 00:00:00',	'0000-00-00 00:00:00'),
(23,	'Botswana',	1,	'0000-00-00 00:00:00',	'0000-00-00 00:00:00'),
(24,	'Brazil',	1,	'0000-00-00 00:00:00',	'0000-00-00 00:00:00'),
(25,	'Brunei',	1,	'0000-00-00 00:00:00',	'0000-00-00 00:00:00'),
(26,	'Bulgaria',	1,	'0000-00-00 00:00:00',	'0000-00-00 00:00:00'),
(27,	'Burkina Faso',	1,	'0000-00-00 00:00:00',	'0000-00-00 00:00:00'),
(28,	'Burma',	1,	'0000-00-00 00:00:00',	'0000-00-00 00:00:00'),
(29,	'Burundi',	1,	'0000-00-00 00:00:00',	'0000-00-00 00:00:00'),
(30,	'Cambodia',	1,	'0000-00-00 00:00:00',	'0000-00-00 00:00:00'),
(31,	'Cameroon',	1,	'0000-00-00 00:00:00',	'0000-00-00 00:00:00'),
(32,	'Canada',	1,	'0000-00-00 00:00:00',	'0000-00-00 00:00:00'),
(33,	'Cape Verde',	1,	'0000-00-00 00:00:00',	'0000-00-00 00:00:00'),
(34,	'Central Africa',	1,	'0000-00-00 00:00:00',	'0000-00-00 00:00:00'),
(35,	'Chad',	1,	'0000-00-00 00:00:00',	'0000-00-00 00:00:00'),
(36,	'Chile',	1,	'0000-00-00 00:00:00',	'0000-00-00 00:00:00'),
(37,	'China',	1,	'0000-00-00 00:00:00',	'0000-00-00 00:00:00'),
(38,	'Colombia',	1,	'0000-00-00 00:00:00',	'0000-00-00 00:00:00'),
(39,	'Comoros',	1,	'0000-00-00 00:00:00',	'0000-00-00 00:00:00'),
(40,	'Congo, Democratic Republic of the',	1,	'0000-00-00 00:00:00',	'0000-00-00 00:00:00'),
(41,	'Costa Rica',	1,	'0000-00-00 00:00:00',	'0000-00-00 00:00:00'),
(42,	'Cote dIvoire',	1,	'0000-00-00 00:00:00',	'0000-00-00 00:00:00'),
(43,	'Crete',	1,	'0000-00-00 00:00:00',	'0000-00-00 00:00:00'),
(44,	'Croatia',	1,	'0000-00-00 00:00:00',	'0000-00-00 00:00:00'),
(45,	'Cuba',	1,	'0000-00-00 00:00:00',	'0000-00-00 00:00:00'),
(46,	'Cyprus',	1,	'0000-00-00 00:00:00',	'0000-00-00 00:00:00'),
(47,	'Czech Republic',	1,	'0000-00-00 00:00:00',	'0000-00-00 00:00:00'),
(48,	'Denmark',	1,	'0000-00-00 00:00:00',	'0000-00-00 00:00:00'),
(49,	'Djibouti',	1,	'0000-00-00 00:00:00',	'0000-00-00 00:00:00'),
(50,	'Dominican Republic',	1,	'0000-00-00 00:00:00',	'0000-00-00 00:00:00'),
(51,	'East Timor',	1,	'0000-00-00 00:00:00',	'0000-00-00 00:00:00'),
(52,	'Ecuador',	1,	'0000-00-00 00:00:00',	'0000-00-00 00:00:00'),
(53,	'Egypt',	1,	'0000-00-00 00:00:00',	'0000-00-00 00:00:00'),
(54,	'El Salvador',	1,	'0000-00-00 00:00:00',	'0000-00-00 00:00:00'),
(55,	'Equatorial Guinea',	1,	'0000-00-00 00:00:00',	'0000-00-00 00:00:00'),
(56,	'Eritrea',	1,	'0000-00-00 00:00:00',	'0000-00-00 00:00:00'),
(57,	'Estonia',	1,	'0000-00-00 00:00:00',	'0000-00-00 00:00:00'),
(58,	'Ethiopia',	1,	'0000-00-00 00:00:00',	'0000-00-00 00:00:00'),
(59,	'Fiji',	1,	'0000-00-00 00:00:00',	'0000-00-00 00:00:00'),
(60,	'Finland',	1,	'0000-00-00 00:00:00',	'0000-00-00 00:00:00'),
(61,	'France',	1,	'0000-00-00 00:00:00',	'0000-00-00 00:00:00'),
(62,	'Gabon',	1,	'0000-00-00 00:00:00',	'0000-00-00 00:00:00'),
(63,	'Gambia, The',	1,	'0000-00-00 00:00:00',	'0000-00-00 00:00:00'),
(64,	'Georgia',	1,	'0000-00-00 00:00:00',	'0000-00-00 00:00:00'),
(65,	'Germany',	1,	'0000-00-00 00:00:00',	'0000-00-00 00:00:00'),
(66,	'Ghana',	1,	'0000-00-00 00:00:00',	'0000-00-00 00:00:00'),
(67,	'Greece',	1,	'0000-00-00 00:00:00',	'0000-00-00 00:00:00'),
(68,	'Grenada',	1,	'0000-00-00 00:00:00',	'0000-00-00 00:00:00'),
(69,	'Guadeloupe',	1,	'0000-00-00 00:00:00',	'0000-00-00 00:00:00'),
(70,	'Guatemala',	1,	'0000-00-00 00:00:00',	'0000-00-00 00:00:00'),
(71,	'Guinea',	1,	'0000-00-00 00:00:00',	'0000-00-00 00:00:00'),
(72,	'Guinea-Bissau',	1,	'0000-00-00 00:00:00',	'0000-00-00 00:00:00'),
(73,	'Guyana',	1,	'0000-00-00 00:00:00',	'0000-00-00 00:00:00'),
(74,	'Haiti',	1,	'0000-00-00 00:00:00',	'0000-00-00 00:00:00'),
(75,	'Holy See',	1,	'0000-00-00 00:00:00',	'0000-00-00 00:00:00'),
(76,	'Honduras',	1,	'0000-00-00 00:00:00',	'0000-00-00 00:00:00'),
(77,	'Hong Kong',	1,	'0000-00-00 00:00:00',	'0000-00-00 00:00:00'),
(78,	'Hungary',	1,	'0000-00-00 00:00:00',	'0000-00-00 00:00:00'),
(79,	'Iceland',	1,	'0000-00-00 00:00:00',	'0000-00-00 00:00:00'),
(80,	'India',	1,	'0000-00-00 00:00:00',	'0000-00-00 00:00:00'),
(81,	'Indonesia',	1,	'0000-00-00 00:00:00',	'0000-00-00 00:00:00'),
(82,	'Iran',	1,	'0000-00-00 00:00:00',	'0000-00-00 00:00:00'),
(83,	'Iraq',	1,	'0000-00-00 00:00:00',	'0000-00-00 00:00:00'),
(84,	'Ireland',	1,	'0000-00-00 00:00:00',	'0000-00-00 00:00:00'),
(85,	'Israel',	1,	'0000-00-00 00:00:00',	'0000-00-00 00:00:00'),
(86,	'Italy',	1,	'0000-00-00 00:00:00',	'0000-00-00 00:00:00'),
(87,	'Ivory Coast',	1,	'0000-00-00 00:00:00',	'0000-00-00 00:00:00'),
(88,	'Jamaica',	1,	'0000-00-00 00:00:00',	'0000-00-00 00:00:00'),
(89,	'Japan',	1,	'0000-00-00 00:00:00',	'0000-00-00 00:00:00'),
(90,	'Jordan',	1,	'0000-00-00 00:00:00',	'0000-00-00 00:00:00'),
(91,	'Kazakhstan',	1,	'0000-00-00 00:00:00',	'0000-00-00 00:00:00'),
(92,	'Kenya',	1,	'0000-00-00 00:00:00',	'0000-00-00 00:00:00'),
(93,	'Kiribati',	1,	'0000-00-00 00:00:00',	'0000-00-00 00:00:00'),
(94,	'Korea, North',	1,	'0000-00-00 00:00:00',	'0000-00-00 00:00:00'),
(95,	'Korea, South',	1,	'0000-00-00 00:00:00',	'0000-00-00 00:00:00'),
(96,	'Kosovo',	1,	'0000-00-00 00:00:00',	'0000-00-00 00:00:00'),
(97,	'Kuwait',	1,	'0000-00-00 00:00:00',	'0000-00-00 00:00:00'),
(98,	'Kyrgyzstan',	1,	'0000-00-00 00:00:00',	'0000-00-00 00:00:00'),
(99,	'Laos',	1,	'0000-00-00 00:00:00',	'0000-00-00 00:00:00'),
(100,	'Latvia',	1,	'0000-00-00 00:00:00',	'0000-00-00 00:00:00'),
(101,	'Lebanon',	1,	'0000-00-00 00:00:00',	'0000-00-00 00:00:00'),
(102,	'Lesotho',	1,	'0000-00-00 00:00:00',	'0000-00-00 00:00:00'),
(103,	'Liberia',	1,	'0000-00-00 00:00:00',	'0000-00-00 00:00:00'),
(104,	'Libya',	1,	'0000-00-00 00:00:00',	'0000-00-00 00:00:00'),
(105,	'Liechtenstein',	1,	'0000-00-00 00:00:00',	'0000-00-00 00:00:00'),
(106,	'Lithuania',	1,	'0000-00-00 00:00:00',	'0000-00-00 00:00:00'),
(107,	'Macau',	1,	'0000-00-00 00:00:00',	'0000-00-00 00:00:00'),
(108,	'Macedonia',	1,	'0000-00-00 00:00:00',	'0000-00-00 00:00:00'),
(109,	'Madagascar',	1,	'0000-00-00 00:00:00',	'0000-00-00 00:00:00'),
(110,	'Malawi',	1,	'0000-00-00 00:00:00',	'0000-00-00 00:00:00'),
(111,	'Malaysia',	1,	'0000-00-00 00:00:00',	'0000-00-00 00:00:00'),
(112,	'Maldives',	1,	'0000-00-00 00:00:00',	'0000-00-00 00:00:00'),
(113,	'Mali',	1,	'0000-00-00 00:00:00',	'0000-00-00 00:00:00'),
(114,	'Malta',	1,	'0000-00-00 00:00:00',	'0000-00-00 00:00:00'),
(115,	'Marshall Islands',	1,	'0000-00-00 00:00:00',	'0000-00-00 00:00:00'),
(116,	'Mauritania',	1,	'0000-00-00 00:00:00',	'0000-00-00 00:00:00'),
(117,	'Mauritius',	1,	'0000-00-00 00:00:00',	'0000-00-00 00:00:00'),
(118,	'Mexico',	1,	'0000-00-00 00:00:00',	'0000-00-00 00:00:00'),
(119,	'Micronesia',	1,	'0000-00-00 00:00:00',	'0000-00-00 00:00:00'),
(120,	'Moldova',	1,	'0000-00-00 00:00:00',	'0000-00-00 00:00:00'),
(121,	'Monaco',	1,	'0000-00-00 00:00:00',	'0000-00-00 00:00:00'),
(122,	'Mongolia',	1,	'0000-00-00 00:00:00',	'0000-00-00 00:00:00'),
(123,	'Montenegro',	1,	'0000-00-00 00:00:00',	'0000-00-00 00:00:00'),
(124,	'Morocco',	1,	'0000-00-00 00:00:00',	'0000-00-00 00:00:00'),
(125,	'Mozambique',	1,	'0000-00-00 00:00:00',	'0000-00-00 00:00:00'),
(126,	'Namibia',	1,	'0000-00-00 00:00:00',	'0000-00-00 00:00:00'),
(127,	'Nauru',	1,	'0000-00-00 00:00:00',	'0000-00-00 00:00:00'),
(128,	'Nepal',	1,	'0000-00-00 00:00:00',	'0000-00-00 00:00:00'),
(129,	'Netherlands',	1,	'0000-00-00 00:00:00',	'0000-00-00 00:00:00'),
(130,	'New Zealand',	1,	'0000-00-00 00:00:00',	'0000-00-00 00:00:00'),
(131,	'Nicaragua',	1,	'0000-00-00 00:00:00',	'0000-00-00 00:00:00'),
(132,	'Niger',	1,	'0000-00-00 00:00:00',	'0000-00-00 00:00:00'),
(133,	'Nigeria',	1,	'0000-00-00 00:00:00',	'0000-00-00 00:00:00'),
(134,	'North Korea',	1,	'0000-00-00 00:00:00',	'0000-00-00 00:00:00'),
(135,	'Norway',	1,	'0000-00-00 00:00:00',	'0000-00-00 00:00:00'),
(136,	'Oman',	1,	'0000-00-00 00:00:00',	'0000-00-00 00:00:00'),
(137,	'Pakistan',	1,	'0000-00-00 00:00:00',	'0000-00-00 00:00:00'),
(138,	'Palau',	1,	'0000-00-00 00:00:00',	'0000-00-00 00:00:00'),
(139,	'Panama',	1,	'0000-00-00 00:00:00',	'0000-00-00 00:00:00'),
(140,	'Papua New Guinea',	1,	'0000-00-00 00:00:00',	'0000-00-00 00:00:00'),
(141,	'Paraguay',	1,	'0000-00-00 00:00:00',	'0000-00-00 00:00:00'),
(142,	'Peru',	1,	'0000-00-00 00:00:00',	'0000-00-00 00:00:00'),
(143,	'Philippines',	1,	'0000-00-00 00:00:00',	'0000-00-00 00:00:00'),
(144,	'Poland',	1,	'0000-00-00 00:00:00',	'0000-00-00 00:00:00'),
(145,	'Portugal',	1,	'0000-00-00 00:00:00',	'0000-00-00 00:00:00'),
(146,	'Qatar',	1,	'0000-00-00 00:00:00',	'0000-00-00 00:00:00'),
(147,	'Romania',	1,	'0000-00-00 00:00:00',	'0000-00-00 00:00:00'),
(148,	'Russia',	1,	'0000-00-00 00:00:00',	'0000-00-00 00:00:00'),
(149,	'Rwanda',	1,	'0000-00-00 00:00:00',	'0000-00-00 00:00:00'),
(150,	'Saint Lucia',	1,	'0000-00-00 00:00:00',	'0000-00-00 00:00:00'),
(151,	'Saint Vincent and the Grenadines',	1,	'0000-00-00 00:00:00',	'0000-00-00 00:00:00'),
(152,	'Samoa',	1,	'0000-00-00 00:00:00',	'0000-00-00 00:00:00'),
(153,	'San Marino',	1,	'0000-00-00 00:00:00',	'0000-00-00 00:00:00'),
(154,	'Sao Tome and Principe',	1,	'0000-00-00 00:00:00',	'0000-00-00 00:00:00'),
(155,	'Saudi Arabia',	1,	'0000-00-00 00:00:00',	'0000-00-00 00:00:00'),
(156,	'Scotland',	1,	'0000-00-00 00:00:00',	'0000-00-00 00:00:00'),
(157,	'Senegal',	1,	'0000-00-00 00:00:00',	'0000-00-00 00:00:00'),
(158,	'Serbia',	1,	'0000-00-00 00:00:00',	'0000-00-00 00:00:00'),
(159,	'Seychelles',	1,	'0000-00-00 00:00:00',	'0000-00-00 00:00:00'),
(160,	'Sierra Leone',	1,	'0000-00-00 00:00:00',	'0000-00-00 00:00:00'),
(161,	'Singapore',	1,	'0000-00-00 00:00:00',	'0000-00-00 00:00:00'),
(162,	'Slovakia',	1,	'0000-00-00 00:00:00',	'0000-00-00 00:00:00'),
(163,	'Slovenia',	1,	'0000-00-00 00:00:00',	'0000-00-00 00:00:00'),
(164,	'Solomon Islands',	1,	'0000-00-00 00:00:00',	'0000-00-00 00:00:00'),
(165,	'Somalia',	1,	'0000-00-00 00:00:00',	'0000-00-00 00:00:00'),
(166,	'South Africa',	1,	'0000-00-00 00:00:00',	'0000-00-00 00:00:00'),
(167,	'South Korea',	1,	'0000-00-00 00:00:00',	'0000-00-00 00:00:00'),
(168,	'Spain',	1,	'0000-00-00 00:00:00',	'0000-00-00 00:00:00'),
(169,	'Sri Lanka',	1,	'0000-00-00 00:00:00',	'0000-00-00 00:00:00'),
(170,	'Sudan',	1,	'0000-00-00 00:00:00',	'0000-00-00 00:00:00'),
(171,	'Suriname',	1,	'0000-00-00 00:00:00',	'0000-00-00 00:00:00'),
(172,	'Swaziland',	1,	'0000-00-00 00:00:00',	'0000-00-00 00:00:00'),
(173,	'Sweden',	1,	'0000-00-00 00:00:00',	'0000-00-00 00:00:00'),
(174,	'Switzerland',	1,	'0000-00-00 00:00:00',	'0000-00-00 00:00:00'),
(175,	'Syria',	1,	'0000-00-00 00:00:00',	'0000-00-00 00:00:00'),
(176,	'Taiwan',	1,	'0000-00-00 00:00:00',	'0000-00-00 00:00:00'),
(177,	'Tajikistan',	1,	'0000-00-00 00:00:00',	'0000-00-00 00:00:00'),
(178,	'Tanzania',	1,	'0000-00-00 00:00:00',	'0000-00-00 00:00:00'),
(179,	'Thailand',	1,	'0000-00-00 00:00:00',	'0000-00-00 00:00:00'),
(180,	'Tibet',	1,	'0000-00-00 00:00:00',	'0000-00-00 00:00:00'),
(181,	'Timor-Leste',	1,	'0000-00-00 00:00:00',	'0000-00-00 00:00:00'),
(182,	'Togo',	1,	'0000-00-00 00:00:00',	'0000-00-00 00:00:00'),
(183,	'Tonga',	1,	'0000-00-00 00:00:00',	'0000-00-00 00:00:00'),
(184,	'Trinidad and Tobago',	1,	'0000-00-00 00:00:00',	'0000-00-00 00:00:00'),
(185,	'Tunisia',	1,	'0000-00-00 00:00:00',	'0000-00-00 00:00:00'),
(186,	'Turkey',	1,	'0000-00-00 00:00:00',	'0000-00-00 00:00:00'),
(187,	'Turkmenistan',	1,	'0000-00-00 00:00:00',	'0000-00-00 00:00:00'),
(188,	'Tuvalu',	1,	'0000-00-00 00:00:00',	'0000-00-00 00:00:00'),
(189,	'Uganda',	1,	'0000-00-00 00:00:00',	'0000-00-00 00:00:00'),
(190,	'Ukraine',	1,	'0000-00-00 00:00:00',	'0000-00-00 00:00:00'),
(191,	'United Arab Emirates',	1,	'0000-00-00 00:00:00',	'0000-00-00 00:00:00'),
(192,	'United Kingdom',	1,	'0000-00-00 00:00:00',	'0000-00-00 00:00:00'),
(193,	'United States',	1,	'0000-00-00 00:00:00',	'0000-00-00 00:00:00'),
(194,	'Uruguay',	1,	'0000-00-00 00:00:00',	'0000-00-00 00:00:00'),
(195,	'Uzbekistan',	1,	'0000-00-00 00:00:00',	'0000-00-00 00:00:00'),
(196,	'Vanuatu',	1,	'0000-00-00 00:00:00',	'0000-00-00 00:00:00'),
(197,	'Venezuela',	1,	'0000-00-00 00:00:00',	'0000-00-00 00:00:00'),
(198,	'Vietnam',	1,	'0000-00-00 00:00:00',	'0000-00-00 00:00:00'),
(199,	'Yemen',	1,	'0000-00-00 00:00:00',	'0000-00-00 00:00:00'),
(200,	'Zambia',	1,	'0000-00-00 00:00:00',	'0000-00-00 00:00:00'),
(201,	'Zimbabwe',	1,	'0000-00-00 00:00:00',	'0000-00-00 00:00:00');

DROP TABLE IF EXISTS `jobs`;
CREATE TABLE `jobs` (
  `id` bigint(20) unsigned NOT NULL AUTO_INCREMENT,
  `user_id` int(10) unsigned NOT NULL,
  `service_id` int(10) unsigned NOT NULL,
  `sp_id` int(11) DEFAULT NULL,
  `q_id` int(11) DEFAULT NULL,
  `title` varchar(255) COLLATE utf8mb4_unicode_ci DEFAULT NULL,
  `details` varchar(255) COLLATE utf8mb4_unicode_ci DEFAULT NULL,
  `location` varchar(255) COLLATE utf8mb4_unicode_ci DEFAULT NULL,
  `latitude` varchar(255) COLLATE utf8mb4_unicode_ci DEFAULT NULL,
  `longitude` varchar(255) COLLATE utf8mb4_unicode_ci DEFAULT NULL,
  `urgent` tinyint(1) NOT NULL,
  `total_price` int(11) DEFAULT NULL COMMENT 'Total Price of Job',
  `status` tinyint(1) NOT NULL DEFAULT 1 COMMENT '0 = Inactive,1 = Active, 2=In-Progress, 3=Completed, 4=Cancelled',
  `sp_job_accept` timestamp NULL DEFAULT NULL COMMENT 'Timestamp for counter - when sp accept job',
  `created_at` timestamp NULL DEFAULT NULL,
  `updated_at` timestamp NULL DEFAULT NULL,
  PRIMARY KEY (`id`)
) ENGINE=InnoDB DEFAULT CHARSET=utf8mb4 COLLATE=utf8mb4_unicode_ci;

INSERT INTO `jobs` (`id`, `user_id`, `service_id`, `sp_id`, `q_id`, `title`, `details`, `location`, `latitude`, `longitude`, `urgent`, `total_price`, `status`, `sp_job_accept`, `created_at`, `updated_at`) VALUES
(231,	106,	4,	108,	NULL,	'Plumbing',	'h',	'Islamabad, Pakistan, gh',	'33.6844202',	'73.04788479999999',	0,	2252,	1,	NULL,	'2021-09-02 18:26:23',	'2021-09-02 18:43:48'),
(232,	106,	4,	108,	NULL,	'Plumbing',	'great',	'Figueres, Spain, hj',	'42.26550659999999',	'2.9581046',	0,	3152,	1,	NULL,	'2021-09-02 18:44:53',	'2021-09-02 18:48:27'),
(233,	106,	8,	111,	NULL,	'Handyman',	'test\nok',	'Islamabad, Pakistan, gh',	'33.6844202',	'73.04788479999999',	1,	6300,	1,	NULL,	'2021-09-02 18:46:02',	'2021-09-02 19:02:21'),
(234,	106,	4,	111,	NULL,	'Plumbing',	'gh',	'Islamabad, Pakistan, hh',	'33.6844202',	'73.04788479999999',	0,	4501,	1,	NULL,	'2021-09-02 18:55:15',	'2021-09-02 19:01:34'),
(235,	109,	4,	110,	NULL,	'Plumbing',	'Test salman',	'Muhammadi St, Nadirabad Lahore, Punjab, Pakistan, Lahore',	'31.4955459',	'74.4067719',	0,	900,	1,	NULL,	'2021-09-02 18:56:29',	'2021-09-02 19:01:17'),
(236,	106,	4,	112,	NULL,	'Plumbing',	'fh',	'Islamabad, Pakistan, hj',	'33.6844202',	'73.04788479999999',	0,	4501,	3,	'2021-09-02 19:13:23',	'2021-09-02 19:04:03',	'2021-09-02 19:15:18'),
(237,	106,	9,	113,	NULL,	'Appliance Repairs',	'app',	'Islamabad, Pakistan, uui',	'33.6844202',	'73.04788479999999',	0,	5400,	3,	'2021-09-02 19:29:22',	'2021-09-02 19:26:05',	'2021-09-02 19:30:08'),
(238,	106,	9,	NULL,	NULL,	'Appliance Repairs',	'app',	'Islamabad, Pakistan, gh',	'33.6844202',	'73.04788479999999',	1,	4500,	0,	NULL,	'2021-09-02 19:31:56',	'2021-09-02 19:31:56'),
(239,	106,	4,	2,	NULL,	'Plumbing',	'hjb',	'Islamabad, Pakistan, jk',	'33.6844202',	'73.04788479999999',	1,	2251,	1,	NULL,	'2021-09-02 19:55:38',	'2021-09-02 22:18:58'),
(240,	52,	8,	NULL,	NULL,	'Handyman',	'yyyyy',	'Islamabad, Pakistan, yy',	'33.6844202',	'73.04788479999999',	0,	5850,	0,	NULL,	'2021-09-02 20:01:40',	'2021-09-02 20:01:40'),
(241,	114,	4,	NULL,	NULL,	'Plumbing',	'test description',	'Muhammadi St, Nadirabad Lahore, Punjab, Pakistan, lahore extension',	'31.4955486',	'74.4067704',	0,	18450,	0,	NULL,	'2021-09-02 21:19:07',	'2021-09-02 21:19:07'),
(242,	114,	4,	2,	NULL,	'Plumbing',	'enter',	'Katherine Street, Sandown, Sandton, South Africa, test',	'-26.1007921',	'28.0733315',	0,	450,	3,	'2021-09-02 21:31:45',	'2021-09-02 21:21:43',	'2021-09-02 21:39:48'),
(243,	118,	4,	119,	NULL,	'Plumbing',	'vn',	'I-8, Islamabad, Pakistan, huhuh',	'33.6665915',	'73.07104919999999',	1,	1350,	3,	'2021-09-03 20:06:49',	'2021-09-03 18:31:43',	'2021-09-03 20:11:05'),
(244,	117,	4,	119,	NULL,	'Plumbing',	'pppp',	'I-8, Islamabad, Pakistan, gh',	'33.6665915',	'73.07104919999999',	1,	2701,	3,	'2021-09-03 19:22:29',	'2021-09-03 18:54:03',	'2021-09-03 19:22:49'),
(245,	7,	4,	2,	NULL,	'Plumbing',	'Test',	'Unnamed Road, Cupertino, CA 95014, USA, Test',	'37.33233141',	'-122.0312186',	1,	1800,	2,	'2021-09-07 11:03:41',	'2021-09-06 14:11:49',	'2021-09-07 11:03:41'),
(246,	7,	4,	NULL,	NULL,	'Tet',	'Ggggg',	'302 Long Avenue, Ferndale, Randburg, South Africa',	'-26.0936765',	'27.9881893',	1,	NULL,	0,	NULL,	'2021-09-06 19:53:23',	'2021-09-06 19:53:23'),
(247,	7,	4,	2,	NULL,	'Plumbing',	'Test',	'Unnamed Road, Cupertino, CA 95014, USA, undefined',	'37.33233141',	'-122.0312186',	1,	450,	5,	NULL,	'2021-09-07 10:17:29',	'2021-09-07 11:00:53'),
(248,	7,	8,	NULL,	NULL,	'Handyman',	'Test',	'Unnamed Road, Cupertino, CA 95014, USA, undefined',	'37.33233141',	'-122.0312186',	1,	4050,	0,	NULL,	'2021-09-09 11:37:24',	'2021-09-09 11:37:24');

DROP TABLE IF EXISTS `jobs_question_options`;
CREATE TABLE `jobs_question_options` (
  `id` bigint(20) unsigned NOT NULL AUTO_INCREMENT,
  `job_id` int(10) unsigned NOT NULL,
  `q_id` int(10) unsigned DEFAULT NULL,
  `q_option_id` int(10) unsigned NOT NULL,
  `quantity` int(10) unsigned NOT NULL,
  `created_at` timestamp NULL DEFAULT NULL,
  `updated_at` timestamp NULL DEFAULT NULL,
  PRIMARY KEY (`id`)
) ENGINE=InnoDB DEFAULT CHARSET=utf8mb4 COLLATE=utf8mb4_unicode_ci;

INSERT INTO `jobs_question_options` (`id`, `job_id`, `q_id`, `q_option_id`, `quantity`, `created_at`, `updated_at`) VALUES
(540,	231,	2,	44,	3,	'2021-09-02 18:26:23',	'2021-09-02 18:26:23'),
(541,	231,	9,	90,	1,	'2021-09-02 18:26:23',	'2021-09-02 18:26:23'),
(542,	231,	9,	91,	1,	'2021-09-02 18:26:23',	'2021-09-02 18:26:23'),
(543,	232,	2,	44,	3,	'2021-09-02 18:44:53',	'2021-09-02 18:44:53'),
(544,	232,	2,	45,	1,	'2021-09-02 18:44:53',	'2021-09-02 18:44:53'),
(545,	233,	16,	92,	2,	'2021-09-02 18:46:02',	'2021-09-02 18:46:02'),
(546,	233,	16,	93,	2,	'2021-09-02 18:46:02',	'2021-09-02 18:46:02'),
(547,	234,	2,	44,	2,	'2021-09-02 18:55:15',	'2021-09-02 18:55:15'),
(548,	234,	2,	45,	2,	'2021-09-02 18:55:15',	'2021-09-02 18:55:15'),
(549,	235,	6,	70,	1,	'2021-09-02 18:56:29',	'2021-09-02 18:56:29'),
(550,	235,	6,	71,	1,	'2021-09-02 18:56:29',	'2021-09-02 18:56:29'),
(551,	236,	2,	44,	2,	'2021-09-02 19:04:03',	'2021-09-02 19:04:03'),
(552,	236,	2,	45,	2,	'2021-09-02 19:04:03',	'2021-09-02 19:04:03'),
(553,	237,	15,	100,	2,	'2021-09-02 19:26:05',	'2021-09-02 19:26:05'),
(554,	237,	15,	101,	2,	'2021-09-02 19:26:05',	'2021-09-02 19:26:05'),
(555,	238,	15,	103,	1,	'2021-09-02 19:31:56',	'2021-09-02 19:31:56'),
(556,	238,	15,	104,	1,	'2021-09-02 19:31:56',	'2021-09-02 19:31:56'),
(557,	238,	15,	106,	1,	'2021-09-02 19:31:56',	'2021-09-02 19:31:56'),
(558,	238,	15,	107,	1,	'2021-09-02 19:31:56',	'2021-09-02 19:31:56'),
(559,	239,	2,	44,	1,	'2021-09-02 19:55:38',	'2021-09-02 19:55:38'),
(560,	239,	2,	45,	1,	'2021-09-02 19:55:38',	'2021-09-02 19:55:38'),
(561,	240,	16,	92,	1,	'2021-09-02 20:01:40',	'2021-09-02 20:01:40'),
(562,	240,	16,	94,	2,	'2021-09-02 20:01:40',	'2021-09-02 20:01:40'),
(563,	240,	16,	95,	5,	'2021-09-02 20:01:40',	'2021-09-02 20:01:40'),
(564,	241,	2,	45,	4,	'2021-09-02 21:19:07',	'2021-09-02 21:19:07'),
(565,	241,	2,	46,	2,	'2021-09-02 21:19:07',	'2021-09-02 21:19:07'),
(566,	241,	2,	47,	3,	'2021-09-02 21:19:07',	'2021-09-02 21:19:07'),
(567,	241,	4,	65,	3,	'2021-09-02 21:19:07',	'2021-09-02 21:19:07'),
(568,	241,	3,	58,	2,	'2021-09-02 21:19:07',	'2021-09-02 21:19:07'),
(569,	241,	3,	59,	3,	'2021-09-02 21:19:07',	'2021-09-02 21:19:07'),
(570,	241,	3,	60,	3,	'2021-09-02 21:19:07',	'2021-09-02 21:19:07'),
(571,	242,	5,	68,	1,	'2021-09-02 21:21:43',	'2021-09-02 21:21:43'),
(572,	243,	9,	86,	1,	'2021-09-03 18:31:43',	'2021-09-03 18:31:43'),
(573,	243,	9,	87,	2,	'2021-09-03 18:31:43',	'2021-09-03 18:31:43'),
(574,	244,	2,	44,	1,	'2021-09-03 18:54:03',	'2021-09-03 18:54:03'),
(575,	244,	2,	45,	1,	'2021-09-03 18:54:03',	'2021-09-03 18:54:03'),
(576,	244,	2,	46,	1,	'2021-09-03 18:54:03',	'2021-09-03 18:54:03'),
(577,	245,	2,	45,	1,	'2021-09-06 14:11:49',	'2021-09-06 14:11:49'),
(578,	247,	3,	59,	1,	'2021-09-07 10:17:29',	'2021-09-07 10:17:29'),
(579,	248,	16,	92,	2,	'2021-09-09 11:37:24',	'2021-09-09 11:37:24'),
(580,	248,	16,	93,	1,	'2021-09-09 11:37:24',	'2021-09-09 11:37:24');

DROP TABLE IF EXISTS `job_images`;
CREATE TABLE `job_images` (
  `id` bigint(20) unsigned NOT NULL AUTO_INCREMENT,
  `job_id` int(10) unsigned NOT NULL,
  `image` varchar(255) COLLATE utf8mb4_unicode_ci DEFAULT NULL,
  `status` tinyint(1) NOT NULL DEFAULT 1,
  `created_at` timestamp NULL DEFAULT NULL,
  `updated_at` timestamp NULL DEFAULT NULL,
  PRIMARY KEY (`id`)
) ENGINE=InnoDB DEFAULT CHARSET=utf8mb4 COLLATE=utf8mb4_unicode_ci;

INSERT INTO `job_images` (`id`, `job_id`, `image`, `status`, `created_at`, `updated_at`) VALUES
(48,	70,	'JobImages20210615-075202am612.png',	1,	'2021-06-15 11:52:02',	'2021-06-15 11:52:02'),
(49,	71,	'JobImages20210615-100925am20.png',	1,	'2021-06-15 14:09:25',	'2021-06-15 14:09:25'),
(50,	72,	'JobImages20210615-101114am123.png',	1,	'2021-06-15 14:11:14',	'2021-06-15 14:11:14'),
(51,	73,	'JobImages20210615-101553am491.jpg',	1,	'2021-06-15 14:15:55',	'2021-06-15 14:15:55'),
(52,	74,	'JobImages20210615-014310pm669.jpeg',	1,	'2021-06-15 17:43:10',	'2021-06-15 17:43:10'),
(53,	75,	'JobImages20210616-055900am729.png',	1,	'2021-06-16 09:59:00',	'2021-06-16 09:59:00'),
(54,	76,	'JobImages20210616-095758am649.jpg',	1,	'2021-06-16 13:57:59',	'2021-06-16 13:57:59'),
(55,	77,	'JobImages20210616-100032am587.jpg',	1,	'2021-06-16 14:00:34',	'2021-06-16 14:00:34'),
(56,	79,	'JobImages20210616-101845am510.jpg',	1,	'2021-06-16 14:18:46',	'2021-06-16 14:18:46'),
(57,	80,	'JobImages20210616-110821am388.png',	1,	'2021-06-16 15:08:21',	'2021-06-16 15:08:21'),
(58,	81,	'JobImages20210616-111700am164.jpg',	1,	'2021-06-16 15:17:05',	'2021-06-16 15:17:05'),
(59,	82,	'JobImages20210616-113640am526.png',	1,	'2021-06-16 15:36:40',	'2021-06-16 15:36:40'),
(60,	83,	'JobImages20210616-114629am416.png',	1,	'2021-06-16 15:46:29',	'2021-06-16 15:46:29'),
(61,	84,	'JobImages20210616-115249am938.png',	1,	'2021-06-16 15:52:49',	'2021-06-16 15:52:49'),
(62,	85,	'JobImages20210616-121819pm255.png',	1,	'2021-06-16 16:18:19',	'2021-06-16 16:18:19'),
(63,	86,	'JobImages20210616-122523pm301.png',	1,	'2021-06-16 16:25:23',	'2021-06-16 16:25:23'),
(64,	87,	'JobImages20210616-020535pm580.jpeg',	1,	'2021-06-16 18:05:35',	'2021-06-16 18:05:35'),
(65,	88,	'JobImages20210616-022552pm544.jpeg',	1,	'2021-06-16 18:25:52',	'2021-06-16 18:25:52'),
(66,	89,	'JobImages20210617-053640am92.png',	1,	'2021-06-17 09:36:40',	'2021-06-17 09:36:40'),
(67,	92,	'JobImages20210617-065858am922.jpg',	1,	'2021-06-17 10:59:00',	'2021-06-17 10:59:00'),
(68,	95,	'JobImages20210617-013546pm921.jpg',	1,	'2021-06-17 17:35:48',	'2021-06-17 17:35:48'),
(69,	96,	'JobImages20210617-014837pm991.jpg',	1,	'2021-06-17 17:48:40',	'2021-06-17 17:48:40'),
(70,	97,	'JobImages20210617-032746pm372.jpeg',	1,	'2021-06-17 19:27:46',	'2021-06-17 19:27:46'),
(71,	98,	'JobImages20210618-063531am815.jpg',	1,	'2021-06-18 10:35:32',	'2021-06-18 10:35:32'),
(72,	99,	'JobImages20210618-065334am748.jpg',	1,	'2021-06-18 10:53:37',	'2021-06-18 10:53:37'),
(73,	100,	'JobImages20210618-070036am214.jpg',	1,	'2021-06-18 11:00:40',	'2021-06-18 11:00:40'),
(74,	101,	'JobImages20210618-070520am122.jpg',	1,	'2021-06-18 11:05:23',	'2021-06-18 11:05:23'),
(75,	102,	'JobImages20210618-071108am34.png',	1,	'2021-06-18 11:11:08',	'2021-06-18 11:11:08'),
(76,	103,	'JobImages20210618-071624am816.png',	1,	'2021-06-18 11:16:24',	'2021-06-18 11:16:24'),
(77,	104,	'JobImages20210618-072021am221.png',	1,	'2021-06-18 11:20:21',	'2021-06-18 11:20:21'),
(78,	105,	'JobImages20210618-072521am277.png',	1,	'2021-06-18 11:25:21',	'2021-06-18 11:25:21'),
(79,	106,	'JobImages20210618-102824am262.jpeg',	1,	'2021-06-18 14:28:25',	'2021-06-18 14:28:25'),
(80,	107,	'JobImages20210618-112020am107.jpeg',	1,	'2021-06-18 15:20:20',	'2021-06-18 15:20:20'),
(81,	108,	'JobImages20210618-114139am664.jpeg',	1,	'2021-06-18 15:41:39',	'2021-06-18 15:41:39'),
(82,	109,	'JobImages20210618-114800am127.jpg',	1,	'2021-06-18 15:48:03',	'2021-06-18 15:48:03'),
(83,	110,	'JobImages20210618-122801pm5.jpg',	1,	'2021-06-18 16:28:02',	'2021-06-18 16:28:02'),
(84,	111,	'JobImages20210618-011906pm890.png',	1,	'2021-06-18 17:19:07',	'2021-06-18 17:19:07'),
(85,	112,	'JobImages20210618-030045pm415.jpeg',	1,	'2021-06-18 19:00:45',	'2021-06-18 19:00:45'),
(86,	113,	'JobImages20210618-040501pm843.jpeg',	1,	'2021-06-18 20:05:01',	'2021-06-18 20:05:01'),
(87,	114,	'JobImages20210618-040737pm417.jpeg',	1,	'2021-06-18 20:07:37',	'2021-06-18 20:07:37'),
(88,	115,	'JobImages20210618-055708pm646.jpeg',	1,	'2021-06-18 21:57:13',	'2021-06-18 21:57:13'),
(89,	116,	'JobImages20210618-060050pm845.jpeg',	1,	'2021-06-18 22:00:50',	'2021-06-18 22:00:50'),
(90,	117,	'JobImages20210618-060614pm995.jpeg',	1,	'2021-06-18 22:06:14',	'2021-06-18 22:06:14'),
(91,	118,	'JobImages20210618-061414pm521.jpeg',	1,	'2021-06-18 22:14:14',	'2021-06-18 22:14:14'),
(92,	119,	'JobImages20210618-062208pm41.jpeg',	1,	'2021-06-18 22:22:08',	'2021-06-18 22:22:08'),
(93,	120,	'JobImages20210618-074901pm932.jpeg',	1,	'2021-06-18 23:49:01',	'2021-06-18 23:49:01'),
(94,	121,	'JobImages20210619-040945am904.jpeg',	1,	'2021-06-19 08:09:45',	'2021-06-19 08:09:45'),
(95,	122,	'JobImages20210621-010315pm835.png',	1,	'2021-06-21 17:03:15',	'2021-06-21 17:03:15'),
(96,	123,	'JobImages20210621-010624pm620.jpeg',	1,	'2021-06-21 17:06:27',	'2021-06-21 17:06:27'),
(97,	125,	'JobImages20210621-020009pm899.jpeg',	1,	'2021-06-21 18:00:09',	'2021-06-21 18:00:09'),
(98,	126,	'JobImages20210621-022440pm211.jpeg',	1,	'2021-06-21 18:24:40',	'2021-06-21 18:24:40'),
(99,	127,	'JobImages20210621-033936pm558.jpeg',	1,	'2021-06-21 19:39:36',	'2021-06-21 19:39:36'),
(100,	129,	'JobImages20210621-035855pm367.jpeg',	1,	'2021-06-21 19:58:55',	'2021-06-21 19:58:55'),
(101,	130,	'JobImages20210622-071226am729.jpg',	1,	'2021-06-22 11:12:29',	'2021-06-22 11:12:29'),
(102,	131,	'JobImages20210622-091738am3.jpeg',	1,	'2021-06-22 13:17:38',	'2021-06-22 13:17:38'),
(103,	134,	'JobImages20210622-114220am768.jpg',	1,	'2021-06-22 15:42:23',	'2021-06-22 15:42:23'),
(104,	139,	'JobImages20210626-121421pm904.jpeg',	1,	'2021-06-26 16:14:21',	'2021-06-26 16:14:21'),
(105,	151,	'JobImages20210824-102749am849.png',	1,	'2021-08-24 14:27:49',	'2021-08-24 14:27:49'),
(106,	152,	'JobImages20210824-103107am328.png',	1,	'2021-08-24 14:31:07',	'2021-08-24 14:31:07'),
(107,	153,	'JobImages20210824-103354am105.png',	1,	'2021-08-24 14:33:54',	'2021-08-24 14:33:54'),
(108,	154,	'JobImages20210824-103703am745.png',	1,	'2021-08-24 14:37:03',	'2021-08-24 14:37:03'),
(109,	155,	'JobImages20210824-103746am183.png',	1,	'2021-08-24 14:37:46',	'2021-08-24 14:37:46'),
(110,	156,	'JobImages20210824-103817am50.png',	1,	'2021-08-24 14:38:17',	'2021-08-24 14:38:17'),
(111,	157,	'JobImages20210824-103956am105.png',	1,	'2021-08-24 14:39:56',	'2021-08-24 14:39:56'),
(112,	158,	'JobImages20210824-105955am541.png',	1,	'2021-08-24 14:59:55',	'2021-08-24 14:59:55'),
(113,	164,	'JobImages20210824-122030pm730.jpg',	1,	'2021-08-24 16:20:30',	'2021-08-24 16:20:30'),
(114,	166,	'JobImages20210824-124013pm625.png',	1,	'2021-08-24 16:40:13',	'2021-08-24 16:40:13'),
(115,	167,	'JobImages20210824-125407pm251.jpg',	1,	'2021-08-24 16:54:07',	'2021-08-24 16:54:07'),
(116,	168,	'JobImages20210824-010152pm138.jpg',	1,	'2021-08-24 17:01:52',	'2021-08-24 17:01:52'),
(117,	169,	'JobImages20210824-010436pm372.jpg',	1,	'2021-08-24 17:04:36',	'2021-08-24 17:04:36'),
(118,	174,	'JobImages20210825-065616am386.jpg',	1,	'2021-08-25 10:56:16',	'2021-08-25 10:56:16'),
(119,	175,	'JobImages20210825-071319am32.jpg',	1,	'2021-08-25 11:13:19',	'2021-08-25 11:13:19'),
(120,	176,	'JobImages20210825-071820am831.jpg',	1,	'2021-08-25 11:18:20',	'2021-08-25 11:18:20'),
(121,	177,	'JobImages20210825-072008am598.jpg',	1,	'2021-08-25 11:20:08',	'2021-08-25 11:20:08'),
(122,	180,	'JobImages20210825-073831am155.jpg',	1,	'2021-08-25 11:38:31',	'2021-08-25 11:38:31'),
(123,	181,	'JobImages20210825-074642am130.jpg',	1,	'2021-08-25 11:46:42',	'2021-08-25 11:46:42'),
(124,	182,	'JobImages20210825-074951am485.jpg',	1,	'2021-08-25 11:49:51',	'2021-08-25 11:49:51'),
(125,	185,	'JobImages20210826-060143am5.png',	1,	'2021-08-26 10:01:43',	'2021-08-26 10:01:43'),
(126,	186,	'JobImages20210826-061126am332.png',	1,	'2021-08-26 10:11:26',	'2021-08-26 10:11:26'),
(127,	187,	'JobImages20210826-062954am394.png',	1,	'2021-08-26 10:29:54',	'2021-08-26 10:29:54'),
(128,	188,	'JobImages20210826-063912am448.jpg',	1,	'2021-08-26 10:39:12',	'2021-08-26 10:39:12'),
(129,	190,	'JobImages20210827-012046pm862.jpeg',	1,	'2021-08-27 17:20:50',	'2021-08-27 17:20:50'),
(130,	191,	'JobImages20210827-012425pm138.jpeg',	1,	'2021-08-27 17:24:28',	'2021-08-27 17:24:28'),
(131,	192,	'JobImages20210827-012730pm145.jpeg',	1,	'2021-08-27 17:27:31',	'2021-08-27 17:27:31'),
(132,	193,	'JobImages20210827-014128pm262.jpeg',	1,	'2021-08-27 17:41:29',	'2021-08-27 17:41:29'),
(133,	207,	'JobImages20210830-060709am637.png',	1,	'2021-08-30 10:07:09',	'2021-08-30 10:07:09'),
(134,	215,	'JobImages20210830-070948am484.png',	1,	'2021-08-30 11:09:48',	'2021-08-30 11:09:48'),
(135,	226,	'JobImages20210831-065333am420.jpg',	1,	'2021-08-31 10:53:36',	'2021-08-31 10:53:36'),
(136,	227,	'JobImages20210831-072713am97.png',	1,	'2021-08-31 11:27:13',	'2021-08-31 11:27:13'),
(137,	228,	'JobImages20210831-073933am325.jpeg',	1,	'2021-08-31 11:39:33',	'2021-08-31 11:39:33'),
(138,	230,	'JobImages20210902-120509pm417.jpeg',	1,	'2021-09-02 16:05:12',	'2021-09-02 16:05:12'),
(139,	247,	'JobImages20210907-061729am343.png',	1,	'2021-09-07 10:17:29',	'2021-09-07 10:17:29'),
(140,	248,	'JobImages20210909-073724am451.png',	1,	'2021-09-09 11:37:24',	'2021-09-09 11:37:24');

DROP TABLE IF EXISTS `job_qrcode`;
CREATE TABLE `job_qrcode` (
  `id` bigint(20) unsigned NOT NULL AUTO_INCREMENT,
  `job_id` int(11) NOT NULL,
  `sp_id` int(11) NOT NULL,
  `user_id` int(11) NOT NULL,
  `qrcode_type` int(11) NOT NULL,
  `qrcode_path` varchar(255) COLLATE utf8mb4_unicode_ci NOT NULL,
  `qrcode_value` varchar(100) COLLATE utf8mb4_unicode_ci NOT NULL,
  `status` tinyint(1) NOT NULL,
  `created_at` timestamp NULL DEFAULT NULL,
  `updated_at` timestamp NULL DEFAULT NULL,
  PRIMARY KEY (`id`)
) ENGINE=InnoDB DEFAULT CHARSET=utf8mb4 COLLATE=utf8mb4_unicode_ci;

INSERT INTO `job_qrcode` (`id`, `job_id`, `sp_id`, `user_id`, `qrcode_type`, `qrcode_path`, `qrcode_value`, `status`, `created_at`, `updated_at`) VALUES
(51,	68,	8,	25,	1,	'temp/test0abe8792ae73068d08bf259c65ddb9d9.png',	'5d25932c8dc4829e8d4db4444eefdec0r8',	1,	'2021-06-15 10:52:26',	'2021-06-15 10:52:26'),
(52,	69,	8,	25,	1,	'temp/tested16d70a8254b54a7da8daa00b38f9c0.png',	'b5dc7b3319d363cfdc1b9937a940899br8',	1,	'2021-06-15 10:52:59',	'2021-06-15 10:52:59'),
(53,	69,	8,	25,	1,	'temp/test8e7d087387385fa11a48d7c8189c1055.png',	'14dcffd0af8695a9fa0f3ffcbda823d4r8',	1,	'2021-06-15 10:53:53',	'2021-06-15 10:53:53'),
(54,	69,	8,	25,	1,	'temp/testb18f5af242690096777bc72c1f54b08b.png',	'6a9f4ecf3fd03b0da2857a3a0d3b958fr8',	1,	'2021-06-15 10:56:06',	'2021-06-15 10:56:06'),
(64,	79,	3,	7,	1,	'temp/testf27cf7f13e7ac5b6334abdff3a2871d8.png',	'09076d415d0b028d70c572c0eb786a53r3',	1,	'2021-06-16 15:06:51',	'2021-06-16 15:06:51'),
(72,	87,	2,	89,	1,	'temp/test09312c239d60fef55cbcc11fcfc308eb.png',	'fd991b5a7d187f21f2b18ea8afd51b89r2',	1,	'2021-06-16 19:57:10',	'2021-06-16 19:57:10'),
(73,	94,	8,	25,	1,	'temp/test31ed0b01482d6b231ca5ecd9ca47435d.png',	'41bde2068bcca1b08e061c5b8df9352er8',	1,	'2021-06-17 11:10:33',	'2021-06-17 11:10:33'),
(74,	86,	3,	7,	1,	'temp/testec848534a0af61f994a8372adafc2b90.png',	'ac6b38332836de65e2b34d962fb66abar3',	1,	'2021-06-17 12:49:42',	'2021-06-17 12:49:42'),
(76,	93,	3,	25,	1,	'temp/testce60f31508e648b1bf15cdc56913644f.png',	'7cea1d5c643602aa880978229df51e86r3',	1,	'2021-06-17 17:43:28',	'2021-06-17 17:43:28'),
(78,	97,	94,	93,	1,	'temp/test057772c6ac294f305cf7eaefc3ac6d84.png',	'e725c89b795af5c7efd0c836f075927br94',	1,	'2021-06-17 19:43:24',	'2021-06-17 19:43:24'),
(79,	92,	3,	7,	1,	'temp/test36f97dd8f7d580e17ccf9d57ade8a021.png',	'5b136475aeccb05d62b1770e429ce836r3',	1,	'2021-06-18 10:16:09',	'2021-06-18 10:16:09'),
(80,	89,	3,	7,	1,	'temp/test1461f47d5a6318d3b9b517f074d2c473.png',	'f6eed5d41fac58abc6a64f1608624099r3',	1,	'2021-06-18 10:22:25',	'2021-06-18 10:22:25'),
(81,	90,	3,	25,	1,	'temp/testd691d1308ea0464bbdb1e19d99e43ce7.png',	'b873616094335f6a744c0653d83c5d4ar3',	1,	'2021-06-18 10:25:40',	'2021-06-18 10:25:40'),
(82,	91,	3,	25,	1,	'temp/test9f82d4c0b7753a0afee26c4c6f0618b2.png',	'1ea9ac97412ffdaae92ae76fa614e926r3',	1,	'2021-06-18 10:28:20',	'2021-06-18 10:28:20'),
(83,	91,	3,	25,	1,	'temp/test544c378e4a12670fbafa8a74b5421137.png',	'36988e76ba1d1ac54c0c4ba3df271d73r3',	1,	'2021-06-18 10:29:54',	'2021-06-18 10:29:54'),
(84,	91,	3,	25,	1,	'temp/testdeee79d4065fb1cfab14ece5412ec0d0.png',	'bbc7567e7b50da3d8745f34086ddaf83r3',	1,	'2021-06-18 10:31:04',	'2021-06-18 10:31:04'),
(85,	98,	3,	7,	1,	'temp/test647a54f7732c7b5ae49a1acc00cb0aba.png',	'cca7aa75083031f4ae89033ee659bf0fr3',	1,	'2021-06-18 10:40:09',	'2021-06-18 10:40:09'),
(86,	99,	3,	7,	1,	'temp/test04c92a7a303022071b0f14dba6bc1a71.png',	'19fe15cead99009c6867d485e20caee7r3',	1,	'2021-06-18 10:55:23',	'2021-06-18 10:55:23'),
(87,	100,	3,	7,	1,	'temp/test6c64870cfc1866bb0aaf273b496861c6.png',	'9922ae6f5321fdc6627786ef03b164efr3',	1,	'2021-06-18 11:02:13',	'2021-06-18 11:02:13'),
(88,	101,	3,	7,	1,	'temp/testeb5eb0933f1325837552a2b63e2efa05.png',	'4823e729753f32101a15e9e37c999234r3',	1,	'2021-06-18 11:08:42',	'2021-06-18 11:08:42'),
(89,	102,	3,	7,	1,	'temp/testa327f722ccb9adda8ef32b1691852e7b.png',	'd954f0c010a2f5e33263dec51d2f92a5r3',	1,	'2021-06-18 11:12:34',	'2021-06-18 11:12:34'),
(90,	103,	3,	7,	1,	'temp/testb9ee59d74f69f9025abeb12bea09d07e.png',	'c88066d1b6503419ef2400e40d8fe8cfr3',	1,	'2021-06-18 11:17:27',	'2021-06-18 11:17:27'),
(91,	104,	3,	7,	1,	'temp/testcc26540691022d67261103d057227073.png',	'c0b021512711b41e546c434f429f14f7r3',	1,	'2021-06-18 11:21:38',	'2021-06-18 11:21:38'),
(92,	105,	3,	7,	1,	'temp/test3fbe6aa772bbb2dfc0194c50f5b47285.png',	'c75a0dbb5bf69ffa59312c00d6b803ccr3',	1,	'2021-06-18 11:26:07',	'2021-06-18 11:26:07'),
(96,	113,	3,	7,	1,	'temp/testde51a036ea26406076cf42fc56951f2b.png',	'7d74cead12ade0da5964ffbb00a504edr3',	1,	'2021-06-18 20:46:35',	'2021-06-18 20:46:35'),
(97,	125,	97,	98,	1,	'temp/testaf0cf2a06ed9bebe8cc4cc724ec040aa.png',	'0cf6ce6a8196a6ad0eaf11fabaa220efr97',	1,	'2021-06-21 18:03:42',	'2021-06-21 18:03:42'),
(98,	129,	99,	98,	1,	'temp/test7153419d2306ed2cca7bb21e17a17372.png',	'105223f5149a09fb0be3ffd1e41b847er99',	1,	'2021-06-21 20:02:16',	'2021-06-21 20:02:16'),
(100,	128,	3,	7,	1,	'temp/test2ce1218f32355a4793d7e44994791a7f.png',	'10011963dcb9957e5ad52be0971e0ff2r3',	1,	'2021-06-21 20:32:02',	'2021-06-21 20:32:02'),
(101,	126,	3,	98,	1,	'temp/test9894aae34518abc79209910eb7f2dfd0.png',	'050b882f935ea10b9047191713b04a93r3',	1,	'2021-06-21 20:37:13',	'2021-06-21 20:37:13'),
(102,	124,	101,	7,	1,	'temp/test1f7f48deb7a0b586a7f5dc8618a9c424.png',	'3d2f608fa95ab5c8289d5cffe6e6eb52r101',	1,	'2021-06-21 20:42:45',	'2021-06-21 20:42:45'),
(103,	121,	103,	7,	1,	'temp/test41509a8616b42db2149c0be708317886.png',	'd488ce09669869ffc50014319d181923r103',	1,	'2021-06-21 20:47:03',	'2021-06-21 20:47:03'),
(104,	123,	3,	7,	1,	'temp/test0e5286b70f6aaed85134923347eca978.png',	'7ebc8d939dff5ecb833b04efba992fe1r3',	1,	'2021-06-22 09:51:39',	'2021-06-22 09:51:39'),
(105,	122,	3,	7,	1,	'temp/test9e1ee0e67e2faf6de29b8114bf6291f8.png',	'4e141aa5c04317c76c028ee0d75c8124r3',	1,	'2021-06-22 10:02:07',	'2021-06-22 10:02:07'),
(106,	106,	104,	69,	1,	'temp/testf5cd03597ef94de5a6acd9d7f4e31ea1.png',	'152b4bc483a63cadff460f81c165036er104',	1,	'2021-06-22 11:03:20',	'2021-06-22 11:03:20'),
(108,	110,	8,	7,	1,	'temp/teste423e2babd4cc533932426ee0d3e7e35.png',	'ae71e5f37eca2d4ca0200d3c144160c7r8',	1,	'2021-06-22 12:27:49',	'2021-06-22 12:27:49'),
(110,	120,	3,	7,	1,	'temp/testd29a2b775c4e1e5b509c61a3786d6be2.png',	'eb9be09b940ffc8c86e47342947c238cr3',	1,	'2021-06-22 12:34:27',	'2021-06-22 12:34:27'),
(111,	132,	3,	7,	1,	'temp/test714710dfc10accfb038885b041758eb7.png',	'8c44f67a7d13a32c412f7bc31fd4f30er3',	1,	'2021-06-22 15:09:06',	'2021-06-22 15:09:06'),
(121,	230,	3,	7,	1,	'temp/testcac2f877ee0c9d5db9cab317a8e04ccc.png',	'47f1797835591d2dc19e061f0c5ea87ar3',	1,	'2021-09-02 16:07:37',	'2021-09-02 16:07:37'),
(122,	231,	108,	106,	1,	'temp/test4075c2c6d893fb1b5153239ec807b432.png',	'1ffadc6c6c59a0a11dfe8d63961475aer108',	1,	'2021-09-02 18:43:49',	'2021-09-02 18:43:49'),
(123,	232,	108,	106,	1,	'temp/test88054bcbd74399431a3d7f0afad2eea7.png',	'827fa7572a9f228840f51d5ef4c78c8cr108',	1,	'2021-09-02 18:48:27',	'2021-09-02 18:48:27'),
(124,	235,	110,	109,	1,	'temp/test29ad8b9e4a3f873433b355c3f5e8e175.png',	'daaa09a83bdfe2a46cdeaa4b763739b9r110',	1,	'2021-09-02 19:01:17',	'2021-09-02 19:01:17'),
(125,	234,	111,	106,	1,	'temp/test7c400bc790b251ec89e05e91644935b1.png',	'9737998eadde4ee9d57d568305d24cd4r111',	1,	'2021-09-02 19:01:35',	'2021-09-02 19:01:35'),
(126,	233,	111,	106,	1,	'temp/testf6e4c97519cc99d2f8f7ff5b5c339123.png',	'2807e04756c1ca4e580c05b9faa82518r111',	1,	'2021-09-02 19:02:21',	'2021-09-02 19:02:21'),
(130,	239,	2,	106,	1,	'temp/test7717c3cedbb9373b78c38e732ce88669.png',	'e1e2f311df45513e3ee76e77a983f49br2',	1,	'2021-09-02 22:18:58',	'2021-09-02 22:18:58'),
(133,	247,	2,	7,	1,	'temp/test26ffa0ec8deda3f52b3bcc815e6173af.png',	'8bcd34fa88f2067092eeb18139117127r2',	1,	'2021-09-07 10:32:38',	'2021-09-07 10:32:38');

DROP TABLE IF EXISTS `job_questions`;
CREATE TABLE `job_questions` (
  `id` bigint(20) unsigned NOT NULL AUTO_INCREMENT,
  `job_id` int(10) unsigned NOT NULL,
  `q_id` int(10) unsigned NOT NULL,
  `created_at` timestamp NULL DEFAULT NULL,
  `updated_at` timestamp NULL DEFAULT NULL,
  PRIMARY KEY (`id`)
) ENGINE=InnoDB DEFAULT CHARSET=utf8mb4 COLLATE=utf8mb4_unicode_ci;

INSERT INTO `job_questions` (`id`, `job_id`, `q_id`, `created_at`, `updated_at`) VALUES
(118,	231,	2,	'2021-09-02 18:26:23',	'2021-09-02 18:26:23'),
(119,	231,	9,	'2021-09-02 18:26:23',	'2021-09-02 18:26:23'),
(120,	232,	2,	'2021-09-02 18:44:53',	'2021-09-02 18:44:53'),
(121,	233,	16,	'2021-09-02 18:46:02',	'2021-09-02 18:46:02'),
(122,	234,	2,	'2021-09-02 18:55:15',	'2021-09-02 18:55:15'),
(123,	235,	6,	'2021-09-02 18:56:29',	'2021-09-02 18:56:29'),
(124,	236,	2,	'2021-09-02 19:04:03',	'2021-09-02 19:04:03'),
(125,	237,	15,	'2021-09-02 19:26:05',	'2021-09-02 19:26:05'),
(126,	238,	15,	'2021-09-02 19:31:56',	'2021-09-02 19:31:56'),
(127,	239,	2,	'2021-09-02 19:55:38',	'2021-09-02 19:55:38'),
(128,	240,	16,	'2021-09-02 20:01:40',	'2021-09-02 20:01:40'),
(129,	241,	2,	'2021-09-02 21:19:07',	'2021-09-02 21:19:07'),
(130,	241,	4,	'2021-09-02 21:19:07',	'2021-09-02 21:19:07'),
(131,	241,	3,	'2021-09-02 21:19:07',	'2021-09-02 21:19:07'),
(132,	242,	5,	'2021-09-02 21:21:43',	'2021-09-02 21:21:43'),
(133,	243,	9,	'2021-09-03 18:31:43',	'2021-09-03 18:31:43'),
(134,	244,	2,	'2021-09-03 18:54:03',	'2021-09-03 18:54:03'),
(135,	245,	2,	'2021-09-06 14:11:49',	'2021-09-06 14:11:49'),
(136,	247,	3,	'2021-09-07 10:17:29',	'2021-09-07 10:17:29'),
(137,	248,	16,	'2021-09-09 11:37:24',	'2021-09-09 11:37:24');

DROP TABLE IF EXISTS `job_requests`;
CREATE TABLE `job_requests` (
  `id` bigint(20) unsigned NOT NULL AUTO_INCREMENT,
  `job_id` int(10) unsigned NOT NULL,
  `user_id` int(10) unsigned NOT NULL,
  `description` varchar(255) COLLATE utf8mb4_unicode_ci DEFAULT NULL,
  `price` varchar(255) COLLATE utf8mb4_unicode_ci DEFAULT NULL,
  `status` tinyint(1) NOT NULL DEFAULT 1,
  `created_at` timestamp NULL DEFAULT NULL,
  `updated_at` timestamp NULL DEFAULT NULL,
  PRIMARY KEY (`id`)
) ENGINE=InnoDB DEFAULT CHARSET=utf8mb4 COLLATE=utf8mb4_unicode_ci;

INSERT INTO `job_requests` (`id`, `job_id`, `user_id`, `description`, `price`, `status`, `created_at`, `updated_at`) VALUES
(9,	1,	3,	'Here\'s the description',	NULL,	1,	'2021-06-15 10:52:35',	'2021-06-15 10:52:35');

DROP TABLE IF EXISTS `main_category`;
CREATE TABLE `main_category` (
  `id` bigint(20) unsigned NOT NULL AUTO_INCREMENT,
  `category_name` varchar(255) COLLATE utf8mb4_unicode_ci NOT NULL,
  `image` varchar(255) COLLATE utf8mb4_unicode_ci DEFAULT NULL,
  `status` tinyint(1) NOT NULL DEFAULT 1,
  `created_at` timestamp NULL DEFAULT NULL,
  `updated_at` timestamp NULL DEFAULT NULL,
  PRIMARY KEY (`id`)
) ENGINE=InnoDB DEFAULT CHARSET=utf8mb4 COLLATE=utf8mb4_unicode_ci;


DROP TABLE IF EXISTS `migrations`;
CREATE TABLE `migrations` (
  `id` int(10) unsigned NOT NULL AUTO_INCREMENT,
  `migration` varchar(255) COLLATE utf8mb4_unicode_ci NOT NULL,
  `batch` int(11) NOT NULL,
  PRIMARY KEY (`id`)
) ENGINE=InnoDB DEFAULT CHARSET=utf8mb4 COLLATE=utf8mb4_unicode_ci;

INSERT INTO `migrations` (`id`, `migration`, `batch`) VALUES
(1,	'2021_03_11_104120_create_questions',	1),
(2,	'2021_03_11_104422_create_question_options',	1),
(3,	'2021_03_11_104602_create_main_category',	1),
(4,	'2021_03_11_104615_create_sub_category',	1),
(5,	'2021_03_11_104640_create_mobileemailotp',	1),
(6,	'2021_03_11_104656_create_user_roles',	1),
(7,	'2021_03_11_104735_create_user_ratings',	1),
(8,	'2021_03_11_104803_create_jobs',	1),
(9,	'2021_03_11_104829_create_job_requests',	1),
(10,	'2021_03_11_105251_create_mobilesessions',	1),
(11,	'2021_03_11_105323_create_user_details',	1),
(12,	'2021_03_11_105411_create_job_images',	1),
(13,	'2021_03_11_105670_create_users',	1),
(14,	'2021_03_11_113005_create_country',	1),
(15,	'2021_03_11_135214_create_jobs_question_options',	1),
(16,	'2021_03_12_064249_create_classification',	1),
(17,	'2021_03_12_064327_create_activities',	1),
(18,	'2021_03_12_064404_create_retail_product_offered',	1),
(19,	'2021_03_12_070526_create_activities_question_option',	1),
(20,	'2021_03_16_112400_create_classification_question_option_table',	1),
(21,	'2021_03_18_071204_create_job_question_option_table',	1),
(22,	'2021_03_29_115546_create_services_table',	1);

DROP TABLE IF EXISTS `mobileemailotp`;
CREATE TABLE `mobileemailotp` (
  `id` bigint(20) unsigned NOT NULL AUTO_INCREMENT,
  `user_id` int(10) unsigned NOT NULL,
  `tokenforemail` varchar(255) COLLATE utf8mb4_unicode_ci DEFAULT NULL,
  `expiry_date` varchar(255) COLLATE utf8mb4_unicode_ci DEFAULT NULL,
  `status` tinyint(1) NOT NULL DEFAULT 1,
  `created_at` timestamp NULL DEFAULT NULL,
  `updated_at` timestamp NULL DEFAULT NULL,
  PRIMARY KEY (`id`)
) ENGINE=InnoDB DEFAULT CHARSET=utf8mb4 COLLATE=utf8mb4_unicode_ci;

DROP TABLE IF EXISTS `mobilesessions`;
CREATE TABLE `mobilesessions` (
  `id` bigint(20) unsigned NOT NULL AUTO_INCREMENT,
  `user_id` int(10) unsigned NOT NULL,
  `remember_token` varchar(255) COLLATE utf8mb4_unicode_ci DEFAULT NULL,
  `expiry_date` varchar(255) COLLATE utf8mb4_unicode_ci DEFAULT NULL,
  `status` tinyint(1) NOT NULL DEFAULT 1,
  `created_at` timestamp NULL DEFAULT NULL,
  `updated_at` timestamp NULL DEFAULT NULL,
  PRIMARY KEY (`id`)
) ENGINE=InnoDB DEFAULT CHARSET=utf8mb4 COLLATE=utf8mb4_unicode_ci;

DROP TABLE IF EXISTS `userroles`;
CREATE TABLE `userroles` (
  `id` bigint(20) unsigned NOT NULL AUTO_INCREMENT,
  `role_name` varchar(255) COLLATE utf8mb4_unicode_ci NOT NULL,
  `status` tinyint(1) NOT NULL DEFAULT 1,
  `created_at` timestamp NULL DEFAULT NULL,
  `updated_at` timestamp NULL DEFAULT NULL,
  PRIMARY KEY (`id`)
) ENGINE=InnoDB DEFAULT CHARSET=utf8mb4 COLLATE=utf8mb4_unicode_ci;

INSERT INTO `userroles` (`id`, `role_name`, `status`, `created_at`, `updated_at`) VALUES
(1,	'superadmin',	1,	'2021-03-29 07:14:36',	'2021-03-29 07:14:36'),
(2,	'user',	1,	'2021-03-29 07:14:36',	'2021-03-29 07:14:36'),
(3,	'merchant',	1,	'2021-03-29 07:14:36',	'2021-03-29 07:14:36'),
(4,	'organization',	1,	'2021-04-09 06:48:18',	'2021-04-09 06:48:18');

DROP TABLE IF EXISTS `users`;
CREATE TABLE `users` (
  `id` int(10) unsigned NOT NULL AUTO_INCREMENT,
  `email` varchar(255) COLLATE utf8mb4_unicode_ci NOT NULL,
  `phone` varchar(255) COLLATE utf8mb4_unicode_ci DEFAULT NULL,
  `username` varchar(255) COLLATE utf8mb4_unicode_ci NOT NULL,
  `role_id` int(10) unsigned NOT NULL,
  `status` tinyint(1) NOT NULL DEFAULT 1,
  `email_verified_at` timestamp NULL DEFAULT NULL,
  `password` varchar(255) COLLATE utf8mb4_unicode_ci NOT NULL,
  `organization` int(11) DEFAULT NULL,
  `remember_token` varchar(100) COLLATE utf8mb4_unicode_ci DEFAULT NULL,
  `created_at` timestamp NULL DEFAULT NULL,
  `updated_at` timestamp NULL DEFAULT NULL,
  PRIMARY KEY (`id`)
) ENGINE=InnoDB DEFAULT CHARSET=utf8mb4 COLLATE=utf8mb4_unicode_ci;

INSERT INTO `users` (`id`, `email`, `phone`, `username`, `role_id`, `status`, `email_verified_at`, `password`, `organization`, `remember_token`, `created_at`, `updated_at`) VALUES
(1,	'admin@admin.com',	NULL,	'admin',	1,	1,	NULL,	'$2y$10$dJEfFaVZEPwvyLvM5dOGXuT7aj.wTEYRs9su7tPkUqHCpozsqu5Om',	NULL,	NULL,	'2021-03-29 07:14:36',	'2021-03-29 07:14:36'),
(119,	'sp@sp.com',	'+1-3',	'sps',	3,	1,	NULL,	'$2y$10$SXTCVvLNF2ZxlyZUrCs7WOwYkRfluFd1bvORSwVwAi/GPe65L0po.',	NULL,	NULL,	'2021-09-03 19:18:44',	'2021-09-03 19:18:44');

DROP TABLE IF EXISTS `user_details`;
CREATE TABLE `user_details` (
  `id` bigint(20) unsigned NOT NULL AUTO_INCREMENT,
  `user_id` int(10) unsigned NOT NULL,
  `first_name` varchar(255) COLLATE utf8mb4_unicode_ci DEFAULT NULL,
  `last_name` varchar(255) COLLATE utf8mb4_unicode_ci DEFAULT NULL,
  `profile_image` varchar(255) COLLATE utf8mb4_unicode_ci DEFAULT NULL,
  `birthday` varchar(255) COLLATE utf8mb4_unicode_ci DEFAULT NULL,
  `gender` varchar(255) COLLATE utf8mb4_unicode_ci DEFAULT NULL,
  `location` varchar(255) COLLATE utf8mb4_unicode_ci DEFAULT NULL,
  `phone` varchar(255) COLLATE utf8mb4_unicode_ci DEFAULT NULL,
  `phone_verified` tinyint(1) NOT NULL DEFAULT 0,
  `email_verified` tinyint(1) NOT NULL DEFAULT 0,
  `language` varchar(255) COLLATE utf8mb4_unicode_ci DEFAULT NULL,
  `country_id` int(11) DEFAULT NULL,
  `status` tinyint(1) NOT NULL DEFAULT 1,
  `remember_token` varchar(100) COLLATE utf8mb4_unicode_ci DEFAULT NULL,
  `created_at` timestamp NULL DEFAULT NULL,
  `updated_at` timestamp NULL DEFAULT NULL,
  PRIMARY KEY (`id`)
) ENGINE=InnoDB DEFAULT CHARSET=utf8mb4 COLLATE=utf8mb4_unicode_ci;

INSERT INTO `user_details` (`id`, `user_id`, `first_name`, `last_name`, `profile_image`, `birthday`, `gender`, `location`, `phone`, `phone_verified`, `email_verified`, `language`, `country_id`, `status`, `remember_token`, `created_at`, `updated_at`) VALUES
(1,	1,	'Super',	'Admin',	NULL,	NULL,	NULL,	NULL,	NULL,	0,	0,	NULL,	92,	1,	NULL,	'2021-03-29 07:14:36',	'2021-03-29 07:14:36'),
(119,	119,	'sp',	NULL,	NULL,	NULL,	NULL,	NULL,	NULL,	0,	0,	NULL,	NULL,	1,	NULL,	'2021-09-03 19:18:44',	'2021-09-03 19:18:44');

DROP TABLE IF EXISTS `user_location`;
CREATE TABLE `user_location` (
  `id` bigint(20) unsigned NOT NULL AUTO_INCREMENT,
  `user_id` int(11) NOT NULL,
  `job_id` bigint(20) unsigned NOT NULL,
  `latitude` varchar(255) COLLATE utf8mb4_unicode_ci NOT NULL,
  `longitude` varchar(255) COLLATE utf8mb4_unicode_ci NOT NULL,
  `created_at` timestamp NULL DEFAULT NULL,
  `updated_at` timestamp NULL DEFAULT NULL,
  PRIMARY KEY (`id`),
  KEY `job_id` (`job_id`),
  CONSTRAINT `user_location_ibfk_1` FOREIGN KEY (`job_id`) REFERENCES `jobs` (`id`) ON DELETE CASCADE
) ENGINE=InnoDB DEFAULT CHARSET=utf8mb4 COLLATE=utf8mb4_unicode_ci;

INSERT INTO `user_location` (`id`, `user_id`, `job_id`, `latitude`, `longitude`, `created_at`, `updated_at`) VALUES
(104,	108,	231,	'31.5203696',	'74.35874729999999',	'2021-09-02 18:43:48',	'2021-09-02 18:43:48'),
(105,	108,	232,	'33.6834522',	'72.9886954',	'2021-09-02 18:48:27',	'2021-09-02 18:48:27'),
(106,	108,	233,	'33.6834243',	'72.9887272',	'2021-09-02 18:51:51',	'2021-09-02 18:51:51'),
(107,	108,	235,	'33.6834348',	'72.9887167',	'2021-09-02 18:57:25',	'2021-09-02 18:57:25'),
(108,	110,	235,	'31.4955504',	'74.4067685',	'2021-09-02 19:01:18',	'2021-09-02 19:01:18'),
(109,	111,	234,	'33.683451',	'72.9887303',	'2021-09-02 19:01:34',	'2021-09-02 19:01:34'),
(110,	111,	233,	'33.6834094',	'72.9887211',	'2021-09-02 19:02:21',	'2021-09-02 19:02:21'),
(111,	112,	236,	'31.495551',	'74.4067665',	'2021-09-02 19:08:22',	'2021-09-02 19:08:22'),
(112,	113,	237,	'33.6834173',	'72.9887128',	'2021-09-02 19:26:17',	'2021-09-02 19:26:17'),
(113,	2,	242,	'37.33233141',	'-122.0312186',	'2021-09-02 21:25:46',	'2021-09-02 21:25:46'),
(114,	2,	239,	'31.4955464',	'74.4067683',	'2021-09-02 22:18:58',	'2021-09-02 22:18:58'),
(115,	119,	244,	'31.5203696',	'74.35874729999999',	'2021-09-03 19:19:17',	'2021-09-03 19:19:17'),
(116,	119,	243,	'31.5203696',	'74.35874729999999',	'2021-09-03 20:06:22',	'2021-09-03 20:06:22'),
(117,	2,	247,	'37.33233141',	'-122.0312186',	'2021-09-07 10:32:38',	'2021-09-07 10:32:38'),
(118,	2,	245,	'31.5144166',	'74.344761',	'2021-09-07 11:03:09',	'2021-09-07 11:03:09'),
(119,	2,	248,	'37.33233141',	'-122.0312186',	'2021-09-09 11:43:05',	'2021-09-09 11:43:05'),
(120,	2,	240,	'37.33233141',	'-122.0312186',	'2021-09-09 11:43:25',	'2021-09-09 11:43:25');
